fecha,credito_mn,credito_me,ratio_dolarizacion,tipo_cambio,tasa_mn,tasa_me,diferencial_tasas,variacion_tc,volatilidad_cambiaria
Ene.2003,10474.082867,9483.371922,75.9084769736906,3.49349128787879,20.2908612102567,10.128267945797,10.1625932644597,,
Feb.2003,10872.862633,9451.345288,75.1554339964889,3.483975,19.9519025283988,10.5990035164658,9.352899011933001,-0.2724005040976585,
Mar.2003,11086.4202,9426.605872,74.6866557922604,3.47931666666667,20.3233628787636,10.4195015171476,9.903861361616,-0.13370742710064887,
Abr.2003,11437.2222,9524.010871,74.2348615620738,3.46447895833333,20.0406113967805,10.4637893370088,9.576822059771699,-0.4264546678228953,
May.2003,11527.033067,9441.336856,74.1382313277375,3.48157380952381,19.788,10.10097,9.68703,0.4934320974691042,
Jun.2003,11460.408588,9438.686297,74.0788924029728,3.4785619047619,20.6996061634278,9.62528834133141,11.074317822096388,-0.08650986383430537,
Jul.2003,11494.699905,9349.060326,73.8375914915597,3.47102142857143,21.065090555659,9.28981023440658,11.77528032125242,-0.21676992955473873,
Ago.2003,11517.658207,9346.03402,73.8483817508067,3.48031547619048,21.5678262148134,9.02058422695513,12.547241987858271,0.267761170891867,
Sep.2003,11537.750513,9269.178478,73.6547906205884,3.48089772727273,21.9902186667481,8.92564938239351,13.064569284354588,0.01672983631033631,
Oct.2003,11537.1242,9284.216389,73.6314525329844,3.47817727272727,21.9101541648958,8.98231949593102,12.927834668964781,-0.07815382003744098,
Nov.2003,11871.564867,9317.144291,73.1989975644876,3.477635,22.2842521455174,9.03913043643414,13.245121709083259,-0.015590715617697093,
Dic.2003,11982.531333,9312.168883,72.8918170786231,3.47117619047619,22.2760937300444,9.33303706781743,12.94305666222697,-0.18572419255642458,
Ene.2004,11889.609437,9193.084329,73.0182678497342,3.46735238095238,23.6764944144547,9.43921059008779,14.237283824366912,-0.11015890044134835,0.2431382515818806
Feb.2004,11900.714433,9100.52688,72.6291637579861,3.48477,24.1130381784337,9.21697498637388,14.89606319205982,0.5023319563163708,0.28202529562716233
Mar.2004,11998.4962,9142.361096,72.5001073497595,3.46509130434783,24.52871,9.25645,15.272260000000001,-0.5647057238259645,0.3250746318666909
Abr.2004,12009.4612,9258.605427,72.8473390901828,3.46989,24.2267514394757,9.06434035954549,15.162411079930209,0.13848684581987403,0.3031874443225787
May.2004,12077.16915,9437.701801,73.1706394687341,3.48739047619048,24.38548,8.86387,15.52161,0.5043524777580854,0.30477143073304724
Jun.2004,12154.32025,9523.676136,73.1107892778298,3.4770619047619,25.056,8.635666667,16.420333333000002,-0.2961690553179075,0.31684852899876165
Jul.2004,12244.0352,9575.823609,72.7870125889459,3.440715,25.0171427735071,8.61,16.4071427735071,-1.0453338409684987,0.43564507679895714
Ago.2004,12363.46125,9466.074031,72.0090341776012,3.39494285714286,25.1177419,8.8341935,16.2835484,-1.3303090449845456,0.5512101482856097
Sep.2004,12578.36245,9352.689857,71.2929912373642,3.35744090909091,25.0843,9.147,15.937299999999999,-1.1046415103290186,0.6027789387367155
Oct.2004,13002.48175,9298.684788,70.3641163427495,3.320635,24.9516,9.249677,15.701922999999999,-1.0962489016932864,0.6394335456588945
Nov.2004,13138.33235,9401.130703,70.3129291134634,3.30983333333333,24.581,9.314333,15.266667,-0.3252891891662224,0.6293992844578602
Dic.2004,13371.58095,9522.924215,70.0234286454803,3.28129047619048,25.35651,9.1890242,16.1674858,-0.8623653902870232,0.6377875488934748
Ene.2005,13353.80765,9557.673948,69.9994153601708,3.26785714285714,26.2773405462592,9.34983466421238,16.92750588204682,-0.40939177530348037,0.6283976505806285
Feb.2005,13477.5261,9549.156852,69.7866002876352,3.25876,26.21,9.55,16.66,-0.2783825136611129,0.5520028071395721
Mar.2005,13852.0358,9597.282885,69.3126095507655,3.25928095238095,26.2442891488184,9.61679403929501,16.627495109523387,0.015986215031182915,0.5760821024000585
Abr.2005,14044.18,9811.929086,69.4897807939056,3.25795,25.9467750925842,9.61512281409467,16.33165227848953,-0.04083576716445991,0.5599021027652823
May.2005,14320.90755,10008.276525,69.4309964661591,3.25499047619048,25.7359313355475,9.63960622996536,16.096325105582142,-0.0908400622943839,0.48156121045633277
Jun.2005,14458.7862,10164.665953,69.5565729247655,3.25299523809524,25.9918668608436,9.9,16.091866860843602,-0.061297816685945694,0.4982736696569711
Jul.2005,14733.0807,10226.354739,69.2860753374934,3.25213157894737,25.9798262755594,9.86968089574551,16.11014537981389,-0.02654965914968832,0.4934212588168705
Ago.2005,15253.97995,9987.000181,68.2283815089017,3.25767272727273,25.7,9.92,15.78,0.170385120984351,0.4424041443228793
Sep.2005,15622.3932,9865.634071,67.8376944202896,3.30762727272727,25.59,10.01,15.58,1.5334427254256822,0.6403867632845495
Oct.2005,16291.14915,9878.471551,67.2080846226593,3.38044761904762,24.61,10.14,14.469999999999999,2.2015886409204377,0.8559258506256575
Nov.2005,17066.1194,10072.286088,66.8055798888051,3.37676190476191,24.49,10.28,14.209999999999999,-0.1090303622793165,0.8471903248281217
Dic.2005,18123.96535,10054.104575,65.5500429058178,3.42449047619048,23.63,10.41,13.219999999999999,1.4134420126353353,0.8497475406474093
Ene.2006,18276.152116,9617.587447,63.5282011116693,3.39319545454545,24.14,10.6,13.540000000000001,-0.9138592109575239,0.9021288612846663
Feb.2006,18793.45038,9729.626919,63.0078755908341,3.288465,24.08,10.63,13.449999999999998,-3.086484582111404,1.3324281237380748
Mar.2006,19341.02803,9823.287407,63.0524635640637,3.34001739130435,24.28,10.62,13.660000000000002,1.5676734070257714,1.3988813420129236
Abr.2006,19553.08091,9805.407203,62.4044128932749,3.3313,24.26,10.49,13.770000000000001,-0.260998380638533,1.4039496767552309
May.2006,19771.531283,10067.508488,62.6202064220892,3.27853636363636,24.38,10.56,13.819999999999999,-1.5838752548146373,1.49478251160073
Jun.2006,20139.985486,10256.572618,62.4088574594285,3.26390952380952,24.34467,10.55233,13.792340000000001,-0.4461393196388608,1.5019752346189794
Jul.2006,20452.645674,10285.874065,61.9689986667959,3.243425,24.14,10.659,13.481,-0.6276069743995749,1.51430590064338
Ago.2006,20867.0377,10229.692693,61.3653807660677,3.23479090909091,24.05,10.67,13.38,-0.2662028845769493,1.5147757504409387
Sep.2006,21345.13994,10489.403743,61.4956803475372,3.24791428571429,23.89,10.64,13.25,0.4056947417064638,1.4409122478363758
Oct.2006,22089.322414,10486.554473,60.3787230370205,3.23740909090909,23.42,10.73,12.690000000000001,-0.3234443363055006,1.2375544357191661
Nov.2006,22933.911298,10670.767437,59.9713785349052,3.22249047619048,23.14,10.72,12.42,-0.4608195720615771,1.2354257550372845
Dic.2006,23707.992043,10412.056052,58.4264116585272,3.20508947368421,23.08,10.8,12.279999999999998,-0.5399861577509046,1.0984638613682651
Ene.2007,23818.740752,10416.520955,58.3235858700271,3.19266363636364,23.75,10.72,13.03,-0.38769080933914735,1.0928745600278456
Feb.2007,24398.217741,10480.24972,57.8106046879486,3.19029,23.57,10.67,12.9,-0.07434658435686581,0.7310192108371664
Mar.2007,25189.056776,10687.677516,57.4335683911741,3.18557727272727,23.4,10.65,12.749999999999998,-0.14772096808535196,0.4612468320620013
Abr.2007,26161.538722,10830.794764,56.7543262414039,3.17824210526316,22.7813333333333,10.6,12.181333333333301,-0.2302617967207654,0.46212955081351803
May.2007,26809.889341,11004.693752,56.544306790194,3.16761818181818,22.13,10.63,11.499999999999998,-0.334270426642036,0.2692316349775913
Jun.2007,27652.785753,11570.522174,57.0150640356816,3.170315,22.41,10.58,11.83,0.08513709756117205,0.2838036664723412
Jul.2007,28411.718658,11728.730036,56.6064403084941,3.16092272727273,23.2684,10.4519,12.8165,-0.29625676714364335,0.2577797413240119
Ago.2007,29009.644151,11876.812712,56.4029428463545,3.15747272727273,22.86484,10.43097,12.43387,-0.109145344498085,0.25888306873455014
Sep.2007,30111.766563,12199.214246,55.5921715964721,3.135545,22.5383333333333,10.534,12.004333333333298,-0.6944708368604058,0.21565807144846474
Oct.2007,30623.251842,12464.10408,54.9761113425739,3.01942727272727,22.75742,10.45542,12.302,-3.703270955216076,1.008608946018193
Nov.2007,31844.906011,13361.921495,55.7283342537856,3.00089047619048,22.543,10.406,12.136999999999999,-0.6139176361100729,1.0080093889282733
Dic.2007,32848.603332,13767.288374,55.70007308534,2.98104,22.28445,10.4529,11.83155,-0.6614861937807026,1.0081024181059461
Ene.2008,33578.929511,13963.260929,54.9223376306174,2.95016818181818,23.25774,10.30903,12.948709999999998,-1.0356056336654262,1.013192857120111
Feb.2008,34366.342206,14058.891793,54.1760960696003,2.90505714285714,23.3324137931035,10.1520689655172,13.180344827586298,-1.5291005861651663,1.0248482396432799
Mar.2008,35294.282244,14161.54029,52.4582613243031,2.81029473684211,23.8580645,10.2983870967742,13.559677403225802,-3.261980792633601,1.2266809954402578
Abr.2008,36824.780775,14263.610271,52.4694776690476,2.74765011303739,23.8103333333333,10.487,13.3233333333333,-2.229112234509356,1.2435046650885113
May.2008,38053.709666,14437.06349,51.8642412023148,2.8045,23.5655,10.76677,12.79873,2.06903661761233,1.5509092457983282
Jun.2008,39515.886319,14629.775575,52.3711713074277,2.89227619047619,23.7253,11.029,12.6963,3.129833855453379,1.943612933801086
Jul.2008,40605.477795,15091.213437,51.1734492174243,2.84752380952381,23.69548387,11.02113636,12.67434751,-1.54730661960093,1.9509155208626685
Ago.2008,41589.529501,15254.276297,51.9693957584681,2.8933380952381,23.87355,10.79161,13.081940000000001,1.6089166861769533,2.069570761980518
Sep.2008,42583.550455,15564.126832,52.1343014174982,2.96626363636364,24.3333333333333,10.8036666666667,13.5296666666666,2.520463863022515,2.2695830429965396
Oct.2008,44998.808132,15941.876749,52.2605701581284,3.07358636363636,24.07032,10.7271,13.343219999999999,3.6181115514158257,2.295870291463772
Nov.2008,47012.396427,16189.287884,51.632933386785,3.09208888888889,23.53833,10.68767,12.850659999999998,0.6019848822676366,2.284820710107162
Dic.2008,48267.815133,16238.649321,51.3709556827168,3.11397,23.02097,10.53806,12.482909999999999,0.7076481918012689,2.268001455253218
Ene.2009,49012.682146,16091.254587,51.0767845857011,3.15154210526316,22.92548,10.37968,12.5458,1.2065660640006026,2.232156555948173
Feb.2009,49600.686915,16013.894701,51.2024450535223,3.236695,22.88786,10.22929,12.65857,2.7019437434972593,2.203634876905994
Mar.2009,50632.793315,15751.946361,49.5734230529245,3.17478636363636,22.64355,10.13935,12.5042,-1.9127114653571087,1.9950003488199932
Abr.2009,51227.453302,15627.374413,47.7021684422091,3.084215,21.95667,10.101,11.855669999999998,-2.8528333330945954,2.093592977189536
May.2009,51665.936382,15881.979179,47.8927433584503,2.99438,20.71935,9.94097,10.778379999999999,-2.91273468289337,2.33918709889902
Jun.2009,52009.328481,15894.102123,47.9128407350673,2.99074761904762,20.69067,9.76067,10.930000000000001,-0.12130661280064237,2.2002123978597643
Jul.2009,52598.137631,16107.640927,47.7985847739169,3.012625,20.57903,9.61226,10.96677,0.7315020770407354,2.1231209250152694
Ago.2009,53111.675465,15966.572963,47.0012467028044,2.95068095238095,20.22484,9.23871,10.986130000000001,-2.0561486284901065,2.209613176715533
Sep.2009,53882.632909,15688.351945,45.6948568016929,2.90950909090909,20.18367,9.01267,11.171,-1.3953342342430397,2.12088570950143
Oct.2009,55047.376942,15747.147013,45.3429309804564,2.872,19.9171,8.94258,10.974520000000002,-1.2891896789836155,1.7752706058239274
Nov.2009,56356.199034,16102.716504,45.1425197064943,2.8843,19.83067,8.74267,11.088000000000001,0.4282729805014096,1.7657125504485671
Dic.2009,56925.491472,16354.007431,45.3630183603386,2.87757894736842,19.94419,8.62581,11.31838,-0.2330219682966428,1.7245406228872837
Ene.2010,57244.698874,16388.598322,45.0183935712455,2.856255,19.97548,8.51935,11.456130000000002,-0.7410377876138186,1.623426119003244
Feb.2010,58056.215437,16590.879539,44.8869441635235,2.853985,19.76036,8.4125,11.347859999999999,-0.07947469676201635,1.2276032984572365
Mar.2010,59015.084334,16960.173932,44.9393589579644,2.83927826086957,19.48806,8.27258,11.215480000000001,-0.5153054108704147,1.2029263434428163
Abr.2010,60384.333851,17135.13314,44.7128451042297,2.8398,19.39367,8.02267,11.371,0.01837576603958002,1.060593571162838
May.2010,61353.483574,17746.552891,45.0993685342126,2.84545238095238,19.17935,7.86935,11.309999999999999,0.19904151533136627,0.8178090802133776
Jun.2010,62748.222497,17894.586714,44.6615431414069,2.83802,19.124,8.02267,11.101329999999999,-0.26120208519857524,0.8141352932542159
Jul.2010,64040.74382,18204.310603,44.4943104077501,2.82301578947368,18.205,8.28,9.924999999999999,-0.5286858629016011,0.7269019369481736
Ago.2010,64616.066114,17896.546926,43.6781180981734,2.80184761904762,18.0813,8.3306,9.750699999999998,-0.7498424381822799,0.5567479520782944
Sep.2010,65024.35172,17780.456252,43.2754805124002,2.79059090909091,18.3447,8.71,9.634699999999999,-0.4017602484940319,0.46653722173365936
Oct.2010,65833.798475,17960.561878,43.3070212375994,2.79163,18.7145,8.7274,9.987100000000002,0.03723551544960735,0.36992345886513134
Nov.2010,67467.064263,18325.342553,43.4607245874874,2.80581904761905,18.718,8.628,10.09,0.5082710681232783,0.38344885555253
Dic.2010,68980.826626,18720.889903,43.2660606530696,2.815455,18.733,8.539,10.194,0.34342743482074223,0.4174894770375027
Ene.2011,69542.36345,19077.861657,43.178791560277,2.78667142857143,18.679,8.413,10.265999999999998,-1.0223417326354012,0.4577554178958166
Feb.2011,70557.9178,19500.245503,43.360455970174,2.77041,18.58,8.336,10.243999999999998,-0.5835430903228578,0.46826128314928683
Mar.2011,71729.14355,20220.663188,44.1131126681926,2.77950869565217,18.6542,8.3197,10.3345,0.3284241557087286,0.48716976330022377
Abr.2011,73086.2604,21043.258751,44.8106726796951,2.81584210526316,18.512,8.1773,10.3347,1.3071881972459565,0.6490869491085198
May.2011,74582.150837,21995.170295,44.961385575833,2.77439047619048,18.4926,7.9603,10.5323,-1.4720864140500556,0.756769968980845
Jun.2011,75752.485589,22275.309644,44.7100840263236,2.76382380952381,18.581,7.8377,10.7433,-0.3808644369764025,0.7583228306053821
Jul.2011,76594.651,22545.085275,44.6443189293786,2.74140526315789,18.54,7.88,10.66,-0.8111423850054589,0.7730870425132268
Ago.2011,77174.464872,22913.805591,44.768530698182,2.73951904761905,18.659,7.9303,10.7287,-0.06880469532137834,0.7572048073851322
Sep.2011,78143.028831,22965.197024,44.8752190182288,2.74415,18.717,7.9807,10.7363,0.16904253266551983,0.7602499146299359
Oct.2011,79711.567087,23248.750182,44.1465947944932,2.73113,19.0103,7.9294,11.0809,-0.4744638594828987,0.7639241750998668
Nov.2011,81364.991111,23415.125085,43.7254731231248,2.70510476190476,18.849,7.7403,11.108699999999999,-0.9529109963729243,0.7607347794840026
Dic.2011,83033.515833,24010.205944,43.8435588378685,2.69617894736842,18.861,7.7642,11.096800000000002,-0.32996188029535967,0.7331732971568431
Ene.2012,83305.10245,24407.982344,44.0764886918984,2.6925,19.0294,7.7639,11.2655,-0.13645041520744527,0.7041847814734281
Feb.2012,84080.2547,24308.328553,43.6559777808385,2.68327142857143,18.7579,7.815,10.942899999999998,-0.34275102798774215,0.6982728541810534
Mar.2012,85227.5296,24759.570615,43.6830864027518,2.67087272727273,19.0135,7.9268,11.0867,-0.46207406252973815,0.6742033576151046
Abr.2012,86017.2952,25097.134013,43.5114016264693,2.65662222222222,19.2147,7.9677,11.247,-0.5335523817737831,0.4348654912876302
May.2012,86990.8892,25599.056315,44.3665392286056,2.66973636363636,19.341,7.9816,11.3594,0.4936396791550557,0.397002524535423
Jun.2012,88619.375206,26122.817528,44.0418720771653,2.67096,19.6167,8.0353,11.581400000000002,0.04583360290950633,0.40987669243535635
Jul.2012,89872.1332,26516.341413,43.692706826965,2.63498571428571,19.469,8.0532,11.4158,-1.3468672580004948,0.4932519287522851
Ago.2012,91287.7272,26763.367806,43.3488514212636,2.61587619047619,19.4068,8.2587,11.148100000000001,-0.725223051719659,0.4982337598940287
Sep.2012,92549.922247,27179.749152,43.2964892605598,2.60267,19.3003,8.248,11.0523,-0.504847688291632,0.46738021062840296
Oct.2012,93347.7063,27313.534809,43.1118032763895,2.58766,19.3323,8.1058,11.2265,-0.5767154499033533,0.4690120840238229
Nov.2012,94689.8182,27550.509117,42.8788423967251,2.598605,19.2763,8.12,11.1563,0.4229690144764042,0.5013299784108071
Dic.2012,96321.123932,27922.761728,42.5031468370774,2.56656111111111,19.085,8.154,10.931000000000001,-1.23311888066443,0.5646301661647785
Ene.2013,96199.914716,27765.198796,42.6815534563236,2.55217272727273,19.4116,8.3248,11.0868,-0.5606094386800375,0.5593189135258562
Feb.2013,97001.521716,27771.935708,42.5791498625345,2.57834736842105,19.27,8.4896,10.7804,1.025582667999525,0.7028215790424599
Mar.2013,98942.265164,27762.468059,42.087228982217,2.59417368421053,19.0781,8.6868,10.3913,0.6138162756235577,0.7513336172270354
Abr.2013,100715.0332,27680.169043,42.0480813441174,2.59806818181818,19.0897,8.723,10.3667,0.15012478275275853,0.7529634802432089
May.2013,102039.99421,27648.032234,42.5188718035864,2.64571818181818,18.9452,8.6877,10.2575,1.8340550234002606,0.9389213883380327
Jun.2013,104363.511166,28020.148832,42.7390633151248,2.74848421052632,18.8077,8.5957,10.212,3.8842394255883095,1.480224658986655
Jul.2013,106114.265166,28111.007333,42.4991984666095,2.77688571428571,18.4748,8.52,9.954799999999999,1.0333515342972222,1.404532695962633
Ago.2013,109025.377165,28389.718599,42.2536566363839,2.80198571428571,18.1187,8.4516,9.667100000000001,0.9038902779063829,1.3589236847281225
Sep.2013,111496.859165,28260.145701,41.3359878487739,2.77866190476191,17.5843,8.2773,9.306999999999999,-0.8324028707528797,1.3857798245966089
Oct.2013,113845.938165,28295.426976,40.7744206084024,2.76906666666667,16.6471,8.1406,8.506499999999999,-0.345318661431826,1.3701152862670714
Nov.2013,116574.430065,28536.849134,40.6678290390846,2.79875,16.3673,8.0887,8.2786,1.071961671802657,1.376375447112834
Dic.2013,118062.790166,28638.91335,40.4480456654708,2.78564,15.8765,8.0106,7.8659,-0.4684234033050516,1.2977930226535082
Ene.2014,118584.428165,28522.598286,40.4152711759062,2.80927727272727,15.9881,7.9458,8.0423,0.8485401102536594,1.2363973066358422
Feb.2014,120984.127165,28349.823409,39.6177212758027,2.81255,15.8071,7.9136,7.8935,0.11649712559531622,1.2497626531123602
Mar.2014,123596.641494,28295.972737,39.1474270865073,2.80657142857143,15.6132,7.8065,7.806700000000001,-0.21256764959094454,1.2794150530940487
Abr.2014,124748.879165,28601.811616,39.1824797541603,2.79444,15.5293,7.642,7.887299999999999,-0.4322508398656777,1.3113807528947579
May.2014,126456.695165,29009.084486,38.8542341529472,2.78695238095238,15.6132,7.4629,8.150300000000001,-0.2679470322361377,1.273854952360697
Jun.2014,127379.697164,29587.026591,39.4074520910174,2.79452380952381,16.0437,7.3277,8.716000000000001,0.2716741277381418,0.6701119088948312
Jul.2014,128076.000164,29829.708367,39.4723561830017,2.78639523809524,15.9294,7.2639,8.6655,-0.29087501065002686,0.6166287049362194
Ago.2014,129784.620164,29554.446642,39.2733125361392,2.81476666666667,15.8752,7.3135,8.561699999999998,1.0182126420379634,0.6320441946170581
Sep.2014,131470.030165,29312.543174,39.1858472113154,2.86469545454545,15.689,7.5213,8.1677,1.7738162267605384,0.7431223149997007
Oct.2014,134019.397166,29046.750597,38.7580412035654,2.90670909090909,15.5535,7.559,7.9944999999999995,1.466600447771027,0.7920917065504587
Nov.2014,137344.998006,28853.187934,38.0201773188753,2.92551,15.6087,7.5103,8.098400000000002,0.6468108263641303,0.768858112092744
Dic.2014,139013.013639,28645.317912,38.0446322976424,2.9625380952381,15.6694,7.5458,8.1236,1.2656971002696915,0.7593416116525971
Ene.2015,139582.300064,28362.684722,38.3394461500679,3.006785,16.1668,7.6016,8.565199999999997,1.4935471997143734,0.8063176806406888
Feb.2015,141359.828825,27923.888648,37.9032926595282,3.079435,15.9979,7.7286,8.2693,2.4162020230911185,0.9491706921881506
Mar.2015,146937.930833,26995.502263,36.2867964412909,3.09223636363636,16.0777,7.7745,8.3032,0.4157049470555396,0.9068879920212539
Abr.2015,151763.677438,26471.150388,35.3146677455107,3.12064,15.9223333333333,7.6403,8.2820333333333,0.9185467416933824,0.8174555265758042
May.2015,155181.428377,26212.377635,34.8011549029003,3.151345,16.0042,7.6074,8.3968,0.9839327830188704,0.725789791950627
Jun.2015,158220.601115,25324.58193,33.7303604812792,3.16178095238095,16.1823,7.6897,8.492600000000001,0.33115867608750627,0.7203097975807412
Jul.2015,161082.489525,24966.546472,33.0846516054389,3.181965,16.1542,7.7152,8.439,0.6383759002612344,0.6054087947947121
Ago.2015,165801.384595,24562.062554,32.4314461258587,3.23944285714286,16.2516,7.64,8.6116,1.8063635879986162,0.6360435461159735
Sep.2015,170206.898175,24207.70631,31.4112512402212,3.21864545454545,16.0927,7.652,8.4407,-0.6420055396733515,0.7936965447844855
Oct.2015,172791.161515,23781.003782,31.1673088893789,3.24952,16.2439,7.6752,8.5687,0.9592403354320433,0.7786984404161522
Nov.2015,176780.191485,23312.201518,30.7673722113866,3.3382,16.083,7.8127,8.270299999999999,2.72901843964648,0.9263576346165245
Dic.2015,177987.971955,22722.341747,30.3295237601167,3.38377619047619,16.0933,7.881,8.212299999999999,1.3652923874000855,0.9283268999978646
Ene.2016,179929.873225,22541.685193,30.3001327927171,3.43865,16.2358,8.0977,8.138100000000001,1.621673728843387,0.9337605275702928
Feb.2016,181199.141335,22279.212939,30.20654580172,3.50695714285714,16.1293,8.1403,7.989000000000001,1.9864523245209709,0.8869569512268889
Mar.2016,182282.57588,22398.497499,29.0369139212339,3.40692857142857,16.0516,7.8594,8.1922,-2.8522895306064777,1.4418736038262203
Abr.2016,184373.0472,22346.925293,28.4463233056234,3.3011,15.9873,7.6317,8.355599999999999,-3.1062750277794815,1.8322576662771797
May.2016,183981.5537,22232.872433,28.9389521684381,3.33468181818182,16.0206,7.5539,8.466700000000003,1.0172917567423,1.8331084467670442
Jun.2016,185173.72098,22522.620388,28.5796748898761,3.3161,16.2,7.5883,8.611699999999999,-0.5572291209465785,1.8577854733104449
Jul.2016,186036.74286,22714.638682,29.0904819653961,3.29947368421053,16.3787,7.8545,8.524199999999999,-0.5013816166421492,1.8743232325314447
Ago.2016,185673.91682,22930.63987,29.511114775575,3.33382727272727,16.4984,7.8842,8.6142,1.041183891877595,1.8316469274818343
Sep.2016,186365.1499,23095.358544,29.6441564872846,3.38245909090909,16.8447,7.7907,9.053999999999998,1.4587383869481663,1.8384900314081036
Oct.2016,187397.7562,22908.9423,29.1158306030308,3.38601904761905,17.0642,7.6416,9.4226,0.10524759100645209,1.832666692924672
Nov.2016,190206.83204,22646.251057,28.8761761287949,3.40348947368421,17.0273,7.6313,9.396,0.5159577019345107,1.6772474479797723
Dic.2016,190750.05854,23158.239773,28.9734808938074,3.39542380952381,17.1565,7.5616,9.5949,-0.23698219791081776,1.6371348780647248
Ene.2017,189876.50364,23108.914762,28.5301961952343,3.33987272727273,17.7387,7.4916,10.247100000000001,-1.6360573927550526,1.6212262015080132
Feb.2017,190433.0387,23238.290416,28.4596960993756,3.259575,17.0679,7.4914,9.576500000000003,-2.404215185118741,1.5700683916765041
Mar.2017,190388.07581,23317.804465,28.4715019677901,3.26398260869565,16.9577,7.3661,9.5916,0.1352203491452153,1.4083624318986239
Abr.2017,190877.27884,23393.854119,28.4228186825446,3.24775555555556,16.844,7.325,9.519000000000002,-0.49715501231100134,1.1144482910823108
May.2017,191418.49906,23585.014836,28.719210703198,3.27346363636364,16.7794,7.2461,9.533299999999999,0.791564524125099,1.0950601873639074
Jun.2017,192438.67234,23649.949518,28.5414215216897,3.267975,17.084,7.2023,9.881699999999999,-0.1676706074467793,1.087599042438747
Jul.2017,193375.75315,23995.235886,28.6752999591765,3.24937368421053,17.0961,6.8913,10.204799999999999,-0.5692000639377581,1.0899556436451505
Ago.2017,194569.37888,23867.498516,28.4408510942178,3.24155909090909,16.9332,6.7487,10.1845,-0.24049537113606245,1.0265708111019092
Sep.2017,195973.90373,24162.372543,28.7328392030678,3.24652380952381,16.6457,6.6707,9.975000000000001,0.15315835607141448,0.8918064224550964
Oct.2017,197180.53952,24339.698275,28.6313573602369,3.25129545454545,16.4035,6.7,9.703500000000002,0.1469770530449166,0.893769213783479
Nov.2017,199374.48128,24935.268479,28.7733070878615,3.24079047619048,16.1023,6.7477,9.3546,-0.3231013145939543,0.853120170319797
Dic.2017,200876.66448,25128.407646,28.8410005848577,3.2465,15.7974,6.7055,9.091899999999999,0.17617688806070841,0.8686686021522672
Ene.2018,201248.71082,25116.147324,28.6662480160919,3.21490952380952,15.8884,6.7865,9.1019,-0.9730625655468894,0.7990912259134009
Feb.2018,202779.6839,25174.331199,28.811267296599,3.24881,15.6932,7.0257,8.6675,1.054476834866236,0.566733622368549
Mar.2018,204562.37733,25207.728773,28.4705268412238,3.252255,15.1135,7.149,7.9645,0.10603882652415741,0.5660407044584833
Abr.2018,207067.88724,25297.737771,28.420932887971,3.230685,14.347,7.163,7.183999999999999,-0.6632321266321406,0.5803888711962942
May.2018,208690.43376,25649.643546,28.6686380332929,3.27410909090909,14.0677,7.3035,6.764200000000001,1.3441140473023694,0.6678871580772353
Jun.2018,210281.34961,25688.851593,28.5447305580444,3.271345,14.0947,7.382,6.7127,-0.08442268819829346,0.666376161397615
Jul.2018,211742.64595,25661.493936,28.3820255581168,3.27722380952381,14.0626,7.4706,6.592,0.17970619191218784,0.6417512289651197
Ago.2018,213456.96537,25606.739178,28.3603385854659,3.28871904761905,14.2242,7.6497,6.5745,0.35076146041153056,0.6381790957054733
Sep.2018,215787.304141,25825.373556,28.3124943255699,3.31181,14.302,7.7223,6.5797,0.7021260267783269,0.6598988323426976
Oct.2018,218748.784601,25464.153566,28.1761745700447,3.33476818181818,14.1619,7.8861,6.275799999999999,0.6932215863283187,0.6769336473915805
Nov.2018,220911.959251,25679.836278,28.2076960056741,3.37565,14.2185,7.9393,6.2792,1.225926839674063,0.7120733632329215
Dic.2018,224163.348707,25876.71686,28.0069140563989,3.36438421052632,14.2958,7.87,6.4258,-0.333736894336778,0.7376654911068254
Ene.2019,224579.331339,25391.940512,27.3522249224487,3.34381363636364,14.321,7.9794,6.3416,-0.6114216711135434,0.6865355090098217
Feb.2019,225226.427899,25226.278156,26.9866985326007,3.3216,14.3586,8.2461,6.112499999999999,-0.6643204071563269,0.7008616872991427
Mar.2019,227759.469169,25391.346019,27.0139106939621,3.30431904761905,14.4926,8.1197,6.3729,-0.520259886228025,0.7301514124477808
Abr.2019,228806.088389,25612.347975,27.0349102345668,3.303405,14.509,7.83,6.679,-0.02766220833634314,0.6888803064273242
May.2019,230651.463949,25737.009209,27.3275896727459,3.33350454545455,14.4781,7.7129,6.765199999999999,0.9111672790514502,0.6317886474588018
Jun.2019,232786.207884,25777.149672,26.7029860005013,3.325475,14.589,7.688,6.901000000000001,-0.24087399147239008,0.6386821935257959
Jul.2019,234171.923774,25900.208493,26.7987676181047,3.29040476190476,14.501,7.6158,6.885199999999999,-1.0545933466719837,0.7250343032490082
Ago.2019,236405.748554,26021.665439,27.232769909174,3.37871,14.4355,7.6152,6.8203,2.683719617647329,1.0548957816511118
Sep.2019,237882.130719,25859.36343,26.8700279279405,3.35719047619048,14.4193,7.683,6.7363,-0.6369153851475851,1.0711425965806658
Oct.2019,241828.917009,26065.994459,26.5292668539397,3.36007619047619,14.2445,7.7868,6.4577,0.08595622757112675,1.0557660822430817
Nov.2019,243894.640024,26001.648946,26.6041350746504,3.372715,14.192,7.7197,6.472300000000001,0.37614651595201387,0.9979608477050645
Dic.2019,245937.030918,25773.485322,25.7542460961186,3.3547380952381,14.0848,7.4926,6.592199999999999,-0.5330098974238862,1.0055982080441472
Ene.2020,245980.601718,25698.640416,26.0968876991762,3.32776363636364,14.351,7.5574,6.7936000000000005,-0.8040704850476699,1.0173787245344583
Feb.2020,248407.393333,25535.698309,26.1802988128401,3.39138,14.2166,7.6,6.6166,1.9116851612056118,1.1373107876511988
Mar.2020,250284.023431,26265.231118,26.5245846142672,3.49255454545455,14.0555,7.3787,6.6768,2.9832854311386603,1.367760715890614
Abr.2020,251377.762838,26664.345145,26.3908137744016,3.39842,13.3643,6.6233,6.741,-2.695292062855914,1.6449217784666692
May.2020,273085.153861,26013.708927,24.6271109993059,3.42185,12.7823,6.4906,6.2917,0.6894380329682592,1.638037573674836
Jun.2020,276748.61925,25219.938932,24.3912428012575,3.47109523809524,12.4427,6.526,5.9167000000000005,1.439140759976043,1.6656530171562274
Jul.2020,283259.668987,24813.093568,23.6187802198386,3.51734090909091,12.2887,6.5535,5.735200000000001,1.3323077537062078,1.6219519872691028
Ago.2020,289779.085348,24037.550861,22.6991950727677,3.56454761904762,12.3435,6.4874,5.8561000000000005,1.3421135788885152,1.5049816077148799
Sep.2020,292534.143736,23272.466287,22.2634956493986,3.55575909090909,12.4423,6.4213,6.021,-0.24655381489553374,1.4832355035182414
Oct.2020,293552.273957,23286.589686,22.2618736250725,3.59613636363636,12.4984,6.2703,6.2281,1.1355457919098422,1.488175737354355
Nov.2020,294746.4469,23085.600997,22.0423758603673,3.60871904761905,12.3737,6.105,6.268699999999999,0.3498945176251933,1.4885179969839828
Dic.2020,294149.738347,22945.835621,22.0203913671747,3.60324285714286,12.101,6.0919,6.009100000000001,-0.15174887276976357,1.466617127440314
Ene.2021,292895.297182,22850.208231,22.1168255284905,3.62495,12.0323,6.1603,5.871999999999999,0.602433522184298,1.3981891216333555
Feb.2021,290455.415839,22439.028489,21.995628566571,3.64569,11.8846,6.2411,5.6435,0.5721458227009979,1.3473253974572201
Mar.2021,293095.845998,22547.240726,22.3891435964096,3.70917826086957,11.1365,6.2506,4.8858999999999995,1.7414607624227418,1.186826253375145
Abr.2021,294888.320565,22857.701647,22.7067818418601,3.699525,11.0793,6.2646,4.8147,-0.2602533550735031,0.6956420351276479
May.2021,296375.138086,23686.389408,23.3889973500377,3.77475714285714,10.8042,6.3226,4.481599999999999,2.0335622237216855,0.7930451650812053
Jun.2021,297732.351212,24088.384001,23.7977850884762,3.91160476190476,10.683,5.9513,4.7317,3.625335720115719,1.127675678509054
Jul.2021,300258.870227,24091.130075,24.5254456183815,3.942455,10.6816,6.0781,4.6034999999999995,0.7886849508849103,1.1243051680619958
Ago.2021,301216.742384,23400.955949,24.0679785822832,4.08725238095238,10.6861,6.2497,4.4364,3.6727719391186575,1.3704756146335089
Sep.2021,304033.432757,22575.11459,23.5125256404108,4.10805454545454,10.4913,6.4903,4.001,0.5089522878279684,1.3165134175392754
Oct.2021,306279.911953,22532.164188,22.6923616221956,4.01368,10.5577,6.7045,3.8532,-2.2973050725181743,1.6633867220637102
Nov.2021,309065.886158,22413.393264,22.7459398679391,4.02049523809524,10.7307,6.8777,3.8530000000000006,0.16980023557533475,1.669917422601185
Dic.2021,309878.35183,22763.846421,22.5789593166572,4.03686818181818,10.9868,6.8316,4.155200000000001,0.4072369883143301,1.645000418698793
Ene.2022,308917.275503,22842.039712,22.1146347787892,3.88834285714286,11.1277,6.7639,4.363800000000001,-3.6792215644858017,2.1248548006892163
Feb.2022,312211.130202,23032.775757,21.7151747785022,3.790945,11.2939,6.8368,4.4571000000000005,-2.5048680304500692,2.307264587212512
Mar.2022,314866.182699,23554.811077,21.6328611830763,3.73862173913043,11.5168,6.7932,4.7236,-1.3802168290378725,2.3121573294110305
Abr.2022,314689.770085,23864.042076,22.5072015295347,3.74100526315789,11.8497,6.61,5.2397,0.06375408355738799,2.3095809893672063
May.2022,315883.942223,24350.688094,22.1925256626221,3.75727727272727,12.1248,6.6439,5.4809,0.43496355724568225,2.2338701341074527
Jun.2022,316850.95827,24853.161264,23.0552145804638,3.74843809523809,12.4933,6.6467,5.8466,-0.2352548626991191,1.9173817865958538
Jul.2022,317222.91514,25724.087374,24.120485064191,3.90343684210526,12.6616,6.899,5.7626,4.13502218601598,2.3010328021552104
Ago.2022,316322.571118,25584.73587,23.6982584194904,3.87355909090909,12.9406,7.3297,5.6109,-0.7654216631325372,1.98119354501293
Sep.2022,316449.144022,25373.013947,24.1917664878993,3.89895909090909,13.3757,7.9943,5.3814,0.6557277016790986,1.9879490990132254
Oct.2022,317266.809012,25410.34009,24.2174303798829,3.97934761904762,13.5935,8.3984,5.1951,2.061794603743494,2.0111232634395875
Nov.2022,318685.620308,25427.407768,23.4997484178767,3.87657619047619,13.926,8.7793,5.146700000000001,-2.582620027451299,2.1364475703272747
Dic.2022,316908.193963,25501.089871,23.4645772625926,3.828975,14.2635,9.0965,5.167,-1.2279183521050063,2.1406031927250955
Ene.2023,314534.329838,25507.048609,23.7929393209585,3.83380476190476,14.4623,9.6177,4.844600000000002,0.12613720133352047,1.8796283507636242
Feb.2023,313020.558391,25621.886093,23.7249094184331,3.84146,14.7364,10.0082,4.728199999999999,0.199677306766044,1.720687461453886
Mar.2023,316168.658308,26097.831178,23.6854147673129,3.77916086956522,14.8803,10.1142,4.7661,-1.6217565830382252,1.741171494938241
Abr.2023,317131.933482,26236.535567,23.4848526968203,3.76545,15.1693,10.2717,4.897600000000001,-0.3628019562659457,1.746406826899907
May.2023,316731.454602,26184.06101,23.3260608184848,3.68866818181818,15.2971,10.2787,5.0184,-2.0391140018276688,1.8425555986769042
Jun.2023,316416.645517,26282.836837,23.1668989350601,3.65041904761905,15.539,10.3367,5.202299999999999,-1.0369361599848914,1.8608434509465248
Jul.2023,317602.626361,25998.642077,22.8103866726531,3.601255,15.6423,10.4955,5.146800000000001,-1.3468055852688066,1.2811742457287891
Ago.2023,317588.562078,26270.745359,23.4339503993868,3.69776818181818,15.7516,10.6697,5.081899999999999,2.679987443771137,1.6017647532283072
Sep.2023,317159.969074,26567.503416,24.0973180510493,3.73099523809524,15.9513,10.6883,5.263,0.8985705604920513,1.6174223081655381
Oct.2023,318665.086769,26180.853951,23.9824864670848,3.84575909090909,15.9116,10.8455,5.0661000000000005,3.0759581690712468,1.774057569090471
Nov.2023,319784.499386,26116.82198,23.3978305599402,3.76079523809524,15.876,11.0167,4.859299999999999,-2.2092869263364623,1.7326003176656901
Dic.2023,319884.487393,26316.456581,23.3843636283848,3.73394210526316,15.8642,11.0419,4.8223,-0.7140280481125139,1.712157326556875
Ene.2024,316777.292419,26000.546633,23.7745384942225,3.74074285714286,15.8087,11.0784,4.7303,0.1821332974101031,1.7131906965814403
Feb.2024,315623.735476,25419.86579,23.3384905408281,3.8279380952381,15.7303,11.209,4.5213,2.330960491677292,1.861456533384356
Mar.2024,317172.002144,25979.533841,23.3543160990929,3.70898947368421,15.76,11.0665,4.6935,-3.1073810128188994,2.0207252229956736
Abr.2024,319429.519861,26051.713008,23.4208662374012,3.71503181818182,15.734,10.7367,4.997299999999999,0.1629108019982617,2.0210928443906315
May.2024,321106.469962,26162.842417,23.3075783287461,3.73172727272727,15.7542,10.8235,4.930700000000002,0.44940273361160354,1.9288874948406536
Jun.2024,322128.773564,26131.631065,23.704662294618,3.7867052631579,15.6527,10.8387,4.814,1.4732585318447011,1.9288613797314662
Jul.2024,318642.348459,26081.792819,23.341847804108,3.764135,15.081,10.7423,4.338699999999999,-0.5960396067128171,1.8813684752894035
Ago.2024,320046.234688,25861.819906,23.2554674623172,3.74185,14.9261,10.8694,4.056699999999999,-0.5920350890709303,1.7512070848793568
Sep.2024,319270.748362,25697.445816,22.9946024567801,3.7689619047619,14.7177,10.7777,3.9400000000000013,0.7245588348517407,1.7448183768069343
Oct.2024,320659.99858,25237.265329,22.8820257686061,3.75436363636364,14.7445,10.7816,3.962900000000001,-0.38732862701041926,1.4727410752259984
Nov.2024,322894.228593,25259.13534,22.6815449297087,3.779135,14.781,10.7237,4.0573000000000015,0.6598019274540068,1.3422733316264739
Dic.2024,322604.546508,25383.677791,22.877416639476,3.73553684210526,14.8781,10.6483333333333,4.2297666666667,-1.153654418133787,1.3706867463123253
Ene.2025,321435.437388,25288.200252,22.6402881668414,3.74692272727273,14.9906,10.5109523809524,4.479647619047601,0.30479916672574436,1.372525307535568
Feb.2025,322368.14893,25554.116135,22.5834533186263,3.69685,14.9064,10.27,4.6364,-1.3363693600688786,1.2104990403553337
Mar.2025,323745.03934,25602.487517,22.494551497443,3.65248571428571,14.7668,9.95548387096774,4.81131612903226,-1.200056418688611,0.8882953171848792
Abr.2025,325304.191069,25808.294635,22.5504258621473,3.70003,14.9607,9.9577,5.002999999999998,1.3016966918811823,0.9780546701354895
May.2025,327880.10625,26433.447683,22.6394115279232,3.65991428571429,14.9519,9.72774193548387,5.22415806451613,-1.0841997033999684,1.0095034438076034
Jun.2025,328105.690159,27050.167628,22.5916226096253,3.60219523809524,14.9807,9.6497,5.331000000000001,-1.5770600924820632,0.9435296172262395
Jul.2025,330637.769299,27153.017329,22.7693151867254,3.556945,15.0445,9.6758,5.368699999999999,-1.2561850511791706,0.9740302407017125
Ago.2025,332845.140888,27384.683694,22.5064006703646,3.542385,15.149,9.7387,5.410299999999999,-0.40934003758843485,0.9733144327021879
Sep.2025,332981.59427,27577.804552,22.3233521816764,3.50180454545455,15.3507,9.7217,5.629,-1.1455687212273635,0.9159879477442244
Oct.2025,334945.949318,27704.935716,21.7985310550135,3.41322727272727,15.5555,9.6703,5.885200000000001,-2.5294750628574003,1.0657826759374025
Nov.2025,338123.478191,27870.063196,21.6884190039924,3.37263,15.7477,9.7857,5.962,-1.1894101823120562,0.9669173144730376
Dic.2025,339522.635179,28390.795898,21.9336924733526,3.36686315789474,15.8871,9.78,6.107100000000001,-0.17098946831582973,0.9885081489245301
