mes,fecha_sbs,promedio_consumo_mn
2015-11,30/11/2015,42.92
2015-12,31/12/2015,44.03
2016-01,29/01/2016,44.40
2016-02,29/02/2016,42.79
2016-03,31/03/2016,42.92
2016-04,29/04/2016,42.36
2016-05,31/05/2016,42.72
2016-06,30/06/2016,43.59
2016-07,27/07/2016,43.97
2016-08,31/08/2016,44.24
2016-09,30/09/2016,44.01
2016-10,31/10/2016,45.16
2016-11,30/11/2016,45.64
2016-12,30/12/2016,46.77
2017-01,31/01/2017,46.38
2017-02,28/02/2017,44.84
2017-03,31/03/2017,45.24
2017-04,28/04/2017,45.81
2017-05,31/05/2017,46.32
2017-06,28/06/2017,45.64
2017-07,31/07/2017,47.53
2017-08,31/08/2017,48.41
2017-09,29/09/2017,48.36
2017-10,31/10/2017,47.71
2017-11,30/11/2017,47.04
2017-12,29/12/2017,48.56
2018-01,31/01/2018,48.45
2018-02,28/02/2018,45.59
2018-03,28/03/2018,43.94
2018-04,30/04/2018,41.49
2018-05,31/05/2018,41.59
2018-06,28/06/2018,41.73
2018-07,31/07/2018,41.52
2018-08,29/08/2018,41.31
2018-09,28/09/2018,41.09
2018-10,31/10/2018,42.05
2018-11,30/11/2018,43.60
2018-12,31/12/2018,44.94
2019-01,31/01/2019,43.56
2019-02,28/02/2019,40.95
2019-03,29/03/2019,40.82
2019-04,30/04/2019,41.05
2019-05,31/05/2019,41.26
2019-06,28/06/2019,41.07
2019-07,31/07/2019,40.55
2019-08,28/08/2019,40.52
2019-09,30/09/2019,39.79
2019-10,30/10/2019,39.45
2019-11,29/11/2019,39.61
2019-12,31/12/2019,40.85
2020-01,31/01/2020,39.88
2020-02,28/02/2020,38.08
2020-03,31/03/2020,39.30
2020-04,30/04/2020,41.38
2020-05,29/05/2020,40.41
2020-06,30/06/2020,38.64
2020-07,31/07/2020,39.75
2020-08,31/08/2020,39.50
2020-09,30/09/2020,38.30
2020-10,30/10/2020,37.51
2020-11,30/11/2020,36.91
2020-12,31/12/2020,39.49
2021-01,29/01/2021,39.75
2021-02,26/02/2021,38.51
2021-03,31/03/2021,38.60
2021-04,30/04/2021,38.42
2021-05,31/05/2021,38.67
2021-06,30/06/2021,38.71
2021-07,30/07/2021,39.51
2021-08,31/08/2021,39.56
2021-09,30/09/2021,38.79
2021-10,29/10/2021,39.31
2021-11,30/11/2021,40.72
2021-12,31/12/2021,41.81
2022-01,31/01/2022,42.34
2022-02,28/02/2022,41.29
2022-03,31/03/2022,42.37
2022-04,29/04/2022,43.48
2022-05,31/05/2022,44.04
2022-06,30/06/2022,44.57
2022-07,27/07/2022,45.83
2022-08,31/08/2022,47.02
2022-09,30/09/2022,47.37
2022-10,31/10/2022,47.71
2022-11,30/11/2022,48.40
2022-12,30/12/2022,49.59
2023-01,31/01/2023,49.60
2023-02,28/02/2023,49.38
2023-03,31/03/2023,50.10
2023-04,28/04/2023,51.02
2023-05,31/05/2023,51.91
2023-06,30/06/2023,52.33
2023-07,31/07/2023,53.67
2023-08,31/08/2023,54.13
2023-09,29/09/2023,54.46
2023-10,31/10/2023,55.00
2023-11,30/11/2023,55.40
2023-12,29/12/2023,56.89
2024-01,31/01/2024,57.02
2024-02,29/02/2024,55.39
2024-03,27/03/2024,56.02
2024-04,30/04/2024,57.02
2024-05,31/05/2024,58.05
2024-06,28/06/2024,58.70
2024-07,31/07/2024,60.37
2024-08,31/08/2024,59.34
2024-09,30/09/2024,56.45
2024-10,31/10/2024,55.82
2024-11,29/11/2024,57.21
2024-12,30/12/2024,59.89
2025-01,31/01/2025,58.74
2025-02,28/02/2025,56.83
2025-03,31/03/2025,57.01
2025-04,30/04/2025,58.44
2025-05,30/05/2025,59.15
2025-06,30/06/2025,56.99
2025-07,31/07/2025,58.11
2025-08,29/08/2025,57.57
2025-09,30/09/2025,55.60
2025-10,31/10/2025,56.71
2025-11,28/11/2025,58.17
2025-12,31/12/2025,61.09
