mes,fecha_sbs,banco_original,tasa_activa_consumo_mn
2015-11,30/11/2015,Continental,45.62
2015-11,30/11/2015,Comercio,19.08
2015-11,30/11/2015,Crédito,31.96
2015-11,30/11/2015,Financiero,48.12
2015-11,30/11/2015,BIF,17.46
2015-11,30/11/2015,Scotiabank,28.79
2015-11,30/11/2015,Citibank,-
2015-11,30/11/2015,Interbank,43.62
2015-11,30/11/2015,Mibanco,49.02
2015-11,30/11/2015,GNB,35.65
2015-11,30/11/2015,Falabella,53.94
2015-11,30/11/2015,Santander,-
2015-11,30/11/2015,Ripley,54.78
2015-11,30/11/2015,Azteca,145.64
2015-11,30/11/2015,Deutsche,-
2015-11,30/11/2015,CAT,85.33
2015-11,30/11/2015,ICBC,-
2015-12,31/12/2015,Continental,45.49
2015-12,31/12/2015,Comercio,19.03
2015-12,31/12/2015,Crédito,32.19
2015-12,31/12/2015,Financiero,52.11
2015-12,31/12/2015,BIF,17.75
2015-12,31/12/2015,Scotiabank,25.99
2015-12,31/12/2015,Citibank,-
2015-12,31/12/2015,Interbank,42.90
2015-12,31/12/2015,Mibanco,49.65
2015-12,31/12/2015,GNB,34.27
2015-12,31/12/2015,Falabella,55.64
2015-12,31/12/2015,Santander,-
2015-12,31/12/2015,Ripley,57.05
2015-12,31/12/2015,Azteca,145.24
2015-12,31/12/2015,Deutsche,-
2015-12,31/12/2015,CAT,83.54
2015-12,31/12/2015,ICBC,-
2016-01,29/01/2016,Continental,46.58
2016-01,29/01/2016,Comercio,19.21
2016-01,29/01/2016,Crédito,32.60
2016-01,29/01/2016,Financiero,52.58
2016-01,29/01/2016,BIF,17.70
2016-01,29/01/2016,Scotiabank,26.59
2016-01,29/01/2016,Citibank,-
2016-01,29/01/2016,Interbank,44.01
2016-01,29/01/2016,Mibanco,49.36
2016-01,29/01/2016,GNB,36.19
2016-01,29/01/2016,Falabella,55.77
2016-01,29/01/2016,Santander,-
2016-01,29/01/2016,Ripley,56.75
2016-01,29/01/2016,Azteca,143.61
2016-01,29/01/2016,Deutsche,-
2016-01,29/01/2016,CAT,83.89
2016-01,29/01/2016,ICBC,-
2016-02,29/02/2016,Continental,45.66
2016-02,29/02/2016,Comercio,19.40
2016-02,29/02/2016,Crédito,32.36
2016-02,29/02/2016,Financiero,52.56
2016-02,29/02/2016,BIF,17.47
2016-02,29/02/2016,Scotiabank,26.88
2016-02,29/02/2016,Citibank,-
2016-02,29/02/2016,Interbank,42.08
2016-02,29/02/2016,Mibanco,49.59
2016-02,29/02/2016,GNB,36.23
2016-02,29/02/2016,Falabella,54.10
2016-02,29/02/2016,Santander,-
2016-02,29/02/2016,Ripley,57.02
2016-02,29/02/2016,Azteca,142.31
2016-02,29/02/2016,Deutsche,-
2016-02,29/02/2016,CAT,81.65
2016-02,29/02/2016,ICBC,-
2016-03,31/03/2016,Continental,45.85
2016-03,31/03/2016,Comercio,19.20
2016-03,31/03/2016,Crédito,32.60
2016-03,31/03/2016,Financiero,53.41
2016-03,31/03/2016,BIF,17.73
2016-03,31/03/2016,Scotiabank,26.83
2016-03,31/03/2016,Citibank,-
2016-03,31/03/2016,Interbank,41.42
2016-03,31/03/2016,Mibanco,50.44
2016-03,31/03/2016,GNB,35.94
2016-03,31/03/2016,Falabella,54.58
2016-03,31/03/2016,Santander,-
2016-03,31/03/2016,Ripley,58.56
2016-03,31/03/2016,Azteca,147.14
2016-03,31/03/2016,Deutsche,-
2016-03,31/03/2016,CAT,81.82
2016-03,31/03/2016,ICBC,-
2016-04,29/04/2016,Continental,46.12
2016-04,29/04/2016,Comercio,19.25
2016-04,29/04/2016,Crédito,31.92
2016-04,29/04/2016,Financiero,51.35
2016-04,29/04/2016,BIF,17.56
2016-04,29/04/2016,Scotiabank,26.68
2016-04,29/04/2016,Citibank,-
2016-04,29/04/2016,Interbank,39.31
2016-04,29/04/2016,Mibanco,50.90
2016-04,29/04/2016,GNB,35.58
2016-04,29/04/2016,Falabella,54.88
2016-04,29/04/2016,Santander,-
2016-04,29/04/2016,Ripley,58.41
2016-04,29/04/2016,Azteca,146.51
2016-04,29/04/2016,Deutsche,-
2016-04,29/04/2016,CAT,80.36
2016-04,29/04/2016,ICBC,-
2016-05,31/05/2016,Continental,46.50
2016-05,31/05/2016,Comercio,19.45
2016-05,31/05/2016,Crédito,31.86
2016-05,31/05/2016,Financiero,49.58
2016-05,31/05/2016,BIF,17.23
2016-05,31/05/2016,Scotiabank,26.67
2016-05,31/05/2016,Citibank,-
2016-05,31/05/2016,Interbank,41.18
2016-05,31/05/2016,Mibanco,51.05
2016-05,31/05/2016,GNB,33.77
2016-05,31/05/2016,Falabella,56.07
2016-05,31/05/2016,Santander,-
2016-05,31/05/2016,Ripley,59.60
2016-05,31/05/2016,Azteca,145.72
2016-05,31/05/2016,Deutsche,-
2016-05,31/05/2016,CAT,77.80
2016-05,31/05/2016,ICBC,-
2016-06,30/06/2016,Continental,46.06
2016-06,30/06/2016,Comercio,19.53
2016-06,30/06/2016,Crédito,32.60
2016-06,30/06/2016,Financiero,46.95
2016-06,30/06/2016,BIF,17.67
2016-06,30/06/2016,Scotiabank,26.83
2016-06,30/06/2016,Citibank,-
2016-06,30/06/2016,Interbank,42.68
2016-06,30/06/2016,Mibanco,51.24
2016-06,30/06/2016,GNB,37.14
2016-06,30/06/2016,Falabella,57.64
2016-06,30/06/2016,Santander,-
2016-06,30/06/2016,Ripley,60.08
2016-06,30/06/2016,Azteca,142.04
2016-06,30/06/2016,Deutsche,-
2016-06,30/06/2016,CAT,75.96
2016-06,30/06/2016,ICBC,-
2016-07,27/07/2016,Continental,45.91
2016-07,27/07/2016,Comercio,19.42
2016-07,27/07/2016,Crédito,33.12
2016-07,27/07/2016,Financiero,49.12
2016-07,27/07/2016,BIF,17.96
2016-07,27/07/2016,Scotiabank,26.91
2016-07,27/07/2016,Citibank,-
2016-07,27/07/2016,Interbank,41.84
2016-07,27/07/2016,Mibanco,s.i.
2016-07,27/07/2016,GNB,36.58
2016-07,27/07/2016,Falabella,58.71
2016-07,27/07/2016,Santander,-
2016-07,27/07/2016,Ripley,59.72
2016-07,27/07/2016,Azteca,136.08
2016-07,27/07/2016,CAT,81.78
2016-07,27/07/2016,ICBC,-
2016-08,31/08/2016,Continental,45.35
2016-08,31/08/2016,Comercio,19.40
2016-08,31/08/2016,Crédito,33.26
2016-08,31/08/2016,Financiero,52.20
2016-08,31/08/2016,BIF,17.60
2016-08,31/08/2016,Scotiabank,27.09
2016-08,31/08/2016,Citibank,-
2016-08,31/08/2016,Interbank,43.58
2016-08,31/08/2016,Mibanco,53.50
2016-08,31/08/2016,GNB,35.30
2016-08,31/08/2016,Falabella,58.21
2016-08,31/08/2016,Santander,-
2016-08,31/08/2016,Ripley,59.50
2016-08,31/08/2016,Azteca,136.48
2016-08,31/08/2016,CAT,86.86
2016-08,31/08/2016,ICBC,-
2016-09,30/09/2016,Continental,45.88
2016-09,30/09/2016,Comercio,19.49
2016-09,30/09/2016,Crédito,32.62
2016-09,30/09/2016,Financiero,46.38
2016-09,30/09/2016,BIF,17.81
2016-09,30/09/2016,Scotiabank,27.16
2016-09,30/09/2016,Citibank,-
2016-09,30/09/2016,Interbank,45.41
2016-09,30/09/2016,Mibanco,53.76
2016-09,30/09/2016,GNB,21.02
2016-09,30/09/2016,Falabella,59.50
2016-09,30/09/2016,Santander,-
2016-09,30/09/2016,Ripley,59.96
2016-09,30/09/2016,Azteca,134.61
2016-09,30/09/2016,CAT,85.75
2016-09,30/09/2016,ICBC,-
2016-10,31/10/2016,Continental,47.23
2016-10,31/10/2016,Comercio,19.36
2016-10,31/10/2016,Crédito,32.73
2016-10,31/10/2016,Financiero,45.73
2016-10,31/10/2016,BIF,18.43
2016-10,31/10/2016,Scotiabank,27.34
2016-10,31/10/2016,Citibank,-
2016-10,31/10/2016,Interbank,46.81
2016-10,31/10/2016,Mibanco,53.89
2016-10,31/10/2016,GNB,32.87
2016-10,31/10/2016,Falabella,62.04
2016-10,31/10/2016,Santander,-
2016-10,31/10/2016,Ripley,62.98
2016-10,31/10/2016,Azteca,133.68
2016-10,31/10/2016,CAT,85.02
2016-10,31/10/2016,ICBC,-
2016-11,30/11/2016,Continental,47.08
2016-11,30/11/2016,Comercio,19.07
2016-11,30/11/2016,Crédito,33.30
2016-11,30/11/2016,Financiero,45.44
2016-11,30/11/2016,BIF,18.53
2016-11,30/11/2016,Scotiabank,27.38
2016-11,30/11/2016,Citibank,-
2016-11,30/11/2016,Interbank,47.63
2016-11,30/11/2016,Mibanco,54.95
2016-11,30/11/2016,GNB,32.39
2016-11,30/11/2016,Falabella,59.55
2016-11,30/11/2016,Santander,-
2016-11,30/11/2016,Ripley,64.94
2016-11,30/11/2016,Azteca,132.89
2016-11,30/11/2016,CAT,83.63
2016-11,30/11/2016,ICBC,-
2016-12,30/12/2016,Continental,46.49
2016-12,30/12/2016,Comercio,19.12
2016-12,30/12/2016,Crédito,32.58
2016-12,30/12/2016,Financiero,49.50
2016-12,30/12/2016,BIF,18.33
2016-12,30/12/2016,Scotiabank,27.55
2016-12,30/12/2016,Citibank,-
2016-12,30/12/2016,Interbank,49.76
2016-12,30/12/2016,Mibanco,56.04
2016-12,30/12/2016,GNB,35.97
2016-12,30/12/2016,Falabella,59.40
2016-12,30/12/2016,Santander,-
2016-12,30/12/2016,Ripley,67.08
2016-12,30/12/2016,Azteca,131.52
2016-12,30/12/2016,CAT,82.27
2016-12,30/12/2016,ICBC,-
2017-01,31/01/2017,Continental,45.88
2017-01,31/01/2017,Comercio,19.19
2017-01,31/01/2017,Crédito,32.56
2017-01,31/01/2017,Financiero,49.15
2017-01,31/01/2017,BIF,17.84
2017-01,31/01/2017,Scotiabank,27.74
2017-01,31/01/2017,Citibank,-
2017-01,31/01/2017,Interbank,49.90
2017-01,31/01/2017,Mibanco,54.89
2017-01,31/01/2017,GNB,39.23
2017-01,31/01/2017,Falabella,61.03
2017-01,31/01/2017,Santander,-
2017-01,31/01/2017,Ripley,66.70
2017-01,31/01/2017,Azteca,134.15
2017-01,31/01/2017,CAT,81.86
2017-01,31/01/2017,ICBC,-
2017-02,28/02/2017,Continental,45.42
2017-02,28/02/2017,Comercio,19.45
2017-02,28/02/2017,Crédito,32.45
2017-02,28/02/2017,Financiero,45.49
2017-02,28/02/2017,BIF,18.16
2017-02,28/02/2017,Scotiabank,27.08
2017-02,28/02/2017,Citibank,-
2017-02,28/02/2017,Interbank,48.18
2017-02,28/02/2017,Mibanco,54.32
2017-02,28/02/2017,GNB,35.78
2017-02,28/02/2017,Falabella,61.81
2017-02,28/02/2017,Santander,-
2017-02,28/02/2017,Ripley,63.25
2017-02,28/02/2017,Azteca,134.63
2017-02,28/02/2017,CAT,79.78
2017-02,28/02/2017,ICBC,-
2017-03,31/03/2017,Continental,46.22
2017-03,31/03/2017,Comercio,19.40
2017-03,31/03/2017,Crédito,32.69
2017-03,31/03/2017,Financiero,43.32
2017-03,31/03/2017,BIF,18.29
2017-03,31/03/2017,Scotiabank,27.17
2017-03,31/03/2017,Citibank,-
2017-03,31/03/2017,Interbank,47.75
2017-03,31/03/2017,Mibanco,54.97
2017-03,31/03/2017,GNB,32.64
2017-03,31/03/2017,Falabella,60.84
2017-03,31/03/2017,Santander,-
2017-03,31/03/2017,Ripley,64.36
2017-03,31/03/2017,Azteca,s.i.
2017-03,31/03/2017,CAT,80.28
2017-03,31/03/2017,ICBC,-
2017-04,28/04/2017,Continental,46.72
2017-04,28/04/2017,Comercio,19.12
2017-04,28/04/2017,Crédito,32.62
2017-04,28/04/2017,Financiero,42.26
2017-04,28/04/2017,BIF,18.37
2017-04,28/04/2017,Scotiabank,27.72
2017-04,28/04/2017,Citibank,-
2017-04,28/04/2017,Interbank,48.32
2017-04,28/04/2017,Mibanco,55.44
2017-04,28/04/2017,GNB,30.20
2017-04,28/04/2017,Falabella,59.76
2017-04,28/04/2017,Santander,-
2017-04,28/04/2017,Ripley,63.98
2017-04,28/04/2017,Azteca,133.71
2017-04,28/04/2017,CAT,80.27
2017-04,28/04/2017,ICBC,-
2017-05,31/05/2017,Continental,46.64
2017-05,31/05/2017,Comercio,19.06
2017-05,31/05/2017,Crédito,32.62
2017-05,31/05/2017,Financiero,41.35
2017-05,31/05/2017,BIF,18.03
2017-05,31/05/2017,Scotiabank,27.58
2017-05,31/05/2017,Citibank,-
2017-05,31/05/2017,Interbank,47.61
2017-05,31/05/2017,Mibanco,56.23
2017-05,31/05/2017,GNB,33.18
2017-05,31/05/2017,Falabella,60.67
2017-05,31/05/2017,Santander,-
2017-05,31/05/2017,Ripley,63.61
2017-05,31/05/2017,Azteca,129.83
2017-05,31/05/2017,CAT,78.24
2017-05,31/05/2017,ICBC,-
2017-06,28/06/2017,Continental,48.04
2017-06,28/06/2017,Comercio,19.09
2017-06,28/06/2017,Crédito,32.04
2017-06,28/06/2017,Financiero,43.41
2017-06,28/06/2017,BIF,18.15
2017-06,28/06/2017,Scotiabank,27.25
2017-06,28/06/2017,Citibank,-
2017-06,28/06/2017,Interbank,45.04
2017-06,28/06/2017,Mibanco,56.23
2017-06,28/06/2017,GNB,30.57
2017-06,28/06/2017,Falabella,60.44
2017-06,28/06/2017,Santander,-
2017-06,28/06/2017,Ripley,63.89
2017-06,28/06/2017,Azteca,127.46
2017-06,28/06/2017,CAT,77.22
2017-06,28/06/2017,ICBC,-
2017-07,31/07/2017,Continental,48.69
2017-07,31/07/2017,Comercio,19.20
2017-07,31/07/2017,Crédito,31.82
2017-07,31/07/2017,Financiero,44.22
2017-07,31/07/2017,BIF,18.43
2017-07,31/07/2017,Scotiabank,27.78
2017-07,31/07/2017,Citibank,-
2017-07,31/07/2017,Interbank,46.09
2017-07,31/07/2017,Mibanco,55.60
2017-07,31/07/2017,GNB,31.71
2017-07,31/07/2017,Falabella,64.50
2017-07,31/07/2017,Santander,-
2017-07,31/07/2017,Ripley,64.49
2017-07,31/07/2017,Azteca,130.65
2017-07,31/07/2017,CAT,75.48
2017-07,31/07/2017,ICBC,-
2017-08,31/08/2017,Continental,47.28
2017-08,31/08/2017,Comercio,19.16
2017-08,31/08/2017,Crédito,32.39
2017-08,31/08/2017,Financiero,44.84
2017-08,31/08/2017,BIF,18.00
2017-08,31/08/2017,Scotiabank,27.62
2017-08,31/08/2017,Citibank,-
2017-08,31/08/2017,Interbank,46.71
2017-08,31/08/2017,Mibanco,55.51
2017-08,31/08/2017,GNB,29.41
2017-08,31/08/2017,Falabella,68.88
2017-08,31/08/2017,Santander,-
2017-08,31/08/2017,Ripley,64.52
2017-08,31/08/2017,Azteca,136.92
2017-08,31/08/2017,CAT,78.06
2017-08,31/08/2017,ICBC,-
2017-09,29/09/2017,Continental,46.08
2017-09,29/09/2017,Comercio,18.10
2017-09,29/09/2017,Crédito,31.84
2017-09,29/09/2017,Financiero,43.54
2017-09,29/09/2017,BIF,18.10
2017-09,29/09/2017,Scotiabank,27.55
2017-09,29/09/2017,Citibank,-
2017-09,29/09/2017,Interbank,46.29
2017-09,29/09/2017,Mibanco,55.10
2017-09,29/09/2017,GNB,23.92
2017-09,29/09/2017,Falabella,70.65
2017-09,29/09/2017,Santander,-
2017-09,29/09/2017,Ripley,63.96
2017-09,29/09/2017,Azteca,137.28
2017-09,29/09/2017,CAT,81.55
2017-09,29/09/2017,ICBC,-
2017-10,31/10/2017,Continental,42.51
2017-10,31/10/2017,Comercio,17.46
2017-10,31/10/2017,Crédito,32.09
2017-10,31/10/2017,Financiero,43.97
2017-10,31/10/2017,BIF,18.47
2017-10,31/10/2017,Scotiabank,27.95
2017-10,31/10/2017,Citibank,-
2017-10,31/10/2017,Interbank,43.82
2017-10,31/10/2017,Mibanco,54.87
2017-10,31/10/2017,GNB,24.28
2017-10,31/10/2017,Falabella,71.50
2017-10,31/10/2017,Santander,-
2017-10,31/10/2017,Ripley,64.96
2017-10,31/10/2017,Azteca,137.12
2017-10,31/10/2017,CAT,81.37
2017-10,31/10/2017,ICBC,-
2017-11,30/11/2017,Continental,38.87
2017-11,30/11/2017,Comercio,17.68
2017-11,30/11/2017,Crédito,31.50
2017-11,30/11/2017,Financiero,43.03
2017-11,30/11/2017,BIF,18.50
2017-11,30/11/2017,Scotiabank,27.38
2017-11,30/11/2017,Citibank,-
2017-11,30/11/2017,Interbank,43.12
2017-11,30/11/2017,Mibanco,54.24
2017-11,30/11/2017,GNB,19.31
2017-11,30/11/2017,Falabella,71.81
2017-11,30/11/2017,Santander,-
2017-11,30/11/2017,Ripley,65.84
2017-11,30/11/2017,Azteca,138.30
2017-11,30/11/2017,CAT,82.11
2017-11,30/11/2017,ICBC,-
2017-12,29/12/2017,Continental,38.94
2017-12,29/12/2017,Comercio,17.48
2017-12,29/12/2017,Crédito,31.04
2017-12,29/12/2017,Financiero,44.15
2017-12,29/12/2017,BIF,18.82
2017-12,29/12/2017,Scotiabank,27.19
2017-12,29/12/2017,Citibank,-
2017-12,29/12/2017,Interbank,44.82
2017-12,29/12/2017,Mibanco,54.60
2017-12,29/12/2017,GNB,20.33
2017-12,29/12/2017,Falabella,71.25
2017-12,29/12/2017,Santander,-
2017-12,29/12/2017,Ripley,67.04
2017-12,29/12/2017,Azteca,138.44
2017-12,29/12/2017,CAT,81.71
2017-12,29/12/2017,ICBC,-
2018-01,31/01/2018,Continental,38.79
2018-01,31/01/2018,Comercio,17.66
2018-01,31/01/2018,Crédito,31.24
2018-01,31/01/2018,Financiero,45.21
2018-01,31/01/2018,BIF,19.66
2018-01,31/01/2018,Scotiabank,27.57
2018-01,31/01/2018,Citibank,-
2018-01,31/01/2018,Interbank,46.34
2018-01,31/01/2018,Mibanco,53.19
2018-01,31/01/2018,GNB,25.01
2018-01,31/01/2018,Falabella,72.51
2018-01,31/01/2018,Santander,-
2018-01,31/01/2018,Ripley,67.71
2018-01,31/01/2018,Azteca,140.65
2018-01,31/01/2018,CAT,82.15
2018-01,31/01/2018,ICBC,-
2018-02,28/02/2018,Continental,36.32
2018-02,28/02/2018,Comercio,18.04
2018-02,28/02/2018,Crédito,30.83
2018-02,28/02/2018,Financiero,43.15
2018-02,28/02/2018,BIF,19.43
2018-02,28/02/2018,Scotiabank,27.19
2018-02,28/02/2018,Citibank,-
2018-02,28/02/2018,Interbank,42.78
2018-02,28/02/2018,Mibanco,52.88
2018-02,28/02/2018,GNB,26.43
2018-02,28/02/2018,Falabella,71.11
2018-02,28/02/2018,Santander,-
2018-02,28/02/2018,Ripley,65.70
2018-02,28/02/2018,Azteca,143.92
2018-02,28/02/2018,CAT,81.62
2018-02,28/02/2018,ICBC,-
2018-03,28/03/2018,Continental,37.39
2018-03,28/03/2018,Comercio,17.89
2018-03,28/03/2018,Crédito,30.93
2018-03,28/03/2018,Financiero,43.42
2018-03,28/03/2018,BIF,19.12
2018-03,28/03/2018,Scotiabank,27.19
2018-03,28/03/2018,Citibank,-
2018-03,28/03/2018,Interbank,40.96
2018-03,28/03/2018,Mibanco,53.72
2018-03,28/03/2018,GNB,30.12
2018-03,28/03/2018,Falabella,65.22
2018-03,28/03/2018,Santander,-
2018-03,28/03/2018,Ripley,65.37
2018-03,28/03/2018,Azteca,145.65
2018-03,28/03/2018,CAT,82.95
2018-03,28/03/2018,ICBC,-
2018-04,30/04/2018,Continental,38.29
2018-04,30/04/2018,Comercio,17.35
2018-04,30/04/2018,Crédito,30.79
2018-04,30/04/2018,Financiero,41.85
2018-04,30/04/2018,BIF,19.47
2018-04,30/04/2018,Scotiabank,27.08
2018-04,30/04/2018,Citibank,-
2018-04,30/04/2018,Interbank,40.52
2018-04,30/04/2018,Mibanco,53.20
2018-04,30/04/2018,GNB,27.64
2018-04,30/04/2018,Falabella,54.26
2018-04,30/04/2018,Santander,-
2018-04,30/04/2018,Ripley,64.34
2018-04,30/04/2018,Azteca,144.62
2018-04,30/04/2018,CAT,83.16
2018-04,30/04/2018,ICBC,-
2018-05,31/05/2018,Continental,37.96
2018-05,31/05/2018,Comercio,17.10
2018-05,31/05/2018,Crédito,31.23
2018-05,31/05/2018,Financiero,41.63
2018-05,31/05/2018,BIF,19.62
2018-05,31/05/2018,Scotiabank,26.81
2018-05,31/05/2018,Citibank,-
2018-05,31/05/2018,Interbank,42.40
2018-05,31/05/2018,Mibanco,53.34
2018-05,31/05/2018,GNB,27.94
2018-05,31/05/2018,Falabella,52.84
2018-05,31/05/2018,Santander,-
2018-05,31/05/2018,Ripley,65.11
2018-05,31/05/2018,Azteca,143.65
2018-05,31/05/2018,CAT,84.38
2018-05,31/05/2018,ICBC,-
2018-06,28/06/2018,Continental,37.16
2018-06,28/06/2018,Comercio,16.85
2018-06,28/06/2018,Crédito,31.53
2018-06,28/06/2018,Financiero,40.86
2018-06,28/06/2018,BIF,19.81
2018-06,28/06/2018,Scotiabank,26.89
2018-06,28/06/2018,Citibank,-
2018-06,28/06/2018,Interbank,41.87
2018-06,28/06/2018,Mibanco,52.97
2018-06,28/06/2018,GNB,32.48
2018-06,28/06/2018,Falabella,53.42
2018-06,28/06/2018,Santander,-
2018-06,28/06/2018,Ripley,65.83
2018-06,28/06/2018,Azteca,143.40
2018-06,28/06/2018,CAT,85.94
2018-06,28/06/2018,ICBC,-
2018-07,31/07/2018,Continental,37.60
2018-07,31/07/2018,Comercio,16.38
2018-07,31/07/2018,Crédito,31.90
2018-07,31/07/2018,Financiero,40.48
2018-07,31/07/2018,BIF,20.11
2018-07,31/07/2018,Scotiabank,26.61
2018-07,31/07/2018,Citibank,-
2018-07,31/07/2018,Interbank,43.53
2018-07,31/07/2018,Mibanco,52.30
2018-07,31/07/2018,GNB,32.01
2018-07,31/07/2018,Falabella,53.48
2018-07,31/07/2018,Santander,-
2018-07,31/07/2018,Ripley,65.90
2018-07,31/07/2018,Azteca,144.62
2018-07,31/07/2018,CAT,82.33
2018-07,31/07/2018,ICBC,-
2018-08,29/08/2018,Continental,38.59
2018-08,29/08/2018,Comercio,16.17
2018-08,29/08/2018,Crédito,31.65
2018-08,29/08/2018,Pichincha,39.95
2018-08,29/08/2018,BIF,20.20
2018-08,29/08/2018,Scotiabank,26.80
2018-08,29/08/2018,Citibank,-
2018-08,29/08/2018,Interbank,43.22
2018-08,29/08/2018,Mibanco,52.41
2018-08,29/08/2018,GNB,33.96
2018-08,29/08/2018,Falabella,52.65
2018-08,29/08/2018,Santander,-
2018-08,29/08/2018,Ripley,63.69
2018-08,29/08/2018,Azteca,144.52
2018-08,29/08/2018,CAT,87.40
2018-08,29/08/2018,ICBC,-
2018-09,28/09/2018,Continental,40.55
2018-09,28/09/2018,Comercio,16.06
2018-09,28/09/2018,Crédito,31.84
2018-09,28/09/2018,Pichincha,39.65
2018-09,28/09/2018,BIF,20.21
2018-09,28/09/2018,Scotiabank,27.29
2018-09,28/09/2018,Citibank,-
2018-09,28/09/2018,Interbank,42.94
2018-09,28/09/2018,Mibanco,52.11
2018-09,28/09/2018,GNB,36.83
2018-09,28/09/2018,Falabella,50.84
2018-09,28/09/2018,Santander,-
2018-09,28/09/2018,Ripley,61.96
2018-09,28/09/2018,Azteca,144.86
2018-09,28/09/2018,CAT,85.14
2018-09,28/09/2018,ICBC,-
2018-10,31/10/2018,Continental,40.54
2018-10,31/10/2018,Comercio,16.13
2018-10,31/10/2018,Crédito,32.27
2018-10,31/10/2018,Pichincha,39.28
2018-10,31/10/2018,BIF,20.56
2018-10,31/10/2018,Scotiabank,30.91
2018-10,31/10/2018,Citibank,-
2018-10,31/10/2018,Interbank,43.03
2018-10,31/10/2018,Mibanco,51.22
2018-10,31/10/2018,GNB,37.34
2018-10,31/10/2018,Falabella,52.40
2018-10,31/10/2018,Santander,-
2018-10,31/10/2018,Ripley,62.94
2018-10,31/10/2018,Azteca,145.01
2018-10,31/10/2018,CAT,84.82
2018-10,31/10/2018,ICBC,-
2018-11,30/11/2018,Continental,40.45
2018-11,30/11/2018,Comercio,15.96
2018-11,30/11/2018,Crédito,32.19
2018-11,30/11/2018,Pichincha,39.67
2018-11,30/11/2018,BIF,20.64
2018-11,30/11/2018,Scotiabank,36.69
2018-11,30/11/2018,Citibank,-
2018-11,30/11/2018,Interbank,44.41
2018-11,30/11/2018,Mibanco,50.75
2018-11,30/11/2018,GNB,40.94
2018-11,30/11/2018,Falabella,55.33
2018-11,30/11/2018,Santander,-
2018-11,30/11/2018,Ripley,63.81
2018-11,30/11/2018,Azteca,145.86
2018-11,30/11/2018,CAT,84.33
2018-11,30/11/2018,ICBC,-
2018-12,31/12/2018,Continental,41.79
2018-12,31/12/2018,Comercio,15.85
2018-12,31/12/2018,Crédito,31.86
2018-12,31/12/2018,Pichincha,39.49
2018-12,31/12/2018,BIF,20.55
2018-12,31/12/2018,Scotiabank,36.13
2018-12,31/12/2018,Citibank,-
2018-12,31/12/2018,Interbank,44.27
2018-12,31/12/2018,Mibanco,50.57
2018-12,31/12/2018,GNB,40.90
2018-12,31/12/2018,Falabella,59.03
2018-12,31/12/2018,Santander,-
2018-12,31/12/2018,Ripley,66.38
2018-12,31/12/2018,Azteca,146.45
2018-12,31/12/2018,CAT,84.88
2018-12,31/12/2018,ICBC,-
2019-01,31/01/2019,Continental,42.41
2019-01,31/01/2019,Comercio,16.10
2019-01,31/01/2019,Crédito,31.97
2019-01,31/01/2019,Pichincha,39.40
2019-01,31/01/2019,BIF,21.45
2019-01,31/01/2019,Scotiabank,33.64
2019-01,31/01/2019,Citibank,-
2019-01,31/01/2019,Interbank,44.54
2019-01,31/01/2019,Mibanco,49.68
2019-01,31/01/2019,GNB,40.84
2019-01,31/01/2019,Falabella,53.99
2019-01,31/01/2019,Santander,-
2019-01,31/01/2019,Ripley,65.08
2019-01,31/01/2019,Azteca,146.80
2019-01,31/01/2019,CAT,84.48
2019-01,31/01/2019,ICBC,-
2019-02,28/02/2019,Continental,39.93
2019-02,28/02/2019,Comercio,16.73
2019-02,28/02/2019,Crédito,31.62
2019-02,28/02/2019,Pichincha,38.81
2019-02,28/02/2019,BIF,20.82
2019-02,28/02/2019,Scotiabank,36.12
2019-02,28/02/2019,Citibank,-
2019-02,28/02/2019,Interbank,43.68
2019-02,28/02/2019,Mibanco,49.81
2019-02,28/02/2019,GNB,39.61
2019-02,28/02/2019,Falabella,51.30
2019-02,28/02/2019,Santander,-
2019-02,28/02/2019,Ripley,63.93
2019-02,28/02/2019,Azteca,147.18
2019-02,28/02/2019,CAT,s.i.
2019-02,28/02/2019,ICBC,-
2019-03,29/03/2019,Continental,38.86
2019-03,29/03/2019,Comercio,16.56
2019-03,29/03/2019,Crédito,30.83
2019-03,29/03/2019,Pichincha,38.78
2019-03,29/03/2019,BIF,20.41
2019-03,29/03/2019,Scotiabank,35.44
2019-03,29/03/2019,Citibank,-
2019-03,29/03/2019,Interbank,44.91
2019-03,29/03/2019,Mibanco,50.94
2019-03,29/03/2019,GNB,40.40
2019-03,29/03/2019,Falabella,51.70
2019-03,29/03/2019,Santander,-
2019-03,29/03/2019,Ripley,64.46
2019-03,29/03/2019,Azteca,147.18
2019-03,29/03/2019,ICBC,-
2019-04,30/04/2019,Continental,41.15
2019-04,30/04/2019,Comercio,16.56
2019-04,30/04/2019,Crédito,30.60
2019-04,30/04/2019,Pichincha,38.81
2019-04,30/04/2019,BIF,20.18
2019-04,30/04/2019,Scotiabank,35.20
2019-04,30/04/2019,Citibank,-
2019-04,30/04/2019,Interbank,45.26
2019-04,30/04/2019,Mibanco,50.29
2019-04,30/04/2019,GNB,38.24
2019-04,30/04/2019,Falabella,52.10
2019-04,30/04/2019,Santander,-
2019-04,30/04/2019,Ripley,62.12
2019-04,30/04/2019,Azteca,146.55
2019-04,30/04/2019,ICBC,-
2019-05,31/05/2019,Continental,39.80
2019-05,31/05/2019,Comercio,16.70
2019-05,31/05/2019,Crédito,31.63
2019-05,31/05/2019,Pichincha,39.28
2019-05,31/05/2019,BIF,20.60
2019-05,31/05/2019,Scotiabank,33.36
2019-05,31/05/2019,Citibank,-
2019-05,31/05/2019,Interbank,45.79
2019-05,31/05/2019,Mibanco,50.43
2019-05,31/05/2019,GNB,37.99
2019-05,31/05/2019,Falabella,53.29
2019-05,31/05/2019,Santander,-
2019-05,31/05/2019,Ripley,62.81
2019-05,31/05/2019,Azteca,145.16
2019-05,31/05/2019,ICBC,-
2019-06,28/06/2019,BBVA,39.52
2019-06,28/06/2019,Comercio,16.65
2019-06,28/06/2019,Crédito,31.91
2019-06,28/06/2019,Pichincha,40.43
2019-06,28/06/2019,BIF,20.80
2019-06,28/06/2019,Scotiabank,31.78
2019-06,28/06/2019,Citibank,-
2019-06,28/06/2019,Interbank,45.43
2019-06,28/06/2019,Mibanco,51.15
2019-06,28/06/2019,GNB,36.93
2019-06,28/06/2019,Falabella,54.39
2019-06,28/06/2019,Santander,-
2019-06,28/06/2019,Ripley,63.94
2019-06,28/06/2019,Azteca,143.95
2019-06,28/06/2019,ICBC,-
2019-07,31/07/2019,BBVA,38.71
2019-07,31/07/2019,Comercio,16.52
2019-07,31/07/2019,Crédito,31.80
2019-07,31/07/2019,Pichincha,40.61
2019-07,31/07/2019,BIF,20.24
2019-07,31/07/2019,Scotiabank,32.34
2019-07,31/07/2019,Citibank,-
2019-07,31/07/2019,Interbank,45.18
2019-07,31/07/2019,Mibanco,50.85
2019-07,31/07/2019,GNB,31.15
2019-07,31/07/2019,Falabella,50.77
2019-07,31/07/2019,Santander,-
2019-07,31/07/2019,Ripley,64.29
2019-07,31/07/2019,Azteca,142.74
2019-07,31/07/2019,ICBC,-
2019-08,28/08/2019,BBVA,37.81
2019-08,28/08/2019,Comercio,16.92
2019-08,28/08/2019,Crédito,31.73
2019-08,28/08/2019,Pichincha,41.05
2019-08,28/08/2019,BIF,19.47
2019-08,28/08/2019,Scotiabank,32.73
2019-08,28/08/2019,Citibank,-
2019-08,28/08/2019,Interbank,45.42
2019-08,28/08/2019,Mibanco,51.54
2019-08,28/08/2019,GNB,37.74
2019-08,28/08/2019,Falabella,51.24
2019-08,28/08/2019,Santander,-
2019-08,28/08/2019,Ripley,63.24
2019-08,28/08/2019,Azteca,137.59
2019-08,28/08/2019,ICBC,-
2019-09,30/09/2019,BBVA,36.67
2019-09,30/09/2019,Comercio,16.71
2019-09,30/09/2019,Crédito,31.48
2019-09,30/09/2019,Pichincha,40.77
2019-09,30/09/2019,BIF,19.44
2019-09,30/09/2019,Scotiabank,31.21
2019-09,30/09/2019,Citibank,-
2019-09,30/09/2019,Interbank,45.71
2019-09,30/09/2019,Mibanco,51.03
2019-09,30/09/2019,GNB,39.60
2019-09,30/09/2019,Falabella,50.15
2019-09,30/09/2019,Santander,-
2019-09,30/09/2019,Ripley,62.67
2019-09,30/09/2019,Azteca,137.60
2019-09,30/09/2019,ICBC,-
2019-10,30/10/2019,BBVA,36.39
2019-10,30/10/2019,Comercio,16.95
2019-10,30/10/2019,Crédito,31.62
2019-10,30/10/2019,Pichincha,41.74
2019-10,30/10/2019,BIF,19.43
2019-10,30/10/2019,Scotiabank,31.99
2019-10,30/10/2019,Citibank,-
2019-10,30/10/2019,Interbank,45.33
2019-10,30/10/2019,Mibanco,50.79
2019-10,30/10/2019,GNB,35.62
2019-10,30/10/2019,Falabella,45.83
2019-10,30/10/2019,Santander,-
2019-10,30/10/2019,Ripley,63.62
2019-10,30/10/2019,Azteca,140.79
2019-10,30/10/2019,ICBC,-
2019-11,29/11/2019,BBVA,36.11
2019-11,29/11/2019,Comercio,17.09
2019-11,29/11/2019,Crédito,31.87
2019-11,29/11/2019,Pichincha,41.45
2019-11,29/11/2019,BIF,18.86
2019-11,29/11/2019,Scotiabank,32.03
2019-11,29/11/2019,Citibank,-
2019-11,29/11/2019,Interbank,44.82
2019-11,29/11/2019,Mibanco,49.66
2019-11,29/11/2019,GNB,36.88
2019-11,29/11/2019,Falabella,48.28
2019-11,29/11/2019,Santander,-
2019-11,29/11/2019,Ripley,61.10
2019-11,29/11/2019,Azteca,136.96
2019-11,29/11/2019,ICBC,-
2019-12,31/12/2019,BBVA,37.45
2019-12,31/12/2019,Comercio,16.71
2019-12,31/12/2019,Crédito,32.59
2019-12,31/12/2019,Pichincha,40.86
2019-12,31/12/2019,BIF,19.05
2019-12,31/12/2019,Scotiabank,31.65
2019-12,31/12/2019,Citibank,-
2019-12,31/12/2019,Interbank,45.19
2019-12,31/12/2019,Mibanco,49.62
2019-12,31/12/2019,GNB,40.62
2019-12,31/12/2019,Falabella,52.19
2019-12,31/12/2019,Santander,-
2019-12,31/12/2019,Ripley,62.85
2019-12,31/12/2019,Azteca,131.00
2019-12,31/12/2019,ICBC,-
2020-01,31/01/2020,BBVA,37.29
2020-01,31/01/2020,Comercio,16.72
2020-01,31/01/2020,Crédito,32.05
2020-01,31/01/2020,Pichincha,40.46
2020-01,31/01/2020,BIF,19.09
2020-01,31/01/2020,Scotiabank,31.47
2020-01,31/01/2020,Citibank,-
2020-01,31/01/2020,Interbank,45.97
2020-01,31/01/2020,Mibanco,47.81
2020-01,31/01/2020,GNB,40.47
2020-01,31/01/2020,Falabella,47.28
2020-01,31/01/2020,Santander,-
2020-01,31/01/2020,Ripley,63.06
2020-01,31/01/2020,Azteca,126.91
2020-01,31/01/2020,ICBC,-
2020-02,28/02/2020,BBVA,34.79
2020-02,28/02/2020,Comercio,17.33
2020-02,28/02/2020,Crédito,31.53
2020-02,28/02/2020,Pichincha,40.69
2020-02,28/02/2020,BIF,18.76
2020-02,28/02/2020,Scotiabank,32.07
2020-02,28/02/2020,Citibank,-
2020-02,28/02/2020,Interbank,45.11
2020-02,28/02/2020,Mibanco,47.72
2020-02,28/02/2020,GNB,37.38
2020-02,28/02/2020,Falabella,41.71
2020-02,28/02/2020,Santander,-
2020-02,28/02/2020,Ripley,61.97
2020-02,28/02/2020,Azteca,122.91
2020-02,28/02/2020,ICBC,-
2020-03,31/03/2020,BBVA,35.86
2020-03,31/03/2020,Comercio,17.22
2020-03,31/03/2020,Crédito,31.83
2020-03,31/03/2020,Pichincha,40.45
2020-03,31/03/2020,BIF,19.38
2020-03,31/03/2020,Scotiabank,32.14
2020-03,31/03/2020,Citibank,-
2020-03,31/03/2020,Interbank,47.50
2020-03,31/03/2020,Mibanco,48.99
2020-03,31/03/2020,GNB,35.69
2020-03,31/03/2020,Falabella,45.27
2020-03,31/03/2020,Santander,-
2020-03,31/03/2020,Ripley,60.62
2020-03,31/03/2020,Azteca,122.55
2020-03,31/03/2020,ICBC,-
2020-04,30/04/2020,BBVA,37.19
2020-04,30/04/2020,Comercio,17.43
2020-04,30/04/2020,Crédito,36.37
2020-04,30/04/2020,Pichincha,41.00
2020-04,30/04/2020,BIF,25.32
2020-04,30/04/2020,Scotiabank,30.24
2020-04,30/04/2020,Citibank,-
2020-04,30/04/2020,Interbank,48.54
2020-04,30/04/2020,Mibanco,49.84
2020-04,30/04/2020,GNB,37.48
2020-04,30/04/2020,Falabella,54.75
2020-04,30/04/2020,Santander,-
2020-04,30/04/2020,Ripley,55.22
2020-04,30/04/2020,Azteca,127.59
2020-04,30/04/2020,ICBC,-
2020-05,29/05/2020,BBVA,38.80
2020-05,29/05/2020,Comercio,17.19
2020-05,29/05/2020,Crédito,34.43
2020-05,29/05/2020,Pichincha,39.83
2020-05,29/05/2020,BIF,25.90
2020-05,29/05/2020,Scotiabank,28.88
2020-05,29/05/2020,Citibank,-
2020-05,29/05/2020,Interbank,50.29
2020-05,29/05/2020,Mibanco,52.91
2020-05,29/05/2020,GNB,31.70
2020-05,29/05/2020,Falabella,46.23
2020-05,29/05/2020,Santander,-
2020-05,29/05/2020,Ripley,63.38
2020-05,29/05/2020,Azteca,138.53
2020-05,29/05/2020,ICBC,-
2020-06,30/06/2020,BBVA,38.70
2020-06,30/06/2020,Comercio,16.80
2020-06,30/06/2020,Crédito,28.37
2020-06,30/06/2020,Pichincha,38.94
2020-06,30/06/2020,BIF,24.61
2020-06,30/06/2020,Scotiabank,33.63
2020-06,30/06/2020,Citibank,-
2020-06,30/06/2020,Interbank,49.31
2020-06,30/06/2020,Mibanco,53.41
2020-06,30/06/2020,GNB,36.32
2020-06,30/06/2020,Falabella,50.37
2020-06,30/06/2020,Santander,-
2020-06,30/06/2020,Ripley,59.23
2020-06,30/06/2020,Azteca,147.18
2020-06,30/06/2020,ICBC,-
2020-07,31/07/2020,BBVA,39.26
2020-07,31/07/2020,Comercio,17.45
2020-07,31/07/2020,Crédito,30.76
2020-07,31/07/2020,Pichincha,38.45
2020-07,31/07/2020,BIF,22.10
2020-07,31/07/2020,Scotiabank,32.10
2020-07,31/07/2020,Citibank,-
2020-07,31/07/2020,Interbank,49.47
2020-07,31/07/2020,Mibanco,48.97
2020-07,31/07/2020,GNB,49.23
2020-07,31/07/2020,Falabella,49.73
2020-07,31/07/2020,Santander,-
2020-07,31/07/2020,Ripley,60.04
2020-07,31/07/2020,Azteca,146.65
2020-07,31/07/2020,ICBC,-
2020-07,31/07/2020,Bank of China,-
2020-08,31/08/2020,BBVA,37.93
2020-08,31/08/2020,Comercio,17.67
2020-08,31/08/2020,Crédito,32.85
2020-08,31/08/2020,Pichincha,39.19
2020-08,31/08/2020,BIF,22.06
2020-08,31/08/2020,Scotiabank,31.00
2020-08,31/08/2020,Citibank,-
2020-08,31/08/2020,Interbank,51.29
2020-08,31/08/2020,Mibanco,47.99
2020-08,31/08/2020,GNB,46.46
2020-08,31/08/2020,Falabella,47.64
2020-08,31/08/2020,Santander,-
2020-08,31/08/2020,Ripley,56.45
2020-08,31/08/2020,Azteca,148.90
2020-08,31/08/2020,ICBC,-
2020-08,31/08/2020,Bank of China,-
2020-09,30/09/2020,BBVA,35.99
2020-09,30/09/2020,Comercio,16.89
2020-09,30/09/2020,Crédito,31.72
2020-09,30/09/2020,Pichincha,39.81
2020-09,30/09/2020,BIF,17.94
2020-09,30/09/2020,Scotiabank,30.89
2020-09,30/09/2020,Citibank,-
2020-09,30/09/2020,Interbank,49.26
2020-09,30/09/2020,Mibanco,46.12
2020-09,30/09/2020,GNB,45.22
2020-09,30/09/2020,Falabella,46.32
2020-09,30/09/2020,Santander,-
2020-09,30/09/2020,Ripley,53.48
2020-09,30/09/2020,Azteca,150.32
2020-09,30/09/2020,ICBC,-
2020-09,30/09/2020,Bank of China,-
2020-10,30/10/2020,BBVA,35.37
2020-10,30/10/2020,Comercio,17.37
2020-10,30/10/2020,Crédito,27.19
2020-10,30/10/2020,Pichincha,38.96
2020-10,30/10/2020,BIF,17.04
2020-10,30/10/2020,Scotiabank,30.80
2020-10,30/10/2020,Citibank,-
2020-10,30/10/2020,Interbank,48.70
2020-10,30/10/2020,Mibanco,43.95
2020-10,30/10/2020,GNB,47.91
2020-10,30/10/2020,Falabella,49.40
2020-10,30/10/2020,Santander,-
2020-10,30/10/2020,Ripley,50.97
2020-10,30/10/2020,Azteca,145.55
2020-10,30/10/2020,ICBC,-
2020-10,30/10/2020,Bank of China,-
2020-11,30/11/2020,BBVA,35.27
2020-11,30/11/2020,Comercio,17.20
2020-11,30/11/2020,Crédito,26.64
2020-11,30/11/2020,Pichincha,39.75
2020-11,30/11/2020,BIF,16.77
2020-11,30/11/2020,Scotiabank,31.86
2020-11,30/11/2020,Citibank,-
2020-11,30/11/2020,Interbank,47.89
2020-11,30/11/2020,Mibanco,42.15
2020-11,30/11/2020,GNB,45.96
2020-11,30/11/2020,Falabella,46.43
2020-11,30/11/2020,Santander,-
2020-11,30/11/2020,Ripley,53.52
2020-11,30/11/2020,Azteca,143.79
2020-11,30/11/2020,ICBC,-
2020-11,30/11/2020,Bank of China,-
2020-12,31/12/2020,BBVA,35.54
2020-12,31/12/2020,Comercio,16.87
2020-12,31/12/2020,Crédito,28.85
2020-12,31/12/2020,Pichincha,40.21
2020-12,31/12/2020,BIF,16.56
2020-12,31/12/2020,Scotiabank,33.05
2020-12,31/12/2020,Citibank,-
2020-12,31/12/2020,Interbank,48.04
2020-12,31/12/2020,Mibanco,41.74
2020-12,31/12/2020,GNB,44.36
2020-12,31/12/2020,Falabella,56.04
2020-12,31/12/2020,Santander,-
2020-12,31/12/2020,Ripley,57.37
2020-12,31/12/2020,Azteca,135.91
2020-12,31/12/2020,ICBC,-
2020-12,31/12/2020,Bank of China,-
2021-01,29/01/2021,BBVA,35.92
2021-01,29/01/2021,Comercio,17.53
2021-01,29/01/2021,Crédito,29.09
2021-01,29/01/2021,Pichincha,41.33
2021-01,29/01/2021,BIF,17.23
2021-01,29/01/2021,Scotiabank,31.67
2021-01,29/01/2021,Citibank,-
2021-01,29/01/2021,Interbank,46.97
2021-01,29/01/2021,Mibanco,43.22
2021-01,29/01/2021,GNB,44.83
2021-01,29/01/2021,Falabella,57.53
2021-01,29/01/2021,Santander,-
2021-01,29/01/2021,Ripley,58.13
2021-01,29/01/2021,Azteca,85.49
2021-01,29/01/2021,ICBC,-
2021-01,29/01/2021,Bank of China,s.i.
2021-02,26/02/2021,BBVA,35.00
2021-02,26/02/2021,Comercio,16.59
2021-02,26/02/2021,Crédito,28.38
2021-02,26/02/2021,Pichincha,42.04
2021-02,26/02/2021,BIF,16.23
2021-02,26/02/2021,Scotiabank,31.24
2021-02,26/02/2021,Citibank,-
2021-02,26/02/2021,Interbank,45.34
2021-02,26/02/2021,Mibanco,s.i.
2021-02,26/02/2021,GNB,34.27
2021-02,26/02/2021,Falabella,53.46
2021-02,26/02/2021,Santander,-
2021-02,26/02/2021,Ripley,57.35
2021-02,26/02/2021,Azteca,69.11
2021-02,26/02/2021,ICBC,-
2021-02,26/02/2021,Bank of China,s.i.
2021-03,31/03/2021,BBVA,34.68
2021-03,31/03/2021,Comercio,14.63
2021-03,31/03/2021,Crédito,29.71
2021-03,31/03/2021,Pichincha,37.76
2021-03,31/03/2021,BIF,15.47
2021-03,31/03/2021,Scotiabank,27.78
2021-03,31/03/2021,Citibank,-
2021-03,31/03/2021,Interbank,48.19
2021-03,31/03/2021,Mibanco,43.55
2021-03,31/03/2021,GNB,32.90
2021-03,31/03/2021,Falabella,56.21
2021-03,31/03/2021,Santander,-
2021-03,31/03/2021,Ripley,57.76
2021-03,31/03/2021,Azteca,83.81
2021-03,31/03/2021,ICBC,-
2021-03,31/03/2021,Bank of China,s.i.
2021-04,30/04/2021,BBVA,34.35
2021-04,30/04/2021,Comercio,14.65
2021-04,30/04/2021,Crédito,29.63
2021-04,30/04/2021,Pichincha,39.45
2021-04,30/04/2021,BIF,15.43
2021-04,30/04/2021,Scotiabank,26.02
2021-04,30/04/2021,Citibank,-
2021-04,30/04/2021,Interbank,48.09
2021-04,30/04/2021,Mibanco,43.66
2021-04,30/04/2021,GNB,33.85
2021-04,30/04/2021,Falabella,55.29
2021-04,30/04/2021,Santander,-
2021-04,30/04/2021,Ripley,56.38
2021-04,30/04/2021,Azteca,88.84
2021-04,30/04/2021,ICBC,-
2021-04,30/04/2021,Bank of China,s.i.
2021-05,31/05/2021,BBVA,31.89
2021-05,31/05/2021,Comercio,14.55
2021-05,31/05/2021,Crédito,29.99
2021-05,31/05/2021,Pichincha,35.82
2021-05,31/05/2021,BIF,15.33
2021-05,31/05/2021,Scotiabank,26.78
2021-05,31/05/2021,Citibank,-
2021-05,31/05/2021,Interbank,48.92
2021-05,31/05/2021,Mibanco,43.72
2021-05,31/05/2021,GNB,29.53
2021-05,31/05/2021,Falabella,56.32
2021-05,31/05/2021,Santander,-
2021-05,31/05/2021,Ripley,55.41
2021-05,31/05/2021,Azteca,83.00
2021-05,31/05/2021,ICBC,-
2021-05,31/05/2021,Bank of China,s.i.
2021-06,30/06/2021,BBVA,31.27
2021-06,30/06/2021,Comercio,14.38
2021-06,30/06/2021,Crédito,29.54
2021-06,30/06/2021,Pichincha,30.67
2021-06,30/06/2021,BIF,15.06
2021-06,30/06/2021,Scotiabank,27.40
2021-06,30/06/2021,Citibank,-
2021-06,30/06/2021,Interbank,49.71
2021-06,30/06/2021,Mibanco,43.75
2021-06,30/06/2021,GNB,26.89
2021-06,30/06/2021,Falabella,59.19
2021-06,30/06/2021,Santander,-
2021-06,30/06/2021,Ripley,56.23
2021-06,30/06/2021,Azteca,68.23
2021-06,30/06/2021,ICBC,-
2021-06,30/06/2021,Bank of China,s.i.
2021-07,30/07/2021,BBVA,33.24
2021-07,30/07/2021,Comercio,15.01
2021-07,30/07/2021,Crédito,29.77
2021-07,30/07/2021,Pichincha,30.28
2021-07,30/07/2021,BIF,14.76
2021-07,30/07/2021,Scotiabank,27.11
2021-07,30/07/2021,Citibank,-
2021-07,30/07/2021,Interbank,49.25
2021-07,30/07/2021,Mibanco,43.03
2021-07,30/07/2021,GNB,26.29
2021-07,30/07/2021,Falabella,57.42
2021-07,30/07/2021,Santander,-
2021-07,30/07/2021,Ripley,57.92
2021-07,30/07/2021,Azteca,72.42
2021-07,30/07/2021,ICBC,-
2021-07,30/07/2021,Bank of China,s.i.
2021-08,31/08/2021,BBVA,33.78
2021-08,31/08/2021,Comercio,15.31
2021-08,31/08/2021,Crédito,29.48
2021-08,31/08/2021,Pichincha,28.84
2021-08,31/08/2021,BIF,14.47
2021-08,31/08/2021,Scotiabank,28.79
2021-08,31/08/2021,Citibank,-
2021-08,31/08/2021,Interbank,47.83
2021-08,31/08/2021,Mibanco,41.87
2021-08,31/08/2021,GNB,31.12
2021-08,31/08/2021,Falabella,60.78
2021-08,31/08/2021,Santander,-
2021-08,31/08/2021,Ripley,57.45
2021-08,31/08/2021,Azteca,72.56
2021-08,31/08/2021,ICBC,-
2021-08,31/08/2021,Bank of China,-
2021-09,30/09/2021,BBVA,32.70
2021-09,30/09/2021,Comercio,12.84
2021-09,30/09/2021,Crédito,29.31
2021-09,30/09/2021,Pichincha,28.66
2021-09,30/09/2021,BIF,13.96
2021-09,30/09/2021,Scotiabank,29.23
2021-09,30/09/2021,Citibank,-
2021-09,30/09/2021,Interbank,47.35
2021-09,30/09/2021,Mibanco,41.79
2021-09,30/09/2021,GNB,26.96
2021-09,30/09/2021,Falabella,61.93
2021-09,30/09/2021,Santander,-
2021-09,30/09/2021,Ripley,55.52
2021-09,30/09/2021,Azteca,72.25
2021-09,30/09/2021,ICBC,-
2021-09,30/09/2021,Bank of China,-
2021-10,29/10/2021,BBVA,34.12
2021-10,29/10/2021,Comercio,12.73
2021-10,29/10/2021,Crédito,30.10
2021-10,29/10/2021,Pichincha,31.12
2021-10,29/10/2021,BIF,13.61
2021-10,29/10/2021,Scotiabank,30.10
2021-10,29/10/2021,Citibank,-
2021-10,29/10/2021,Interbank,47.21
2021-10,29/10/2021,Mibanco,42.03
2021-10,29/10/2021,GNB,29.30
2021-10,29/10/2021,Falabella,59.92
2021-10,29/10/2021,Santander,-
2021-10,29/10/2021,Ripley,55.82
2021-10,29/10/2021,Azteca,72.07
2021-10,29/10/2021,ICBC,-
2021-10,29/10/2021,Bank of China,-
2021-11,30/11/2021,BBVA,35.35
2021-11,30/11/2021,Comercio,13.65
2021-11,30/11/2021,Crédito,s.i.
2021-11,30/11/2021,Pichincha,35.37
2021-11,30/11/2021,BIF,13.55
2021-11,30/11/2021,Scotiabank,30.27
2021-11,30/11/2021,Citibank,-
2021-11,30/11/2021,Interbank,48.43
2021-11,30/11/2021,Mibanco,43.43
2021-11,30/11/2021,GNB,33.88
2021-11,30/11/2021,Falabella,62.14
2021-11,30/11/2021,Santander,-
2021-11,30/11/2021,Ripley,59.27
2021-11,30/11/2021,Alfin,66.97
2021-11,30/11/2021,ICBC,-
2021-11,30/11/2021,Bank of China,-
2021-12,31/12/2021,BBVA,35.91
2021-12,31/12/2021,Comercio,13.02
2021-12,31/12/2021,Crédito,31.10
2021-12,31/12/2021,Pichincha,35.54
2021-12,31/12/2021,BIF,14.38
2021-12,31/12/2021,Scotiabank,31.97
2021-12,31/12/2021,Citibank,-
2021-12,31/12/2021,Interbank,49.52
2021-12,31/12/2021,Mibanco,44.05
2021-12,31/12/2021,GNB,33.86
2021-12,31/12/2021,Falabella,64.78
2021-12,31/12/2021,Santander,-
2021-12,31/12/2021,Ripley,61.20
2021-12,31/12/2021,Alfin,62.17
2021-12,31/12/2021,ICBC,-
2021-12,31/12/2021,Bank of China,-
2022-01,31/01/2022,BBVA,36.38
2022-01,31/01/2022,Comercio,14.44
2022-01,31/01/2022,Crédito,31.99
2022-01,31/01/2022,Pichincha,35.63
2022-01,31/01/2022,BIF,14.87
2022-01,31/01/2022,Scotiabank,32.65
2022-01,31/01/2022,Citibank,-
2022-01,31/01/2022,Interbank,50.67
2022-01,31/01/2022,Mibanco,44.32
2022-01,31/01/2022,GNB,37.46
2022-01,31/01/2022,Falabella,63.79
2022-01,31/01/2022,Santander,-
2022-01,31/01/2022,Ripley,57.55
2022-01,31/01/2022,Alfin,64.60
2022-01,31/01/2022,ICBC,-
2022-01,31/01/2022,Bank of China,-
2022-02,28/02/2022,BBVA,36.07
2022-02,28/02/2022,Comercio,15.06
2022-02,28/02/2022,Crédito,31.39
2022-02,28/02/2022,Pichincha,35.05
2022-02,28/02/2022,BIF,14.45
2022-02,28/02/2022,Scotiabank,32.06
2022-02,28/02/2022,Citibank,-
2022-02,28/02/2022,Interbank,49.66
2022-02,28/02/2022,Mibanco,44.72
2022-02,28/02/2022,GNB,31.59
2022-02,28/02/2022,Falabella,61.99
2022-02,28/02/2022,Santander,-
2022-02,28/02/2022,Ripley,55.90
2022-02,28/02/2022,Alfin,66.84
2022-02,28/02/2022,ICBC,-
2022-02,28/02/2022,Bank of China,-
2022-03,31/03/2022,BBVA,36.12
2022-03,31/03/2022,Comercio,14.07
2022-03,31/03/2022,Crédito,32.82
2022-03,31/03/2022,Pichincha,35.74
2022-03,31/03/2022,BIF,14.06
2022-03,31/03/2022,Scotiabank,32.95
2022-03,31/03/2022,Citibank,-
2022-03,31/03/2022,Interbank,51.18
2022-03,31/03/2022,Mibanco,47.35
2022-03,31/03/2022,GNB,28.82
2022-03,31/03/2022,Falabella,64.07
2022-03,31/03/2022,Santander,-
2022-03,31/03/2022,Ripley,57.94
2022-03,31/03/2022,Alfin,67.74
2022-03,31/03/2022,ICBC,-
2022-03,31/03/2022,Bank of China,-
2022-04,29/04/2022,BBVA,36.14
2022-04,29/04/2022,Comercio,14.17
2022-04,29/04/2022,Crédito,33.72
2022-04,29/04/2022,Pichincha,36.15
2022-04,29/04/2022,BIF,14.37
2022-04,29/04/2022,Scotiabank,32.99
2022-04,29/04/2022,Citibank,-
2022-04,29/04/2022,Interbank,51.39
2022-04,29/04/2022,Mibanco,48.45
2022-04,29/04/2022,GNB,26.94
2022-04,29/04/2022,Falabella,67.37
2022-04,29/04/2022,Santander,-
2022-04,29/04/2022,Ripley,62.31
2022-04,29/04/2022,Alfin,65.01
2022-04,29/04/2022,ICBC,-
2022-04,29/04/2022,Bank of China,-
2022-05,31/05/2022,BBVA,36.83
2022-05,31/05/2022,Comercio,14.63
2022-05,31/05/2022,Crédito,34.32
2022-05,31/05/2022,Pichincha,37.05
2022-05,31/05/2022,BIF,15.15
2022-05,31/05/2022,Scotiabank,32.87
2022-05,31/05/2022,Citibank,-
2022-05,31/05/2022,Interbank,51.67
2022-05,31/05/2022,Mibanco,48.40
2022-05,31/05/2022,GNB,30.04
2022-05,31/05/2022,Falabella,68.74
2022-05,31/05/2022,Santander,-
2022-05,31/05/2022,Ripley,65.74
2022-05,31/05/2022,Alfin,68.63
2022-05,31/05/2022,ICBC,-
2022-05,31/05/2022,Bank of China,s.i.
2022-06,30/06/2022,BBVA,36.73
2022-06,30/06/2022,Comercio,13.97
2022-06,30/06/2022,Crédito,34.94
2022-06,30/06/2022,Pichincha,38.04
2022-06,30/06/2022,BIF,15.36
2022-06,30/06/2022,Scotiabank,33.96
2022-06,30/06/2022,Citibank,-
2022-06,30/06/2022,Interbank,52.45
2022-06,30/06/2022,Mibanco,48.88
2022-06,30/06/2022,GNB,30.93
2022-06,30/06/2022,Falabella,70.66
2022-06,30/06/2022,Santander,-
2022-06,30/06/2022,Ripley,68.04
2022-06,30/06/2022,Alfin,69.31
2022-06,30/06/2022,ICBC,-
2022-06,30/06/2022,Bank of China,-
2022-07,27/07/2022,BBVA,38.17
2022-07,27/07/2022,Comercio,13.98
2022-07,27/07/2022,Crédito,35.77
2022-07,27/07/2022,Pichincha,38.92
2022-07,27/07/2022,BIF,17.34
2022-07,27/07/2022,Scotiabank,34.93
2022-07,27/07/2022,Citibank,-
2022-07,27/07/2022,Interbank,53.45
2022-07,27/07/2022,Mibanco,48.17
2022-07,27/07/2022,GNB,29.77
2022-07,27/07/2022,Falabella,72.64
2022-07,27/07/2022,Santander,-
2022-07,27/07/2022,Ripley,68.38
2022-07,27/07/2022,Alfin,69.45
2022-07,27/07/2022,ICBC,-
2022-07,27/07/2022,Bank of China,-
2022-08,31/08/2022,BBVA,39.06
2022-08,31/08/2022,Comercio,14.75
2022-08,31/08/2022,Crédito,38.31
2022-08,31/08/2022,Pichincha,39.28
2022-08,31/08/2022,BIF,23.33
2022-08,31/08/2022,Scotiabank,35.33
2022-08,31/08/2022,Citibank,-
2022-08,31/08/2022,Interbank,54.35
2022-08,31/08/2022,Mibanco,48.82
2022-08,31/08/2022,GNB,29.33
2022-08,31/08/2022,Falabella,71.25
2022-08,31/08/2022,Santander,-
2022-08,31/08/2022,Ripley,68.97
2022-08,31/08/2022,Alfin,69.00
2022-08,31/08/2022,ICBC,-
2022-08,31/08/2022,Bank of China,s.i.
2022-08,31/08/2022,BCI,-
2022-09,30/09/2022,BBVA,39.48
2022-09,30/09/2022,Comercio,14.71
2022-09,30/09/2022,Crédito,40.90
2022-09,30/09/2022,Pichincha,39.27
2022-09,30/09/2022,BIF,23.00
2022-09,30/09/2022,Scotiabank,35.35
2022-09,30/09/2022,Citibank,-
2022-09,30/09/2022,Interbank,54.24
2022-09,30/09/2022,Mibanco,48.71
2022-09,30/09/2022,GNB,29.34
2022-09,30/09/2022,Falabella,70.05
2022-09,30/09/2022,Santander,-
2022-09,30/09/2022,Ripley,67.38
2022-09,30/09/2022,Alfin,68.62
2022-09,30/09/2022,ICBC,-
2022-09,30/09/2022,Bank of China,s.i.
2022-09,30/09/2022,BCI,-
2022-10,31/10/2022,BBVA,40.53
2022-10,31/10/2022,Comercio,14.31
2022-10,31/10/2022,Crédito,42.10
2022-10,31/10/2022,Pichincha,39.43
2022-10,31/10/2022,BIF,25.05
2022-10,31/10/2022,Scotiabank,35.33
2022-10,31/10/2022,Citibank,-
2022-10,31/10/2022,Interbank,54.81
2022-10,31/10/2022,Mibanco,49.11
2022-10,31/10/2022,GNB,30.85
2022-10,31/10/2022,Falabella,69.48
2022-10,31/10/2022,Santander,-
2022-10,31/10/2022,Ripley,63.54
2022-10,31/10/2022,Alfin,66.88
2022-10,31/10/2022,ICBC,-
2022-10,31/10/2022,Bank of China,s.i.
2022-10,31/10/2022,BCI,-
2022-11,30/11/2022,BBVA,41.18
2022-11,30/11/2022,Comercio,14.42
2022-11,30/11/2022,Crédito,42.99
2022-11,30/11/2022,Pichincha,39.54
2022-11,30/11/2022,BIF,27.46
2022-11,30/11/2022,Scotiabank,36.79
2022-11,30/11/2022,Citibank,-
2022-11,30/11/2022,Interbank,54.58
2022-11,30/11/2022,Mibanco,48.38
2022-11,30/11/2022,GNB,28.52
2022-11,30/11/2022,Falabella,68.83
2022-11,30/11/2022,Santander,-
2022-11,30/11/2022,Ripley,64.74
2022-11,30/11/2022,Alfin,67.67
2022-11,30/11/2022,ICBC,-
2022-11,30/11/2022,Bank of China,s.i.
2022-11,30/11/2022,BCI,-
2022-12,30/12/2022,BBVA,39.45
2022-12,30/12/2022,Comercio,14.62
2022-12,30/12/2022,Crédito,44.33
2022-12,30/12/2022,Pichincha,40.16
2022-12,30/12/2022,BIF,28.23
2022-12,30/12/2022,Scotiabank,38.24
2022-12,30/12/2022,Citibank,-
2022-12,30/12/2022,Interbank,55.81
2022-12,30/12/2022,Mibanco,50.12
2022-12,30/12/2022,GNB,26.31
2022-12,30/12/2022,Falabella,72.97
2022-12,30/12/2022,Santander,-
2022-12,30/12/2022,Ripley,68.18
2022-12,30/12/2022,Alfin,68.23
2022-12,30/12/2022,ICBC,-
2022-12,30/12/2022,Bank of China,s.i.
2022-12,30/12/2022,BCI,-
2023-01,31/01/2023,BBVA,38.16
2023-01,31/01/2023,Comercio,14.94
2023-01,31/01/2023,Crédito,44.88
2023-01,31/01/2023,Pichincha,40.72
2023-01,31/01/2023,BIF,29.87
2023-01,31/01/2023,Scotiabank,37.96
2023-01,31/01/2023,Citibank,-
2023-01,31/01/2023,Interbank,56.78
2023-01,31/01/2023,Mibanco,53.70
2023-01,31/01/2023,GNB,19.24
2023-01,31/01/2023,Falabella,75.68
2023-01,31/01/2023,Santander,-
2023-01,31/01/2023,Ripley,68.22
2023-01,31/01/2023,Alfin,67.16
2023-01,31/01/2023,ICBC,-
2023-01,31/01/2023,Bank of China,s.i.
2023-01,31/01/2023,BCI,-
2023-02,28/02/2023,BBVA,39.29
2023-02,28/02/2023,Comercio,15.42
2023-02,28/02/2023,Crédito,44.23
2023-02,28/02/2023,Pichincha,40.92
2023-02,28/02/2023,BIF,28.35
2023-02,28/02/2023,Scotiabank,37.74
2023-02,28/02/2023,Citibank,-
2023-02,28/02/2023,Interbank,57.02
2023-02,28/02/2023,Mibanco,55.30
2023-02,28/02/2023,GNB,18.06
2023-02,28/02/2023,Falabella,73.88
2023-02,28/02/2023,Santander,-
2023-02,28/02/2023,Ripley,68.24
2023-02,28/02/2023,Alfin,67.86
2023-02,28/02/2023,ICBC,-
2023-02,28/02/2023,Bank of China,s.i.
2023-02,28/02/2023,BCI,-
2023-03,31/03/2023,BBVA,39.62
2023-03,31/03/2023,Comercio,15.21
2023-03,31/03/2023,Crédito,45.37
2023-03,31/03/2023,Pichincha,40.93
2023-03,31/03/2023,BIF,27.46
2023-03,31/03/2023,Scotiabank,38.14
2023-03,31/03/2023,Citibank,-
2023-03,31/03/2023,Interbank,57.22
2023-03,31/03/2023,Mibanco,55.72
2023-03,31/03/2023,GNB,17.89
2023-03,31/03/2023,Falabella,74.12
2023-03,31/03/2023,Santander,-
2023-03,31/03/2023,Ripley,69.37
2023-03,31/03/2023,Alfin,67.23
2023-03,31/03/2023,ICBC,-
2023-03,31/03/2023,Bank of China,s.i.
2023-03,31/03/2023,BCI,-
2023-04,28/04/2023,BBVA,39.34
2023-04,28/04/2023,Comercio,15.18
2023-04,28/04/2023,Crédito,47.55
2023-04,28/04/2023,Pichincha,40.84
2023-04,28/04/2023,BIF,28.40
2023-04,28/04/2023,Scotiabank,37.48
2023-04,28/04/2023,Citibank,-
2023-04,28/04/2023,Interbank,59.89
2023-04,28/04/2023,Mibanco,54.99
2023-04,28/04/2023,GNB,23.55
2023-04,28/04/2023,Falabella,73.91
2023-04,28/04/2023,Santander,-
2023-04,28/04/2023,Ripley,69.27
2023-04,28/04/2023,Alfin,66.22
2023-04,28/04/2023,ICBC,-
2023-04,28/04/2023,Bank of China,s.i.
2023-04,28/04/2023,BCI,-
2023-05,31/05/2023,BBVA,39.00
2023-05,31/05/2023,Comercio,15.42
2023-05,31/05/2023,Crédito,48.74
2023-05,31/05/2023,Pichincha,40.11
2023-05,31/05/2023,BIF,29.55
2023-05,31/05/2023,Scotiabank,37.16
2023-05,31/05/2023,Citibank,-
2023-05,31/05/2023,Interbank,61.77
2023-05,31/05/2023,Mibanco,55.16
2023-05,31/05/2023,GNB,31.37
2023-05,31/05/2023,Falabella,75.39
2023-05,31/05/2023,Santander,-
2023-05,31/05/2023,Ripley,70.60
2023-05,31/05/2023,Alfin,65.26
2023-05,31/05/2023,ICBC,-
2023-05,31/05/2023,Bank of China,s.i.
2023-05,31/05/2023,BCI,-
2023-06,30/06/2023,BBVA,39.64
2023-06,30/06/2023,Comercio,15.59
2023-06,30/06/2023,Crédito,48.30
2023-06,30/06/2023,Pichincha,38.24
2023-06,30/06/2023,BIF,29.90
2023-06,30/06/2023,Scotiabank,38.33
2023-06,30/06/2023,Citibank,-
2023-06,30/06/2023,Interbank,62.65
2023-06,30/06/2023,Mibanco,56.89
2023-06,30/06/2023,GNB,28.28
2023-06,30/06/2023,Falabella,78.25
2023-06,30/06/2023,Santander,-
2023-06,30/06/2023,Ripley,71.75
2023-06,30/06/2023,Alfin,63.91
2023-06,30/06/2023,ICBC,-
2023-06,30/06/2023,Bank of China,s.i.
2023-06,30/06/2023,BCI,-
2023-07,31/07/2023,BBVA,39.47
2023-07,31/07/2023,Comercio,15.41
2023-07,31/07/2023,Crédito,49.09
2023-07,31/07/2023,Pichincha,37.69
2023-07,31/07/2023,BIF,31.31
2023-07,31/07/2023,Scotiabank,38.95
2023-07,31/07/2023,Citibank,-
2023-07,31/07/2023,Interbank,63.12
2023-07,31/07/2023,Mibanco,58.86
2023-07,31/07/2023,GNB,24.50
2023-07,31/07/2023,Falabella,83.28
2023-07,31/07/2023,Santander,-
2023-07,31/07/2023,Ripley,77.45
2023-07,31/07/2023,Alfin,62.54
2023-07,31/07/2023,ICBC,-
2023-07,31/07/2023,Bank of China,s.i.
2023-07,31/07/2023,BCI,-
2023-08,31/08/2023,BBVA,40.31
2023-08,31/08/2023,Comercio,15.42
2023-08,31/08/2023,Crédito,51.60
2023-08,31/08/2023,Pichincha,35.96
2023-08,31/08/2023,BIF,31.57
2023-08,31/08/2023,Scotiabank,40.27
2023-08,31/08/2023,Citibank,-
2023-08,31/08/2023,Interbank,62.84
2023-08,31/08/2023,Mibanco,58.90
2023-08,31/08/2023,GNB,28.98
2023-08,31/08/2023,Falabella,82.33
2023-08,31/08/2023,Santander,-
2023-08,31/08/2023,Ripley,78.25
2023-08,31/08/2023,Alfin,62.48
2023-08,31/08/2023,ICBC,-
2023-08,31/08/2023,Bank of China,s.i.
2023-08,31/08/2023,BCI,-
2023-09,29/09/2023,BBVA,42.57
2023-09,29/09/2023,Comercio,15.55
2023-09,29/09/2023,Crédito,54.61
2023-09,29/09/2023,Pichincha,34.07
2023-09,29/09/2023,BIF,29.98
2023-09,29/09/2023,Scotiabank,39.97
2023-09,29/09/2023,Citibank,-
2023-09,29/09/2023,Interbank,62.30
2023-09,29/09/2023,Mibanco,57.63
2023-09,29/09/2023,GNB,36.06
2023-09,29/09/2023,Falabella,80.47
2023-09,29/09/2023,Santander,-
2023-09,29/09/2023,Ripley,78.12
2023-09,29/09/2023,Alfin,63.58
2023-09,29/09/2023,ICBC,-
2023-09,29/09/2023,Bank of China,s.i.
2023-09,29/09/2023,BCI,-
2023-10,31/10/2023,BBVA,42.51
2023-10,31/10/2023,Bancom,15.51
2023-10,31/10/2023,Crédito,54.85
2023-10,31/10/2023,Pichincha,34.72
2023-10,31/10/2023,BIF,29.96
2023-10,31/10/2023,Scotiabank,40.67
2023-10,31/10/2023,Citibank,-
2023-10,31/10/2023,Interbank,66.09
2023-10,31/10/2023,Mibanco,57.75
2023-10,31/10/2023,GNB,32.13
2023-10,31/10/2023,Falabella,80.33
2023-10,31/10/2023,Santander,14.90
2023-10,31/10/2023,Ripley,78.94
2023-10,31/10/2023,Alfin,61.59
2023-10,31/10/2023,ICBC,-
2023-10,31/10/2023,Bank of China,s.i.
2023-10,31/10/2023,BCI,-
2023-11,30/11/2023,BBVA,43.31
2023-11,30/11/2023,Bancom,15.67
2023-11,30/11/2023,Crédito,55.23
2023-11,30/11/2023,Pichincha,35.10
2023-11,30/11/2023,BIF,31.47
2023-11,30/11/2023,Scotiabank,41.72
2023-11,30/11/2023,Citibank,-
2023-11,30/11/2023,Interbank,66.14
2023-11,30/11/2023,Mibanco,58.60
2023-11,30/11/2023,GNB,33.46
2023-11,30/11/2023,Falabella,77.23
2023-11,30/11/2023,Santander,16.49
2023-11,30/11/2023,Ripley,79.93
2023-11,30/11/2023,Alfin,60.57
2023-11,30/11/2023,ICBC,-
2023-11,30/11/2023,Bank of China,s.i.
2023-11,30/11/2023,BCI,-
2023-12,29/12/2023,BBVA,43.53
2023-12,29/12/2023,Bancom,15.67
2023-12,29/12/2023,Crédito,56.99
2023-12,29/12/2023,Pichincha,34.87
2023-12,29/12/2023,BIF,34.27
2023-12,29/12/2023,Scotiabank,41.35
2023-12,29/12/2023,Citibank,-
2023-12,29/12/2023,Interbank,65.24
2023-12,29/12/2023,Mibanco,61.35
2023-12,29/12/2023,GNB,30.35
2023-12,29/12/2023,Falabella,82.72
2023-12,29/12/2023,Santander,16.49
2023-12,29/12/2023,Ripley,82.74
2023-12,29/12/2023,Alfin,61.04
2023-12,29/12/2023,ICBC,-
2023-12,29/12/2023,Bank of China,s.i.
2023-12,29/12/2023,BCI,-
2024-01,31/01/2024,BBVA,43.20
2024-01,31/01/2024,Bancom,15.36
2024-01,31/01/2024,Crédito,58.75
2024-01,31/01/2024,Pichincha,34.57
2024-01,31/01/2024,BIF,34.03
2024-01,31/01/2024,Scotiabank,40.86
2024-01,31/01/2024,Citibank,-
2024-01,31/01/2024,Interbank,64.66
2024-01,31/01/2024,Mibanco,62.16
2024-01,31/01/2024,GNB,28.54
2024-01,31/01/2024,Falabella,85.99
2024-01,31/01/2024,Santander,-
2024-01,31/01/2024,Ripley,85.07
2024-01,31/01/2024,Alfin,60.26
2024-01,31/01/2024,ICBC,-
2024-01,31/01/2024,Bank of China,-
2024-01,31/01/2024,BCI,-
2024-02,29/02/2024,BBVA,42.49
2024-02,29/02/2024,Bancom,15.68
2024-02,29/02/2024,Crédito,56.81
2024-02,29/02/2024,Pichincha,34.30
2024-02,29/02/2024,BIF,31.45
2024-02,29/02/2024,Scotiabank,40.95
2024-02,29/02/2024,Citibank,-
2024-02,29/02/2024,Interbank,62.84
2024-02,29/02/2024,Mibanco,62.64
2024-02,29/02/2024,GNB,28.32
2024-02,29/02/2024,Falabella,83.81
2024-02,29/02/2024,Santander,-
2024-02,29/02/2024,Ripley,82.64
2024-02,29/02/2024,Alfin,66.78
2024-02,29/02/2024,ICBC,-
2024-02,29/02/2024,Bank of China,-
2024-02,29/02/2024,BCI,-
2024-03,27/03/2024,BBVA,s.i.
2024-03,27/03/2024,Bancom,15.83
2024-03,27/03/2024,Crédito,57.92
2024-03,27/03/2024,Pichincha,34.01
2024-03,27/03/2024,BIF,31.43
2024-03,27/03/2024,Scotiabank,41.85
2024-03,27/03/2024,Citibank,-
2024-03,27/03/2024,Interbank,62.97
2024-03,27/03/2024,Mibanco,61.77
2024-03,27/03/2024,GNB,29.68
2024-03,27/03/2024,Falabella,84.49
2024-03,27/03/2024,Santander,-
2024-03,27/03/2024,Ripley,83.39
2024-03,27/03/2024,Alfin,70.78
2024-03,27/03/2024,ICBC,-
2024-03,27/03/2024,Bank of China,-
2024-03,27/03/2024,BCI,-
2024-04,30/04/2024,BBVA,45.44
2024-04,30/04/2024,Bancom,15.63
2024-04,30/04/2024,Crédito,57.49
2024-04,30/04/2024,Pichincha,33.34
2024-04,30/04/2024,BIF,33.75
2024-04,30/04/2024,Scotiabank,41.55
2024-04,30/04/2024,Citibank,-
2024-04,30/04/2024,Interbank,63.22
2024-04,30/04/2024,Mibanco,60.26
2024-04,30/04/2024,GNB,29.25
2024-04,30/04/2024,Falabella,86.01
2024-04,30/04/2024,Santander,-
2024-04,30/04/2024,Ripley,84.01
2024-04,30/04/2024,Alfin,73.05
2024-04,30/04/2024,ICBC,-
2024-04,30/04/2024,Bank of China,s.i.
2024-04,30/04/2024,BCI,-
2024-05,31/05/2024,BBVA,48.32
2024-05,31/05/2024,Bancom,15.71
2024-05,31/05/2024,Crédito,56.65
2024-05,31/05/2024,Pichincha,33.07
2024-05,31/05/2024,BIF,36.12
2024-05,31/05/2024,Scotiabank,42.27
2024-05,31/05/2024,Citibank,-
2024-05,31/05/2024,Interbank,63.87
2024-05,31/05/2024,Mibanco,63.27
2024-05,31/05/2024,GNB,26.61
2024-05,31/05/2024,Falabella,86.62
2024-05,31/05/2024,Santander,-
2024-05,31/05/2024,Ripley,83.82
2024-05,31/05/2024,Alfin,73.50
2024-05,31/05/2024,ICBC,-
2024-05,31/05/2024,Bank of China,-
2024-05,31/05/2024,BCI,-
2024-06,28/06/2024,BBVA,47.93
2024-06,28/06/2024,Bancom,15.95
2024-06,28/06/2024,Crédito,56.94
2024-06,28/06/2024,Pichincha,34.20
2024-06,28/06/2024,BIF,38.95
2024-06,28/06/2024,Scotiabank,42.79
2024-06,28/06/2024,Citibank,-
2024-06,28/06/2024,Interbank,65.50
2024-06,28/06/2024,Mibanco,62.37
2024-06,28/06/2024,GNB,29.12
2024-06,28/06/2024,Falabella,90.10
2024-06,28/06/2024,Santander,18.36
2024-06,28/06/2024,Ripley,86.91
2024-06,28/06/2024,Alfin,70.30
2024-06,28/06/2024,ICBC,-
2024-06,28/06/2024,Bank of China,-
2024-06,28/06/2024,BCI,-
2024-07,31/07/2024,BBVA,s.i.
2024-07,31/07/2024,Bancom,16.11
2024-07,31/07/2024,Crédito,58.43
2024-07,31/07/2024,Pichincha,35.07
2024-07,31/07/2024,BIF,38.46
2024-07,31/07/2024,Scotiabank,43.26
2024-07,31/07/2024,Citibank,-
2024-07,31/07/2024,Interbank,65.55
2024-07,31/07/2024,Mibanco,61.90
2024-07,31/07/2024,GNB,27.45
2024-07,31/07/2024,Falabella,92.15
2024-07,31/07/2024,Santander,18.36
2024-07,31/07/2024,Ripley,89.68
2024-07,31/07/2024,Alfin,62.19
2024-07,31/07/2024,ICBC,-
2024-07,31/07/2024,Bank of China,-
2024-07,31/07/2024,BCI,-
2024-08,31/08/2024,BBVA,46.30
2024-08,31/08/2024,Bancom,15.90
2024-08,31/08/2024,Crédito,58.37
2024-08,31/08/2024,Pichincha,36.51
2024-08,31/08/2024,BIF,34.58
2024-08,31/08/2024,Scotiabank,43.08
2024-08,31/08/2024,Citibank,-
2024-08,31/08/2024,Interbank,64.88
2024-08,31/08/2024,Mibanco,62.30
2024-08,31/08/2024,GNB,27.73
2024-08,31/08/2024,Falabella,90.73
2024-08,31/08/2024,Santander,-
2024-08,31/08/2024,Ripley,88.19
2024-08,31/08/2024,Alfin,58.29
2024-08,31/08/2024,ICBC,-
2024-08,31/08/2024,Bank of China,-
2024-08,31/08/2024,BCI,-
2024-09,30/09/2024,BBVA,43.71
2024-09,30/09/2024,Bancom,15.51
2024-09,30/09/2024,Crédito,55.93
2024-09,30/09/2024,Pichincha,37.32
2024-09,30/09/2024,BIF,32.66
2024-09,30/09/2024,Scotiabank,41.82
2024-09,30/09/2024,Citibank,-
2024-09,30/09/2024,Interbank,60.82
2024-09,30/09/2024,Mibanco,61.17
2024-09,30/09/2024,GNB,26.06
2024-09,30/09/2024,Falabella,87.41
2024-09,30/09/2024,Santander,-
2024-09,30/09/2024,Ripley,84.61
2024-09,30/09/2024,Alfin,58.42
2024-09,30/09/2024,ICBC,-
2024-09,30/09/2024,Bank of China,-
2024-09,30/09/2024,BCI,-
2024-10,31/10/2024,BBVA,42.95
2024-10,31/10/2024,Bancom,15.39
2024-10,31/10/2024,Crédito,55.98
2024-10,31/10/2024,Pichincha,36.03
2024-10,31/10/2024,BIF,31.51
2024-10,31/10/2024,Scotiabank,41.64
2024-10,31/10/2024,Citibank,-
2024-10,31/10/2024,Interbank,60.76
2024-10,31/10/2024,Mibanco,57.59
2024-10,31/10/2024,GNB,32.30
2024-10,31/10/2024,Falabella,86.53
2024-10,31/10/2024,Santander,-
2024-10,31/10/2024,Ripley,83.39
2024-10,31/10/2024,Alfin,57.90
2024-10,31/10/2024,ICBC,-
2024-10,31/10/2024,Bank of China,-
2024-10,31/10/2024,BCI,-
2024-11,29/11/2024,BBVA,46.28
2024-11,29/11/2024,Bancom,15.62
2024-11,29/11/2024,Crédito,56.61
2024-11,29/11/2024,Pichincha,36.44
2024-11,29/11/2024,BIF,31.69
2024-11,29/11/2024,Scotiabank,42.78
2024-11,29/11/2024,Citibank,-
2024-11,29/11/2024,Interbank,61.38
2024-11,29/11/2024,Mibanco,56.99
2024-11,29/11/2024,GNB,29.65
2024-11,29/11/2024,Falabella,87.43
2024-11,29/11/2024,Santander,-
2024-11,29/11/2024,Ripley,84.31
2024-11,29/11/2024,Alfin,57.04
2024-11,29/11/2024,ICBC,-
2024-11,29/11/2024,Bank of China,-
2024-11,29/11/2024,BCI,-
2024-12,30/12/2024,BBVA,48.71
2024-12,30/12/2024,Bancom,15.30
2024-12,30/12/2024,Crédito,58.03
2024-12,30/12/2024,Pichincha,36.62
2024-12,30/12/2024,BIF,33.91
2024-12,30/12/2024,Scotiabank,46.72
2024-12,30/12/2024,Citibank,-
2024-12,30/12/2024,Interbank,61.89
2024-12,30/12/2024,Mibanco,58.73
2024-12,30/12/2024,GNB,29.41
2024-12,30/12/2024,Falabella,90.99
2024-12,30/12/2024,Santander,-
2024-12,30/12/2024,Ripley,85.95
2024-12,30/12/2024,Alfin,56.19
2024-12,30/12/2024,ICBC,-
2024-12,30/12/2024,Bank of China,-
2024-12,30/12/2024,BCI,-
2025-01,31/01/2025,BBVA,47.46
2025-01,31/01/2025,Bancom,15.90
2025-01,31/01/2025,Crédito,58.33
2025-01,31/01/2025,Pichincha,36.01
2025-01,31/01/2025,BIF,31.19
2025-01,31/01/2025,Scotiabank,49.61
2025-01,31/01/2025,Citibank,-
2025-01,31/01/2025,Interbank,61.73
2025-01,31/01/2025,Mibanco,58.53
2025-01,31/01/2025,GNB,30.26
2025-01,31/01/2025,Falabella,88.67
2025-01,31/01/2025,Santander,-
2025-01,31/01/2025,Ripley,83.54
2025-01,31/01/2025,Alfin,58.51
2025-01,31/01/2025,ICBC,-
2025-01,31/01/2025,Bank of China,-
2025-01,31/01/2025,BCI,-
2025-01,31/01/2025,Compartamos,36.36
2025-02,28/02/2025,BBVA,46.01
2025-02,28/02/2025,Bancom,15.49
2025-02,28/02/2025,Crédito,57.73
2025-02,28/02/2025,Pichincha,38.42
2025-02,28/02/2025,BIF,31.90
2025-02,28/02/2025,Scotiabank,48.00
2025-02,28/02/2025,Citibank,-
2025-02,28/02/2025,Interbank,59.58
2025-02,28/02/2025,Mibanco,58.76
2025-02,28/02/2025,GNB,24.55
2025-02,28/02/2025,Falabella,85.23
2025-02,28/02/2025,Santander,-
2025-02,28/02/2025,Ripley,80.00
2025-02,28/02/2025,Alfin,59.06
2025-02,28/02/2025,ICBC,-
2025-02,28/02/2025,Bank of China,-
2025-02,28/02/2025,BCI,-
2025-02,28/02/2025,Compartamos,36.62
2025-03,31/03/2025,BBVA,45.46
2025-03,31/03/2025,Bancom,15.37
2025-03,31/03/2025,Crédito,58.38
2025-03,31/03/2025,Pichincha,39.92
2025-03,31/03/2025,BIF,32.80
2025-03,31/03/2025,Scotiabank,48.67
2025-03,31/03/2025,Citibank,-
2025-03,31/03/2025,Interbank,59.26
2025-03,31/03/2025,Mibanco,58.23
2025-03,31/03/2025,GNB,27.26
2025-03,31/03/2025,Falabella,85.77
2025-03,31/03/2025,Santander,-
2025-03,31/03/2025,Ripley,79.89
2025-03,31/03/2025,Alfin,60.96
2025-03,31/03/2025,ICBC,-
2025-03,31/03/2025,Bank of China,s.i.
2025-03,31/03/2025,BCI,-
2025-03,31/03/2025,Compartamos,36.32
2025-04,30/04/2025,BBVA,49.55
2025-04,30/04/2025,Bancom,15.06
2025-04,30/04/2025,Crédito,59.37
2025-04,30/04/2025,Pichincha,40.54
2025-04,30/04/2025,BIF,32.59
2025-04,30/04/2025,Scotiabank,47.81
2025-04,30/04/2025,Citibank,-
2025-04,30/04/2025,Interbank,59.42
2025-04,30/04/2025,Mibanco,58.16
2025-04,30/04/2025,GNB,29.33
2025-04,30/04/2025,Falabella,87.12
2025-04,30/04/2025,Santander,-
2025-04,30/04/2025,Ripley,80.66
2025-04,30/04/2025,Alfin,59.41
2025-04,30/04/2025,ICBC,-
2025-04,30/04/2025,Bank of China,-
2025-04,30/04/2025,BCI,-
2025-04,30/04/2025,Compartamos,35.30
2025-05,30/05/2025,BBVA,52.68
2025-05,30/05/2025,Bancom,15.36
2025-05,30/05/2025,Crédito,59.98
2025-05,30/05/2025,Pichincha,40.24
2025-05,30/05/2025,BIF,31.87
2025-05,30/05/2025,Scotiabank,47.88
2025-05,30/05/2025,Citibank,-
2025-05,30/05/2025,Interbank,59.43
2025-05,30/05/2025,Mibanco,58.63
2025-05,30/05/2025,GNB,24.20
2025-05,30/05/2025,Falabella,83.67
2025-05,30/05/2025,Santander,-
2025-05,30/05/2025,Ripley,79.84
2025-05,30/05/2025,Alfin,56.02
2025-05,30/05/2025,ICBC,-
2025-05,30/05/2025,Bank of China,-
2025-05,30/05/2025,BCI,-
2025-05,30/05/2025,Compartamos,35.57
2025-06,30/06/2025,BBVA,50.01
2025-06,30/06/2025,Bancom,15.42
2025-06,30/06/2025,Crédito,57.47
2025-06,30/06/2025,Pichincha,40.44
2025-06,30/06/2025,BIF,29.54
2025-06,30/06/2025,Scotiabank,46.51
2025-06,30/06/2025,Citibank,-
2025-06,30/06/2025,Interbank,57.07
2025-06,30/06/2025,Mibanco,55.42
2025-06,30/06/2025,GNB,19.06
2025-06,30/06/2025,Falabella,85.08
2025-06,30/06/2025,Santander,-
2025-06,30/06/2025,Ripley,80.08
2025-06,30/06/2025,Alfin,55.55
2025-06,30/06/2025,ICBC,-
2025-06,30/06/2025,Bank of China,-
2025-06,30/06/2025,BCI,-
2025-06,30/06/2025,Compartamos,36.15
2025-06,30/06/2025,Santander Cons. Bank,45.24
2025-07,31/07/2025,BBVA,51.62
2025-07,31/07/2025,Bancom,15.69
2025-07,31/07/2025,Crédito,59.96
2025-07,31/07/2025,Pichincha,38.23
2025-07,31/07/2025,BIF,25.63
2025-07,31/07/2025,Scotiabank,47.01
2025-07,31/07/2025,Citibank,s.i.
2025-07,31/07/2025,Interbank,57.05
2025-07,31/07/2025,Mibanco,54.38
2025-07,31/07/2025,GNB,21.03
2025-07,31/07/2025,Falabella,86.33
2025-07,31/07/2025,Santander,-
2025-07,31/07/2025,Ripley,82.14
2025-07,31/07/2025,Alfin,56.88
2025-07,31/07/2025,ICBC,-
2025-07,31/07/2025,Bank of China,-
2025-07,31/07/2025,BCI,-
2025-07,31/07/2025,Compartamos,36.57
2025-07,31/07/2025,Santander Cons. Bank,45.78
2025-08,29/08/2025,BBVA,51.24
2025-08,29/08/2025,Bancom,15.71
2025-08,29/08/2025,Crédito,59.74
2025-08,29/08/2025,Pichincha,37.66
2025-08,29/08/2025,BIF,25.28
2025-08,29/08/2025,Scotiabank,47.00
2025-08,29/08/2025,Citibank,-
2025-08,29/08/2025,Interbank,57.23
2025-08,29/08/2025,Mibanco,55.94
2025-08,29/08/2025,GNB,28.53
2025-08,29/08/2025,Falabella,85.17
2025-08,29/08/2025,Santander,-
2025-08,29/08/2025,Ripley,80.40
2025-08,29/08/2025,Alfin,57.07
2025-08,29/08/2025,ICBC,-
2025-08,29/08/2025,Bank of China,-
2025-08,29/08/2025,BCI,-
2025-08,29/08/2025,Compartamos,36.29
2025-08,29/08/2025,Santander Cons. Bank,45.83
2025-09,30/09/2025,BBVA,47.63
2025-09,30/09/2025,Bancom,14.94
2025-09,30/09/2025,Crédito,58.70
2025-09,30/09/2025,Pichincha,39.62
2025-09,30/09/2025,BIF,25.34
2025-09,30/09/2025,Scotiabank,46.42
2025-09,30/09/2025,Citibank,-
2025-09,30/09/2025,Interbank,56.73
2025-09,30/09/2025,Mibanco,55.68
2025-09,30/09/2025,GNB,24.12
2025-09,30/09/2025,Falabella,81.02
2025-09,30/09/2025,Santander,-
2025-09,30/09/2025,Ripley,78.65
2025-09,30/09/2025,Alfin,55.00
2025-09,30/09/2025,ICBC,-
2025-09,30/09/2025,Bank of China,-
2025-09,30/09/2025,BCI,-
2025-09,30/09/2025,Compartamos,36.62
2025-09,30/09/2025,Santander Cons. Bank,45.47
2025-10,31/10/2025,BBVA,50.01
2025-10,31/10/2025,Bancom,15.04
2025-10,31/10/2025,Crédito,59.67
2025-10,31/10/2025,Pichincha,40.19
2025-10,31/10/2025,BIF,25.97
2025-10,31/10/2025,Scotiabank,47.60
2025-10,31/10/2025,Citibank,-
2025-10,31/10/2025,Interbank,56.24
2025-10,31/10/2025,Mibanco,53.31
2025-10,31/10/2025,GNB,22.23
2025-10,31/10/2025,Falabella,82.55
2025-10,31/10/2025,Santander,-
2025-10,31/10/2025,Ripley,80.03
2025-10,31/10/2025,Alfin,54.70
2025-10,31/10/2025,ICBC,-
2025-10,31/10/2025,Bank of China,-
2025-10,31/10/2025,BCI,-
2025-10,31/10/2025,Compartamos,36.39
2025-10,31/10/2025,Santander Cons. Bank,45.96
2025-11,28/11/2025,BBVA,50.78
2025-11,28/11/2025,Bancom,14.76
2025-11,28/11/2025,Crédito,60.41
2025-11,28/11/2025,Pichincha,40.81
2025-11,28/11/2025,BIF,27.51
2025-11,28/11/2025,Scotiabank,49.33
2025-11,28/11/2025,Citibank,s.i.
2025-11,28/11/2025,Interbank,57.68
2025-11,28/11/2025,Mibanco,52.98
2025-11,28/11/2025,GNB,19.88
2025-11,28/11/2025,Falabella,84.54
2025-11,28/11/2025,Santander,-
2025-11,28/11/2025,Ripley,81.82
2025-11,28/11/2025,Alfin,54.69
2025-11,28/11/2025,ICBC,-
2025-11,28/11/2025,Bank of China,-
2025-11,28/11/2025,BCI,-
2025-11,28/11/2025,Compartamos,36.79
2025-11,28/11/2025,Santander Cons. Bank,45.83
2025-12,31/12/2025,BBVA,53.60
2025-12,31/12/2025,Bancom,14.96
2025-12,31/12/2025,Crédito,62.09
2025-12,31/12/2025,Pichincha,44.12
2025-12,31/12/2025,BIF,29.46
2025-12,31/12/2025,Scotiabank,54.62
2025-12,31/12/2025,Citibank,s.i.
2025-12,31/12/2025,Interbank,60.09
2025-12,31/12/2025,Mibanco,55.31
2025-12,31/12/2025,GNB,20.14
2025-12,31/12/2025,Falabella,86.03
2025-12,31/12/2025,Santander,-
2025-12,31/12/2025,Ripley,85.96
2025-12,31/12/2025,Alfin,52.38
2025-12,31/12/2025,ICBC,-
2025-12,31/12/2025,Bank of China,-
2025-12,31/12/2025,BCI,-
2025-12,31/12/2025,Compartamos,36.92
2025-12,31/12/2025,Santander Cons. Bank,46.81
