mes,fecha_sbs,promedio_ahorro_mn
2015-11,30/11/2015,0.39
2015-12,31/12/2015,0.39
2016-01,29/01/2016,0.42
2016-02,29/02/2016,1.08
2016-03,31/03/2016,0.91
2016-04,29/04/2016,0.55
2016-05,31/05/2016,0.52
2016-06,30/06/2016,0.39
2016-07,27/07/2016,0.35
2016-08,31/08/2016,0.48
2016-09,30/09/2016,0.44
2016-10,31/10/2016,0.38
2016-11,30/11/2016,0.44
2016-12,30/12/2016,0.43
2017-01,31/01/2017,0.50
2017-02,28/02/2017,0.46
2017-03,31/03/2017,0.50
2017-04,28/04/2017,0.42
2017-05,31/05/2017,0.46
2017-06,28/06/2017,0.47
2017-07,31/07/2017,0.44
2017-08,31/08/2017,0.41
2017-09,29/09/2017,0.39
2017-10,31/10/2017,0.43
2017-11,30/11/2017,0.40
2017-12,29/12/2017,0.33
2018-01,31/01/2018,0.36
2018-02,28/02/2018,0.35
2018-03,28/03/2018,0.31
2018-04,30/04/2018,0.33
2018-05,31/05/2018,0.33
2018-06,28/06/2018,0.30
2018-07,31/07/2018,0.29
2018-08,29/08/2018,0.32
2018-09,28/09/2018,0.31
2018-10,31/10/2018,0.39
2018-11,30/11/2018,0.36
2018-12,31/12/2018,0.30
2019-01,31/01/2019,0.33
2019-02,28/02/2019,0.32
2019-03,29/03/2019,0.31
2019-04,30/04/2019,0.37
2019-05,31/05/2019,0.35
2019-06,28/06/2019,0.29
2019-07,31/07/2019,0.33
2019-08,28/08/2019,0.30
2019-09,30/09/2019,0.32
2019-10,30/10/2019,0.30
2019-11,29/11/2019,0.28
2019-12,31/12/2019,0.31
2020-01,31/01/2020,0.29
2020-02,28/02/2020,0.25
2020-03,31/03/2020,0.29
2020-04,30/04/2020,0.26
2020-05,29/05/2020,0.19
2020-06,30/06/2020,0.21
2020-07,31/07/2020,0.19
2020-08,31/08/2020,0.17
2020-09,30/09/2020,0.15
2020-10,30/10/2020,0.15
2020-11,30/11/2020,0.14
2020-12,31/12/2020,0.14
2021-01,29/01/2021,0.13
2021-02,26/02/2021,0.12
2021-03,31/03/2021,0.12
2021-04,30/04/2021,0.13
2021-05,31/05/2021,0.13
2021-06,30/06/2021,0.13
2021-07,30/07/2021,0.12
2021-08,31/08/2021,0.12
2021-09,30/09/2021,0.12
2021-10,29/10/2021,0.11
2021-11,30/11/2021,0.12
2021-12,31/12/2021,0.13
2022-01,31/01/2022,0.13
2022-02,28/02/2022,0.23
2022-03,31/03/2022,0.13
2022-04,29/04/2022,0.12
2022-05,31/05/2022,0.11
2022-06,30/06/2022,0.09
2022-07,27/07/2022,0.09
2022-08,31/08/2022,0.29
2022-09,30/09/2022,0.11
2022-10,31/10/2022,0.13
2022-11,30/11/2022,0.12
2022-12,30/12/2022,0.11
2023-01,31/01/2023,0.16
2023-02,28/02/2023,0.14
2023-03,31/03/2023,0.12
2023-04,28/04/2023,0.25
2023-05,31/05/2023,0.33
2023-06,30/06/2023,0.14
2023-07,31/07/2023,0.16
2023-08,31/08/2023,0.58
2023-09,29/09/2023,0.19
2023-10,31/10/2023,0.16
2023-11,30/11/2023,0.14
2023-12,29/12/2023,0.15
2024-01,31/01/2024,0.19
2024-02,29/02/2024,0.51
2024-03,27/03/2024,0.24
2024-04,30/04/2024,0.31
2024-05,31/05/2024,0.27
2024-06,28/06/2024,0.17
2024-07,31/07/2024,0.39
2024-08,31/08/2024,0.51
2024-09,30/09/2024,0.23
2024-10,31/10/2024,0.19
2024-11,29/11/2024,0.18
2024-12,30/12/2024,0.15
2025-01,31/01/2025,0.16
2025-02,28/02/2025,0.38
2025-03,31/03/2025,0.15
2025-04,30/04/2025,0.17
2025-05,30/05/2025,0.19
2025-06,30/06/2025,0.22
2025-07,31/07/2025,0.21
2025-08,29/08/2025,0.34
2025-09,30/09/2025,0.17
2025-10,31/10/2025,0.16
2025-11,28/11/2025,0.13
2025-12,31/12/2025,0.13
