mes,fecha_sbs,banco_original,tasa_pasiva_ahorro_mn
2015-11,30/11/2015,Continental,0.45
2015-11,30/11/2015,Comercio,1.47
2015-11,30/11/2015,Crédito,0.21
2015-11,30/11/2015,Financiero,0.82
2015-11,30/11/2015,BIF,0.84
2015-11,30/11/2015,Scotiabank,0.53
2015-11,30/11/2015,Citibank,0.63
2015-11,30/11/2015,Interbank,0.47
2015-11,30/11/2015,Mibanco,0.41
2015-11,30/11/2015,GNB,2.34
2015-11,30/11/2015,Falabella,2.50
2015-11,30/11/2015,Santander,0.50
2015-11,30/11/2015,Ripley,0.75
2015-11,30/11/2015,Azteca,1.00
2015-11,30/11/2015,Deutsche,-
2015-11,30/11/2015,CAT,-
2015-11,30/11/2015,ICBC,-
2015-12,31/12/2015,Continental,0.41
2015-12,31/12/2015,Comercio,1.48
2015-12,31/12/2015,Crédito,0.20
2015-12,31/12/2015,Financiero,0.72
2015-12,31/12/2015,BIF,0.98
2015-12,31/12/2015,Scotiabank,0.52
2015-12,31/12/2015,Citibank,0.91
2015-12,31/12/2015,Interbank,0.51
2015-12,31/12/2015,Mibanco,0.40
2015-12,31/12/2015,GNB,1.51
2015-12,31/12/2015,Falabella,2.50
2015-12,31/12/2015,Santander,0.50
2015-12,31/12/2015,Ripley,0.75
2015-12,31/12/2015,Azteca,1.01
2015-12,31/12/2015,Deutsche,-
2015-12,31/12/2015,CAT,-
2015-12,31/12/2015,ICBC,-
2016-01,29/01/2016,Continental,0.47
2016-01,29/01/2016,Comercio,1.45
2016-01,29/01/2016,Crédito,0.20
2016-01,29/01/2016,Financiero,0.21
2016-01,29/01/2016,BIF,0.98
2016-01,29/01/2016,Scotiabank,0.40
2016-01,29/01/2016,Citibank,0.70
2016-01,29/01/2016,Interbank,0.61
2016-01,29/01/2016,Mibanco,0.42
2016-01,29/01/2016,GNB,2.26
2016-01,29/01/2016,Falabella,2.50
2016-01,29/01/2016,Santander,0.50
2016-01,29/01/2016,Ripley,0.75
2016-01,29/01/2016,Azteca,1.00
2016-01,29/01/2016,Deutsche,-
2016-01,29/01/2016,CAT,-
2016-01,29/01/2016,ICBC,-
2016-02,29/02/2016,Continental,2.21
2016-02,29/02/2016,Comercio,1.39
2016-02,29/02/2016,Crédito,0.19
2016-02,29/02/2016,Financiero,0.82
2016-02,29/02/2016,BIF,0.88
2016-02,29/02/2016,Scotiabank,0.35
2016-02,29/02/2016,Citibank,0.37
2016-02,29/02/2016,Interbank,0.52
2016-02,29/02/2016,Mibanco,0.40
2016-02,29/02/2016,GNB,3.61
2016-02,29/02/2016,Falabella,2.50
2016-02,29/02/2016,Santander,0.50
2016-02,29/02/2016,Ripley,0.75
2016-02,29/02/2016,Azteca,1.00
2016-02,29/02/2016,Deutsche,-
2016-02,29/02/2016,CAT,-
2016-02,29/02/2016,ICBC,-
2016-03,31/03/2016,Continental,2.05
2016-03,31/03/2016,Comercio,1.39
2016-03,31/03/2016,Crédito,0.19
2016-03,31/03/2016,Financiero,0.79
2016-03,31/03/2016,BIF,0.88
2016-03,31/03/2016,Scotiabank,0.41
2016-03,31/03/2016,Citibank,0.84
2016-03,31/03/2016,Interbank,0.64
2016-03,31/03/2016,Mibanco,0.37
2016-03,31/03/2016,GNB,3.80
2016-03,31/03/2016,Falabella,2.50
2016-03,31/03/2016,Santander,0.50
2016-03,31/03/2016,Ripley,0.75
2016-03,31/03/2016,Azteca,1.00
2016-03,31/03/2016,Deutsche,-
2016-03,31/03/2016,CAT,-
2016-03,31/03/2016,ICBC,-
2016-04,29/04/2016,Continental,1.01
2016-04,29/04/2016,Comercio,1.36
2016-04,29/04/2016,Crédito,0.20
2016-04,29/04/2016,Financiero,0.83
2016-04,29/04/2016,BIF,0.82
2016-04,29/04/2016,Scotiabank,0.35
2016-04,29/04/2016,Citibank,0.31
2016-04,29/04/2016,Interbank,0.50
2016-04,29/04/2016,Mibanco,0.34
2016-04,29/04/2016,GNB,3.70
2016-04,29/04/2016,Falabella,2.50
2016-04,29/04/2016,Santander,0.50
2016-04,29/04/2016,Ripley,0.75
2016-04,29/04/2016,Azteca,1.00
2016-04,29/04/2016,Deutsche,-
2016-04,29/04/2016,CAT,-
2016-04,29/04/2016,ICBC,-
2016-05,31/05/2016,Continental,0.81
2016-05,31/05/2016,Comercio,1.33
2016-05,31/05/2016,Crédito,0.20
2016-05,31/05/2016,Financiero,0.73
2016-05,31/05/2016,BIF,0.80
2016-05,31/05/2016,Scotiabank,0.43
2016-05,31/05/2016,Citibank,0.37
2016-05,31/05/2016,Interbank,0.50
2016-05,31/05/2016,Mibanco,0.33
2016-05,31/05/2016,GNB,4.07
2016-05,31/05/2016,Falabella,2.50
2016-05,31/05/2016,Santander,0.50
2016-05,31/05/2016,Ripley,0.75
2016-05,31/05/2016,Azteca,1.00
2016-05,31/05/2016,Deutsche,-
2016-05,31/05/2016,CAT,-
2016-05,31/05/2016,ICBC,-
2016-06,30/06/2016,Continental,0.50
2016-06,30/06/2016,Comercio,1.40
2016-06,30/06/2016,Crédito,0.20
2016-06,30/06/2016,Financiero,0.72
2016-06,30/06/2016,BIF,0.83
2016-06,30/06/2016,Scotiabank,0.65
2016-06,30/06/2016,Citibank,0.49
2016-06,30/06/2016,Interbank,0.41
2016-06,30/06/2016,Mibanco,0.33
2016-06,30/06/2016,GNB,3.87
2016-06,30/06/2016,Falabella,2.50
2016-06,30/06/2016,Santander,0.50
2016-06,30/06/2016,Ripley,0.75
2016-06,30/06/2016,Azteca,1.11
2016-06,30/06/2016,Deutsche,-
2016-06,30/06/2016,CAT,-
2016-06,30/06/2016,ICBC,-
2016-07,27/07/2016,Continental,0.43
2016-07,27/07/2016,Comercio,1.44
2016-07,27/07/2016,Crédito,0.19
2016-07,27/07/2016,Financiero,0.75
2016-07,27/07/2016,BIF,0.98
2016-07,27/07/2016,Scotiabank,0.55
2016-07,27/07/2016,Citibank,0.98
2016-07,27/07/2016,Interbank,0.30
2016-07,27/07/2016,Mibanco,0.32
2016-07,27/07/2016,GNB,3.96
2016-07,27/07/2016,Falabella,2.50
2016-07,27/07/2016,Santander,0.50
2016-07,27/07/2016,Ripley,0.75
2016-07,27/07/2016,Azteca,1.25
2016-07,27/07/2016,CAT,-
2016-07,27/07/2016,ICBC,-
2016-08,31/08/2016,Continental,0.74
2016-08,31/08/2016,Comercio,1.39
2016-08,31/08/2016,Crédito,0.20
2016-08,31/08/2016,Financiero,0.75
2016-08,31/08/2016,BIF,0.97
2016-08,31/08/2016,Scotiabank,0.42
2016-08,31/08/2016,Citibank,0.40
2016-08,31/08/2016,Interbank,0.33
2016-08,31/08/2016,Mibanco,0.34
2016-08,31/08/2016,GNB,4.25
2016-08,31/08/2016,Falabella,2.50
2016-08,31/08/2016,Santander,0.50
2016-08,31/08/2016,Ripley,0.75
2016-08,31/08/2016,Azteca,1.04
2016-08,31/08/2016,CAT,-
2016-08,31/08/2016,ICBC,-
2016-09,30/09/2016,Continental,0.67
2016-09,30/09/2016,Comercio,1.43
2016-09,30/09/2016,Crédito,0.20
2016-09,30/09/2016,Financiero,0.69
2016-09,30/09/2016,BIF,0.83
2016-09,30/09/2016,Scotiabank,0.38
2016-09,30/09/2016,Citibank,1.11
2016-09,30/09/2016,Interbank,0.39
2016-09,30/09/2016,Mibanco,0.33
2016-09,30/09/2016,GNB,4.13
2016-09,30/09/2016,Falabella,2.50
2016-09,30/09/2016,Santander,0.50
2016-09,30/09/2016,Ripley,0.75
2016-09,30/09/2016,Azteca,1.00
2016-09,30/09/2016,CAT,-
2016-09,30/09/2016,ICBC,-
2016-10,31/10/2016,Continental,0.50
2016-10,31/10/2016,Comercio,1.38
2016-10,31/10/2016,Crédito,0.20
2016-10,31/10/2016,Financiero,0.73
2016-10,31/10/2016,BIF,0.85
2016-10,31/10/2016,Scotiabank,0.40
2016-10,31/10/2016,Citibank,1.11
2016-10,31/10/2016,Interbank,0.43
2016-10,31/10/2016,Mibanco,0.28
2016-10,31/10/2016,GNB,4.05
2016-10,31/10/2016,Falabella,2.50
2016-10,31/10/2016,Santander,0.50
2016-10,31/10/2016,Ripley,0.75
2016-10,31/10/2016,Azteca,1.00
2016-10,31/10/2016,CAT,-
2016-10,31/10/2016,ICBC,-
2016-11,30/11/2016,Continental,0.67
2016-11,30/11/2016,Comercio,1.42
2016-11,30/11/2016,Crédito,0.20
2016-11,30/11/2016,Financiero,0.75
2016-11,30/11/2016,BIF,0.88
2016-11,30/11/2016,Scotiabank,0.48
2016-11,30/11/2016,Citibank,0.84
2016-11,30/11/2016,Interbank,0.37
2016-11,30/11/2016,Mibanco,0.33
2016-11,30/11/2016,GNB,4.10
2016-11,30/11/2016,Falabella,2.50
2016-11,30/11/2016,Santander,0.50
2016-11,30/11/2016,Ripley,0.75
2016-11,30/11/2016,Azteca,1.00
2016-11,30/11/2016,CAT,-
2016-11,30/11/2016,ICBC,-
2016-12,30/12/2016,Continental,0.65
2016-12,30/12/2016,Comercio,1.44
2016-12,30/12/2016,Crédito,0.19
2016-12,30/12/2016,Financiero,0.75
2016-12,30/12/2016,BIF,1.00
2016-12,30/12/2016,Scotiabank,0.72
2016-12,30/12/2016,Citibank,0.45
2016-12,30/12/2016,Interbank,0.33
2016-12,30/12/2016,Mibanco,0.30
2016-12,30/12/2016,GNB,4.23
2016-12,30/12/2016,Falabella,2.50
2016-12,30/12/2016,Santander,0.50
2016-12,30/12/2016,Ripley,0.75
2016-12,30/12/2016,Azteca,1.00
2016-12,30/12/2016,CAT,-
2016-12,30/12/2016,ICBC,-
2017-01,31/01/2017,Continental,0.79
2017-01,31/01/2017,Comercio,1.39
2017-01,31/01/2017,Crédito,0.20
2017-01,31/01/2017,Financiero,0.82
2017-01,31/01/2017,BIF,1.10
2017-01,31/01/2017,Scotiabank,0.92
2017-01,31/01/2017,Citibank,0.51
2017-01,31/01/2017,Interbank,0.43
2017-01,31/01/2017,Mibanco,0.32
2017-01,31/01/2017,GNB,4.16
2017-01,31/01/2017,Falabella,2.50
2017-01,31/01/2017,Santander,0.50
2017-01,31/01/2017,Ripley,0.75
2017-01,31/01/2017,Azteca,1.00
2017-01,31/01/2017,CAT,-
2017-01,31/01/2017,ICBC,-
2017-02,28/02/2017,Continental,0.63
2017-02,28/02/2017,Comercio,1.37
2017-02,28/02/2017,Crédito,0.19
2017-02,28/02/2017,Financiero,0.73
2017-02,28/02/2017,BIF,1.09
2017-02,28/02/2017,Scotiabank,0.76
2017-02,28/02/2017,Citibank,0.94
2017-02,28/02/2017,Interbank,0.49
2017-02,28/02/2017,Mibanco,0.33
2017-02,28/02/2017,GNB,4.00
2017-02,28/02/2017,Falabella,2.50
2017-02,28/02/2017,Santander,-
2017-02,28/02/2017,Ripley,0.75
2017-02,28/02/2017,Azteca,1.00
2017-02,28/02/2017,CAT,-
2017-02,28/02/2017,ICBC,-
2017-03,31/03/2017,Continental,0.82
2017-03,31/03/2017,Comercio,1.37
2017-03,31/03/2017,Crédito,0.19
2017-03,31/03/2017,Financiero,0.72
2017-03,31/03/2017,BIF,1.24
2017-03,31/03/2017,Scotiabank,0.69
2017-03,31/03/2017,Citibank,0.42
2017-03,31/03/2017,Interbank,0.46
2017-03,31/03/2017,Mibanco,0.30
2017-03,31/03/2017,GNB,3.89
2017-03,31/03/2017,Falabella,2.46
2017-03,31/03/2017,Santander,0.50
2017-03,31/03/2017,Ripley,0.75
2017-03,31/03/2017,Azteca,1.00
2017-03,31/03/2017,CAT,-
2017-03,31/03/2017,ICBC,-
2017-04,28/04/2017,Continental,0.61
2017-04,28/04/2017,Comercio,1.41
2017-04,28/04/2017,Crédito,0.19
2017-04,28/04/2017,Financiero,0.77
2017-04,28/04/2017,BIF,1.10
2017-04,28/04/2017,Scotiabank,0.75
2017-04,28/04/2017,Citibank,0.40
2017-04,28/04/2017,Interbank,0.31
2017-04,28/04/2017,Mibanco,0.31
2017-04,28/04/2017,GNB,4.16
2017-04,28/04/2017,Falabella,2.50
2017-04,28/04/2017,Santander,0.50
2017-04,28/04/2017,Ripley,0.76
2017-04,28/04/2017,Azteca,1.00
2017-04,28/04/2017,CAT,-
2017-04,28/04/2017,ICBC,-
2017-05,31/05/2017,Continental,0.65
2017-05,31/05/2017,Comercio,1.37
2017-05,31/05/2017,Crédito,0.20
2017-05,31/05/2017,Financiero,0.74
2017-05,31/05/2017,BIF,1.05
2017-05,31/05/2017,Scotiabank,0.69
2017-05,31/05/2017,Citibank,0.89
2017-05,31/05/2017,Interbank,0.40
2017-05,31/05/2017,Mibanco,0.34
2017-05,31/05/2017,GNB,4.12
2017-05,31/05/2017,Falabella,2.50
2017-05,31/05/2017,Santander,0.50
2017-05,31/05/2017,Ripley,0.75
2017-05,31/05/2017,Azteca,1.00
2017-05,31/05/2017,CAT,-
2017-05,31/05/2017,ICBC,-
2017-06,28/06/2017,Continental,0.66
2017-06,28/06/2017,Comercio,1.40
2017-06,28/06/2017,Crédito,0.21
2017-06,28/06/2017,Financiero,0.72
2017-06,28/06/2017,BIF,1.09
2017-06,28/06/2017,Scotiabank,0.67
2017-06,28/06/2017,Citibank,1.01
2017-06,28/06/2017,Interbank,0.46
2017-06,28/06/2017,Mibanco,0.34
2017-06,28/06/2017,GNB,4.14
2017-06,28/06/2017,Falabella,2.50
2017-06,28/06/2017,Santander,-
2017-06,28/06/2017,Ripley,0.75
2017-06,28/06/2017,Azteca,1.00
2017-06,28/06/2017,CAT,-
2017-06,28/06/2017,ICBC,-
2017-07,31/07/2017,Continental,0.64
2017-07,31/07/2017,Comercio,1.38
2017-07,31/07/2017,Crédito,0.19
2017-07,31/07/2017,Financiero,0.74
2017-07,31/07/2017,BIF,1.15
2017-07,31/07/2017,Scotiabank,0.89
2017-07,31/07/2017,Citibank,0.64
2017-07,31/07/2017,Interbank,0.37
2017-07,31/07/2017,Mibanco,0.32
2017-07,31/07/2017,GNB,4.11
2017-07,31/07/2017,Falabella,2.50
2017-07,31/07/2017,Santander,0.50
2017-07,31/07/2017,Ripley,0.76
2017-07,31/07/2017,Azteca,1.00
2017-07,31/07/2017,CAT,-
2017-07,31/07/2017,ICBC,-
2017-08,31/08/2017,Continental,0.50
2017-08,31/08/2017,Comercio,1.34
2017-08,31/08/2017,Crédito,0.20
2017-08,31/08/2017,Financiero,0.76
2017-08,31/08/2017,BIF,0.93
2017-08,31/08/2017,Scotiabank,0.75
2017-08,31/08/2017,Citibank,0.64
2017-08,31/08/2017,Interbank,0.38
2017-08,31/08/2017,Mibanco,0.34
2017-08,31/08/2017,GNB,3.87
2017-08,31/08/2017,Falabella,2.50
2017-08,31/08/2017,Santander,0.50
2017-08,31/08/2017,Ripley,0.76
2017-08,31/08/2017,Azteca,1.00
2017-08,31/08/2017,CAT,-
2017-08,31/08/2017,ICBC,-
2017-09,29/09/2017,Continental,0.54
2017-09,29/09/2017,Comercio,1.41
2017-09,29/09/2017,Crédito,0.18
2017-09,29/09/2017,Financiero,0.72
2017-09,29/09/2017,BIF,0.98
2017-09,29/09/2017,Scotiabank,0.53
2017-09,29/09/2017,Citibank,0.84
2017-09,29/09/2017,Interbank,0.39
2017-09,29/09/2017,Mibanco,0.33
2017-09,29/09/2017,GNB,3.94
2017-09,29/09/2017,Falabella,2.50
2017-09,29/09/2017,Santander,0.50
2017-09,29/09/2017,Ripley,0.76
2017-09,29/09/2017,Azteca,1.00
2017-09,29/09/2017,CAT,-
2017-09,29/09/2017,ICBC,-
2017-10,31/10/2017,Continental,0.66
2017-10,31/10/2017,Comercio,1.40
2017-10,31/10/2017,Crédito,0.18
2017-10,31/10/2017,Financiero,0.58
2017-10,31/10/2017,BIF,1.14
2017-10,31/10/2017,Scotiabank,0.55
2017-10,31/10/2017,Citibank,0.84
2017-10,31/10/2017,Interbank,0.37
2017-10,31/10/2017,Mibanco,0.33
2017-10,31/10/2017,GNB,3.80
2017-10,31/10/2017,Falabella,2.50
2017-10,31/10/2017,Santander,0.50
2017-10,31/10/2017,Ripley,0.76
2017-10,31/10/2017,Azteca,1.00
2017-10,31/10/2017,CAT,-
2017-10,31/10/2017,ICBC,-
2017-11,30/11/2017,Continental,0.51
2017-11,30/11/2017,Comercio,1.41
2017-11,30/11/2017,Crédito,0.19
2017-11,30/11/2017,Financiero,0.53
2017-11,30/11/2017,BIF,1.31
2017-11,30/11/2017,Scotiabank,1.88
2017-11,30/11/2017,Citibank,0.33
2017-11,30/11/2017,Interbank,0.36
2017-11,30/11/2017,Mibanco,0.33
2017-11,30/11/2017,GNB,3.79
2017-11,30/11/2017,Falabella,2.50
2017-11,30/11/2017,Santander,0.50
2017-11,30/11/2017,Ripley,0.76
2017-11,30/11/2017,Azteca,1.00
2017-11,30/11/2017,CAT,2.00
2017-11,30/11/2017,ICBC,-
2017-12,29/12/2017,Continental,0.32
2017-12,29/12/2017,Comercio,1.44
2017-12,29/12/2017,Crédito,0.18
2017-12,29/12/2017,Financiero,0.54
2017-12,29/12/2017,BIF,1.30
2017-12,29/12/2017,Scotiabank,2.85
2017-12,29/12/2017,Citibank,0.54
2017-12,29/12/2017,Interbank,0.31
2017-12,29/12/2017,Mibanco,0.36
2017-12,29/12/2017,GNB,3.79
2017-12,29/12/2017,Falabella,2.50
2017-12,29/12/2017,Santander,-
2017-12,29/12/2017,Ripley,0.76
2017-12,29/12/2017,Azteca,1.00
2017-12,29/12/2017,CAT,2.00
2017-12,29/12/2017,ICBC,-
2018-01,31/01/2018,Continental,0.47
2018-01,31/01/2018,Comercio,1.44
2018-01,31/01/2018,Crédito,0.19
2018-01,31/01/2018,Financiero,0.60
2018-01,31/01/2018,BIF,1.33
2018-01,31/01/2018,Scotiabank,2.52
2018-01,31/01/2018,Citibank,0.67
2018-01,31/01/2018,Interbank,0.26
2018-01,31/01/2018,Mibanco,0.36
2018-01,31/01/2018,GNB,3.74
2018-01,31/01/2018,Falabella,2.50
2018-01,31/01/2018,Santander,0.50
2018-01,31/01/2018,Ripley,0.76
2018-01,31/01/2018,Azteca,1.00
2018-01,31/01/2018,CAT,-
2018-01,31/01/2018,ICBC,-
2018-02,28/02/2018,Continental,0.34
2018-02,28/02/2018,Comercio,1.40
2018-02,28/02/2018,Crédito,0.19
2018-02,28/02/2018,Financiero,0.57
2018-02,28/02/2018,BIF,1.69
2018-02,28/02/2018,Scotiabank,2.67
2018-02,28/02/2018,Citibank,0.93
2018-02,28/02/2018,Interbank,0.37
2018-02,28/02/2018,Mibanco,0.39
2018-02,28/02/2018,GNB,3.94
2018-02,28/02/2018,Falabella,2.50
2018-02,28/02/2018,Santander,0.50
2018-02,28/02/2018,Ripley,0.76
2018-02,28/02/2018,Azteca,1.00
2018-02,28/02/2018,CAT,-
2018-02,28/02/2018,ICBC,-
2018-03,28/03/2018,Continental,0.22
2018-03,28/03/2018,Comercio,1.43
2018-03,28/03/2018,Crédito,0.19
2018-03,28/03/2018,Financiero,0.55
2018-03,28/03/2018,BIF,1.44
2018-03,28/03/2018,Scotiabank,2.47
2018-03,28/03/2018,Citibank,0.65
2018-03,28/03/2018,Interbank,0.37
2018-03,28/03/2018,Mibanco,0.44
2018-03,28/03/2018,GNB,3.87
2018-03,28/03/2018,Falabella,2.50
2018-03,28/03/2018,Santander,0.50
2018-03,28/03/2018,Ripley,0.76
2018-03,28/03/2018,Azteca,1.00
2018-03,28/03/2018,CAT,-
2018-03,28/03/2018,ICBC,-
2018-04,30/04/2018,Continental,0.23
2018-04,30/04/2018,Comercio,1.47
2018-04,30/04/2018,Crédito,0.19
2018-04,30/04/2018,Financiero,0.55
2018-04,30/04/2018,BIF,1.34
2018-04,30/04/2018,Scotiabank,1.54
2018-04,30/04/2018,Citibank,0.66
2018-04,30/04/2018,Interbank,0.56
2018-04,30/04/2018,Mibanco,0.44
2018-04,30/04/2018,GNB,3.86
2018-04,30/04/2018,Falabella,2.50
2018-04,30/04/2018,Santander,-
2018-04,30/04/2018,Ripley,0.76
2018-04,30/04/2018,Azteca,1.00
2018-04,30/04/2018,CAT,-
2018-04,30/04/2018,ICBC,-
2018-05,31/05/2018,Continental,0.24
2018-05,31/05/2018,Comercio,1.42
2018-05,31/05/2018,Crédito,0.18
2018-05,31/05/2018,Financiero,0.55
2018-05,31/05/2018,BIF,1.16
2018-05,31/05/2018,Scotiabank,1.48
2018-05,31/05/2018,Citibank,0.59
2018-05,31/05/2018,Interbank,0.61
2018-05,31/05/2018,Mibanco,0.42
2018-05,31/05/2018,GNB,3.71
2018-05,31/05/2018,Falabella,2.50
2018-05,31/05/2018,Santander,0.50
2018-05,31/05/2018,Ripley,0.76
2018-05,31/05/2018,Azteca,1.00
2018-05,31/05/2018,CAT,-
2018-05,31/05/2018,ICBC,-
2018-06,28/06/2018,Continental,0.24
2018-06,28/06/2018,Comercio,1.48
2018-06,28/06/2018,Crédito,0.19
2018-06,28/06/2018,Financiero,0.54
2018-06,28/06/2018,BIF,1.15
2018-06,28/06/2018,Scotiabank,1.51
2018-06,28/06/2018,Citibank,0.43
2018-06,28/06/2018,Interbank,0.39
2018-06,28/06/2018,Mibanco,0.42
2018-06,28/06/2018,GNB,4.06
2018-06,28/06/2018,Falabella,2.50
2018-06,28/06/2018,Santander,0.50
2018-06,28/06/2018,Ripley,0.76
2018-06,28/06/2018,Azteca,1.00
2018-06,28/06/2018,CAT,-
2018-06,28/06/2018,ICBC,-
2018-07,31/07/2018,Continental,0.25
2018-07,31/07/2018,Comercio,1.42
2018-07,31/07/2018,Crédito,0.18
2018-07,31/07/2018,Financiero,0.76
2018-07,31/07/2018,BIF,1.24
2018-07,31/07/2018,Scotiabank,1.60
2018-07,31/07/2018,Citibank,0.69
2018-07,31/07/2018,Interbank,0.32
2018-07,31/07/2018,Mibanco,0.43
2018-07,31/07/2018,GNB,3.81
2018-07,31/07/2018,Falabella,2.50
2018-07,31/07/2018,Santander,0.50
2018-07,31/07/2018,Ripley,0.76
2018-07,31/07/2018,Azteca,1.01
2018-07,31/07/2018,CAT,-
2018-07,31/07/2018,ICBC,-
2018-08,29/08/2018,Continental,0.26
2018-08,29/08/2018,Comercio,1.42
2018-08,29/08/2018,Crédito,0.18
2018-08,29/08/2018,Pichincha,0.83
2018-08,29/08/2018,BIF,1.32
2018-08,29/08/2018,Scotiabank,2.57
2018-08,29/08/2018,Citibank,0.56
2018-08,29/08/2018,Interbank,0.47
2018-08,29/08/2018,Mibanco,0.41
2018-08,29/08/2018,GNB,3.74
2018-08,29/08/2018,Falabella,2.50
2018-08,29/08/2018,Santander,0.50
2018-08,29/08/2018,Ripley,0.76
2018-08,29/08/2018,Azteca,1.02
2018-08,29/08/2018,CAT,-
2018-08,29/08/2018,ICBC,-
2018-09,28/09/2018,Continental,0.26
2018-09,28/09/2018,Comercio,1.46
2018-09,28/09/2018,Crédito,0.17
2018-09,28/09/2018,Pichincha,1.02
2018-09,28/09/2018,BIF,1.02
2018-09,28/09/2018,Scotiabank,2.76
2018-09,28/09/2018,Citibank,0.57
2018-09,28/09/2018,Interbank,0.47
2018-09,28/09/2018,Mibanco,0.40
2018-09,28/09/2018,GNB,3.37
2018-09,28/09/2018,Falabella,2.50
2018-09,28/09/2018,Santander,-
2018-09,28/09/2018,Ripley,0.76
2018-09,28/09/2018,Azteca,1.00
2018-09,28/09/2018,CAT,-
2018-09,28/09/2018,ICBC,-
2018-10,31/10/2018,Continental,0.36
2018-10,31/10/2018,Comercio,1.41
2018-10,31/10/2018,Crédito,0.17
2018-10,31/10/2018,Pichincha,1.06
2018-10,31/10/2018,BIF,0.99
2018-10,31/10/2018,Scotiabank,2.65
2018-10,31/10/2018,Citibank,0.63
2018-10,31/10/2018,Interbank,0.83
2018-10,31/10/2018,Mibanco,0.38
2018-10,31/10/2018,GNB,3.47
2018-10,31/10/2018,Falabella,2.50
2018-10,31/10/2018,Santander,0.50
2018-10,31/10/2018,Ripley,0.76
2018-10,31/10/2018,Azteca,1.00
2018-10,31/10/2018,CAT,-
2018-10,31/10/2018,ICBC,-
2018-11,30/11/2018,Continental,0.26
2018-11,30/11/2018,Comercio,1.40
2018-11,30/11/2018,Crédito,0.16
2018-11,30/11/2018,Pichincha,1.04
2018-11,30/11/2018,BIF,1.09
2018-11,30/11/2018,Scotiabank,2.56
2018-11,30/11/2018,Citibank,0.60
2018-11,30/11/2018,Interbank,0.83
2018-11,30/11/2018,Mibanco,0.37
2018-11,30/11/2018,GNB,3.12
2018-11,30/11/2018,Falabella,2.50
2018-11,30/11/2018,Santander,0.50
2018-11,30/11/2018,Ripley,0.75
2018-11,30/11/2018,Azteca,1.00
2018-11,30/11/2018,CAT,-
2018-11,30/11/2018,ICBC,-
2018-12,31/12/2018,Continental,0.31
2018-12,31/12/2018,Comercio,1.38
2018-12,31/12/2018,Crédito,0.16
2018-12,31/12/2018,Pichincha,1.19
2018-12,31/12/2018,BIF,1.02
2018-12,31/12/2018,Scotiabank,3.08
2018-12,31/12/2018,Citibank,0.99
2018-12,31/12/2018,Interbank,0.29
2018-12,31/12/2018,Mibanco,0.40
2018-12,31/12/2018,GNB,3.54
2018-12,31/12/2018,Falabella,2.50
2018-12,31/12/2018,Santander,0.50
2018-12,31/12/2018,Ripley,0.75
2018-12,31/12/2018,Azteca,1.01
2018-12,31/12/2018,CAT,-
2018-12,31/12/2018,ICBC,-
2019-01,31/01/2019,Continental,0.44
2019-01,31/01/2019,Comercio,1.37
2019-01,31/01/2019,Crédito,0.15
2019-01,31/01/2019,Pichincha,1.14
2019-01,31/01/2019,BIF,1.00
2019-01,31/01/2019,Scotiabank,3.13
2019-01,31/01/2019,Citibank,1.13
2019-01,31/01/2019,Interbank,0.29
2019-01,31/01/2019,Mibanco,0.43
2019-01,31/01/2019,GNB,4.05
2019-01,31/01/2019,Falabella,2.50
2019-01,31/01/2019,Santander,0.50
2019-01,31/01/2019,Ripley,0.76
2019-01,31/01/2019,Azteca,1.00
2019-01,31/01/2019,CAT,-
2019-01,31/01/2019,ICBC,-
2019-02,28/02/2019,Continental,0.33
2019-02,28/02/2019,Comercio,1.43
2019-02,28/02/2019,Crédito,0.16
2019-02,28/02/2019,Pichincha,1.16
2019-02,28/02/2019,BIF,1.09
2019-02,28/02/2019,Scotiabank,2.68
2019-02,28/02/2019,Citibank,0.89
2019-02,28/02/2019,Interbank,0.38
2019-02,28/02/2019,Mibanco,0.42
2019-02,28/02/2019,GNB,3.64
2019-02,28/02/2019,Falabella,2.50
2019-02,28/02/2019,Santander,2.66
2019-02,28/02/2019,Ripley,0.76
2019-02,28/02/2019,Azteca,1.00
2019-02,28/02/2019,CAT,s.i.
2019-02,28/02/2019,ICBC,-
2019-03,29/03/2019,Continental,0.32
2019-03,29/03/2019,Comercio,1.38
2019-03,29/03/2019,Crédito,0.15
2019-03,29/03/2019,Pichincha,1.18
2019-03,29/03/2019,BIF,1.07
2019-03,29/03/2019,Scotiabank,2.47
2019-03,29/03/2019,Citibank,1.62
2019-03,29/03/2019,Interbank,0.37
2019-03,29/03/2019,Mibanco,0.40
2019-03,29/03/2019,GNB,3.46
2019-03,29/03/2019,Falabella,2.50
2019-03,29/03/2019,Santander,2.68
2019-03,29/03/2019,Ripley,0.73
2019-03,29/03/2019,Azteca,1.00
2019-03,29/03/2019,ICBC,-
2019-04,30/04/2019,Continental,0.48
2019-04,30/04/2019,Comercio,1.43
2019-04,30/04/2019,Crédito,0.14
2019-04,30/04/2019,Pichincha,1.27
2019-04,30/04/2019,BIF,1.14
2019-04,30/04/2019,Scotiabank,2.60
2019-04,30/04/2019,Citibank,1.08
2019-04,30/04/2019,Interbank,0.53
2019-04,30/04/2019,Mibanco,0.43
2019-04,30/04/2019,GNB,3.87
2019-04,30/04/2019,Falabella,2.50
2019-04,30/04/2019,Santander,2.47
2019-04,30/04/2019,Ripley,0.71
2019-04,30/04/2019,Azteca,1.00
2019-04,30/04/2019,ICBC,-
2019-05,31/05/2019,Continental,0.41
2019-05,31/05/2019,Comercio,1.42
2019-05,31/05/2019,Crédito,0.14
2019-05,31/05/2019,Pichincha,1.21
2019-05,31/05/2019,BIF,1.17
2019-05,31/05/2019,Scotiabank,2.87
2019-05,31/05/2019,Citibank,1.22
2019-05,31/05/2019,Interbank,0.57
2019-05,31/05/2019,Mibanco,0.43
2019-05,31/05/2019,GNB,4.01
2019-05,31/05/2019,Falabella,2.50
2019-05,31/05/2019,Santander,2.68
2019-05,31/05/2019,Ripley,0.52
2019-05,31/05/2019,Azteca,1.01
2019-05,31/05/2019,ICBC,-
2019-06,28/06/2019,BBVA,0.34
2019-06,28/06/2019,Comercio,1.33
2019-06,28/06/2019,Crédito,0.13
2019-06,28/06/2019,Pichincha,1.17
2019-06,28/06/2019,BIF,1.07
2019-06,28/06/2019,Scotiabank,2.58
2019-06,28/06/2019,Citibank,1.05
2019-06,28/06/2019,Interbank,0.37
2019-06,28/06/2019,Mibanco,0.45
2019-06,28/06/2019,GNB,3.57
2019-06,28/06/2019,Falabella,2.50
2019-06,28/06/2019,Santander,2.74
2019-06,28/06/2019,Ripley,0.19
2019-06,28/06/2019,Azteca,1.00
2019-06,28/06/2019,ICBC,-
2019-07,31/07/2019,BBVA,0.54
2019-07,31/07/2019,Comercio,1.32
2019-07,31/07/2019,Crédito,0.13
2019-07,31/07/2019,Pichincha,1.24
2019-07,31/07/2019,BIF,1.08
2019-07,31/07/2019,Scotiabank,2.17
2019-07,31/07/2019,Citibank,0.87
2019-07,31/07/2019,Interbank,0.30
2019-07,31/07/2019,Mibanco,0.44
2019-07,31/07/2019,GNB,3.63
2019-07,31/07/2019,Falabella,2.50
2019-07,31/07/2019,Santander,2.53
2019-07,31/07/2019,Ripley,0.17
2019-07,31/07/2019,Azteca,1.00
2019-07,31/07/2019,ICBC,-
2019-08,28/08/2019,BBVA,0.39
2019-08,28/08/2019,Comercio,1.40
2019-08,28/08/2019,Crédito,0.14
2019-08,28/08/2019,Pichincha,1.21
2019-08,28/08/2019,BIF,1.49
2019-08,28/08/2019,Scotiabank,1.97
2019-08,28/08/2019,Citibank,0.55
2019-08,28/08/2019,Interbank,0.33
2019-08,28/08/2019,Mibanco,0.47
2019-08,28/08/2019,GNB,4.46
2019-08,28/08/2019,Falabella,2.50
2019-08,28/08/2019,Santander,2.54
2019-08,28/08/2019,Ripley,0.17
2019-08,28/08/2019,Azteca,1.00
2019-08,28/08/2019,ICBC,-
2019-09,30/09/2019,BBVA,0.51
2019-09,30/09/2019,Comercio,1.32
2019-09,30/09/2019,Crédito,0.13
2019-09,30/09/2019,Pichincha,1.34
2019-09,30/09/2019,BIF,1.45
2019-09,30/09/2019,Scotiabank,2.15
2019-09,30/09/2019,Citibank,1.11
2019-09,30/09/2019,Interbank,0.32
2019-09,30/09/2019,Mibanco,0.42
2019-09,30/09/2019,GNB,4.33
2019-09,30/09/2019,Falabella,2.50
2019-09,30/09/2019,Santander,2.52
2019-09,30/09/2019,Ripley,0.17
2019-09,30/09/2019,Azteca,1.00
2019-09,30/09/2019,ICBC,-
2019-10,30/10/2019,BBVA,0.42
2019-10,30/10/2019,Comercio,1.34
2019-10,30/10/2019,Crédito,0.13
2019-10,30/10/2019,Pichincha,1.32
2019-10,30/10/2019,BIF,1.33
2019-10,30/10/2019,Scotiabank,2.45
2019-10,30/10/2019,Citibank,0.13
2019-10,30/10/2019,Interbank,0.28
2019-10,30/10/2019,Mibanco,0.39
2019-10,30/10/2019,GNB,3.98
2019-10,30/10/2019,Falabella,2.50
2019-10,30/10/2019,Santander,2.31
2019-10,30/10/2019,Ripley,0.16
2019-10,30/10/2019,Azteca,1.00
2019-10,30/10/2019,ICBC,-
2019-11,29/11/2019,BBVA,0.36
2019-11,29/11/2019,Comercio,1.36
2019-11,29/11/2019,Crédito,0.13
2019-11,29/11/2019,Pichincha,1.31
2019-11,29/11/2019,BIF,1.31
2019-11,29/11/2019,Scotiabank,2.46
2019-11,29/11/2019,Citibank,0.47
2019-11,29/11/2019,Interbank,0.29
2019-11,29/11/2019,Mibanco,0.40
2019-11,29/11/2019,GNB,4.29
2019-11,29/11/2019,Falabella,2.50
2019-11,29/11/2019,Santander,2.20
2019-11,29/11/2019,Ripley,0.16
2019-11,29/11/2019,Azteca,1.02
2019-11,29/11/2019,ICBC,-
2019-12,31/12/2019,BBVA,0.48
2019-12,31/12/2019,Comercio,1.31
2019-12,31/12/2019,Crédito,0.14
2019-12,31/12/2019,Pichincha,1.43
2019-12,31/12/2019,BIF,1.24
2019-12,31/12/2019,Scotiabank,1.96
2019-12,31/12/2019,Citibank,1.14
2019-12,31/12/2019,Interbank,0.27
2019-12,31/12/2019,Mibanco,0.43
2019-12,31/12/2019,GNB,4.42
2019-12,31/12/2019,Falabella,2.50
2019-12,31/12/2019,Santander,1.93
2019-12,31/12/2019,Ripley,0.17
2019-12,31/12/2019,Azteca,1.00
2019-12,31/12/2019,ICBC,-
2020-01,31/01/2020,BBVA,0.38
2020-01,31/01/2020,Comercio,1.23
2020-01,31/01/2020,Crédito,0.14
2020-01,31/01/2020,Pichincha,1.46
2020-01,31/01/2020,BIF,1.25
2020-01,31/01/2020,Scotiabank,1.67
2020-01,31/01/2020,Citibank,0.34
2020-01,31/01/2020,Interbank,0.27
2020-01,31/01/2020,Mibanco,0.43
2020-01,31/01/2020,GNB,4.30
2020-01,31/01/2020,Falabella,2.50
2020-01,31/01/2020,Santander,1.87
2020-01,31/01/2020,Ripley,0.17
2020-01,31/01/2020,Azteca,1.00
2020-01,31/01/2020,ICBC,-
2020-02,28/02/2020,BBVA,0.28
2020-02,28/02/2020,Comercio,1.25
2020-02,28/02/2020,Crédito,0.13
2020-02,28/02/2020,Pichincha,1.48
2020-02,28/02/2020,BIF,1.12
2020-02,28/02/2020,Scotiabank,1.56
2020-02,28/02/2020,Citibank,0.72
2020-02,28/02/2020,Interbank,0.27
2020-02,28/02/2020,Mibanco,0.43
2020-02,28/02/2020,GNB,4.49
2020-02,28/02/2020,Falabella,2.50
2020-02,28/02/2020,Santander,1.90
2020-02,28/02/2020,Ripley,0.17
2020-02,28/02/2020,Azteca,1.00
2020-02,28/02/2020,ICBC,-
2020-03,31/03/2020,BBVA,0.46
2020-03,31/03/2020,Comercio,1.26
2020-03,31/03/2020,Crédito,0.13
2020-03,31/03/2020,Pichincha,1.70
2020-03,31/03/2020,BIF,1.01
2020-03,31/03/2020,Scotiabank,1.94
2020-03,31/03/2020,Citibank,0.34
2020-03,31/03/2020,Interbank,0.28
2020-03,31/03/2020,Mibanco,0.51
2020-03,31/03/2020,GNB,4.48
2020-03,31/03/2020,Falabella,2.50
2020-03,31/03/2020,Santander,1.75
2020-03,31/03/2020,Ripley,0.16
2020-03,31/03/2020,Azteca,1.00
2020-03,31/03/2020,ICBC,-
2020-04,30/04/2020,BBVA,0.40
2020-04,30/04/2020,Comercio,1.40
2020-04,30/04/2020,Crédito,0.12
2020-04,30/04/2020,Pichincha,2.49
2020-04,30/04/2020,BIF,1.02
2020-04,30/04/2020,Scotiabank,2.68
2020-04,30/04/2020,Citibank,0.26
2020-04,30/04/2020,Interbank,0.25
2020-04,30/04/2020,Mibanco,0.93
2020-04,30/04/2020,GNB,4.48
2020-04,30/04/2020,Falabella,2.50
2020-04,30/04/2020,Santander,1.75
2020-04,30/04/2020,Ripley,0.15
2020-04,30/04/2020,Azteca,1.00
2020-04,30/04/2020,ICBC,-
2020-05,29/05/2020,BBVA,0.28
2020-05,29/05/2020,Comercio,1.39
2020-05,29/05/2020,Crédito,0.09
2020-05,29/05/2020,Pichincha,2.28
2020-05,29/05/2020,BIF,1.34
2020-05,29/05/2020,Scotiabank,1.97
2020-05,29/05/2020,Citibank,0.01
2020-05,29/05/2020,Interbank,0.21
2020-05,29/05/2020,Mibanco,0.76
2020-05,29/05/2020,GNB,4.48
2020-05,29/05/2020,Falabella,2.50
2020-05,29/05/2020,Santander,1.75
2020-05,29/05/2020,Ripley,0.15
2020-05,29/05/2020,Azteca,1.00
2020-05,29/05/2020,ICBC,-
2020-06,30/06/2020,BBVA,0.32
2020-06,30/06/2020,Comercio,1.45
2020-06,30/06/2020,Crédito,0.09
2020-06,30/06/2020,Pichincha,2.29
2020-06,30/06/2020,BIF,1.61
2020-06,30/06/2020,Scotiabank,1.63
2020-06,30/06/2020,Citibank,0.01
2020-06,30/06/2020,Interbank,0.19
2020-06,30/06/2020,Mibanco,0.61
2020-06,30/06/2020,GNB,4.12
2020-06,30/06/2020,Falabella,2.50
2020-06,30/06/2020,Santander,0.50
2020-06,30/06/2020,Ripley,0.16
2020-06,30/06/2020,Azteca,1.00
2020-06,30/06/2020,ICBC,-
2020-07,31/07/2020,BBVA,0.19
2020-07,31/07/2020,Comercio,1.49
2020-07,31/07/2020,Crédito,0.10
2020-07,31/07/2020,Pichincha,2.38
2020-07,31/07/2020,BIF,1.68
2020-07,31/07/2020,Scotiabank,1.39
2020-07,31/07/2020,Citibank,0.01
2020-07,31/07/2020,Interbank,0.18
2020-07,31/07/2020,Mibanco,0.38
2020-07,31/07/2020,GNB,4.14
2020-07,31/07/2020,Falabella,2.50
2020-07,31/07/2020,Santander,0.38
2020-07,31/07/2020,Ripley,0.35
2020-07,31/07/2020,Azteca,1.00
2020-07,31/07/2020,ICBC,-
2020-07,31/07/2020,Bank of China,s.i.
2020-08,31/08/2020,BBVA,0.10
2020-08,31/08/2020,Comercio,1.38
2020-08,31/08/2020,Crédito,0.10
2020-08,31/08/2020,Pichincha,2.22
2020-08,31/08/2020,BIF,1.37
2020-08,31/08/2020,Scotiabank,1.04
2020-08,31/08/2020,Citibank,0.01
2020-08,31/08/2020,Interbank,0.20
2020-08,31/08/2020,Mibanco,0.40
2020-08,31/08/2020,GNB,4.26
2020-08,31/08/2020,Falabella,2.00
2020-08,31/08/2020,Santander,0.35
2020-08,31/08/2020,Ripley,0.37
2020-08,31/08/2020,Azteca,1.00
2020-08,31/08/2020,ICBC,-
2020-08,31/08/2020,Bank of China,-
2020-09,30/09/2020,BBVA,0.06
2020-09,30/09/2020,Comercio,1.31
2020-09,30/09/2020,Crédito,0.10
2020-09,30/09/2020,Pichincha,2.30
2020-09,30/09/2020,BIF,1.31
2020-09,30/09/2020,Scotiabank,1.06
2020-09,30/09/2020,Citibank,0.01
2020-09,30/09/2020,Interbank,0.19
2020-09,30/09/2020,Mibanco,0.48
2020-09,30/09/2020,GNB,4.42
2020-09,30/09/2020,Falabella,1.50
2020-09,30/09/2020,Santander,0.17
2020-09,30/09/2020,Ripley,0.53
2020-09,30/09/2020,Azteca,1.00
2020-09,30/09/2020,ICBC,-
2020-09,30/09/2020,Bank of China,-
2020-10,30/10/2020,BBVA,0.05
2020-10,30/10/2020,Comercio,1.31
2020-10,30/10/2020,Crédito,0.10
2020-10,30/10/2020,Pichincha,2.36
2020-10,30/10/2020,BIF,1.21
2020-10,30/10/2020,Scotiabank,1.07
2020-10,30/10/2020,Citibank,0.01
2020-10,30/10/2020,Interbank,0.14
2020-10,30/10/2020,Mibanco,0.49
2020-10,30/10/2020,GNB,4.38
2020-10,30/10/2020,Falabella,1.38
2020-10,30/10/2020,Santander,0.15
2020-10,30/10/2020,Ripley,0.55
2020-10,30/10/2020,Azteca,1.00
2020-10,30/10/2020,ICBC,-
2020-10,30/10/2020,Bank of China,-
2020-11,30/11/2020,BBVA,0.04
2020-11,30/11/2020,Comercio,1.26
2020-11,30/11/2020,Crédito,0.10
2020-11,30/11/2020,Pichincha,2.14
2020-11,30/11/2020,BIF,1.11
2020-11,30/11/2020,Scotiabank,1.05
2020-11,30/11/2020,Citibank,0.01
2020-11,30/11/2020,Interbank,0.09
2020-11,30/11/2020,Mibanco,0.39
2020-11,30/11/2020,GNB,3.99
2020-11,30/11/2020,Falabella,1.41
2020-11,30/11/2020,Santander,0.15
2020-11,30/11/2020,Ripley,0.37
2020-11,30/11/2020,Azteca,1.00
2020-11,30/11/2020,ICBC,-
2020-11,30/11/2020,Bank of China,-
2020-12,31/12/2020,BBVA,0.04
2020-12,31/12/2020,Comercio,1.34
2020-12,31/12/2020,Crédito,0.11
2020-12,31/12/2020,Pichincha,2.11
2020-12,31/12/2020,BIF,0.92
2020-12,31/12/2020,Scotiabank,1.06
2020-12,31/12/2020,Citibank,0.01
2020-12,31/12/2020,Interbank,0.09
2020-12,31/12/2020,Mibanco,0.34
2020-12,31/12/2020,GNB,3.89
2020-12,31/12/2020,Falabella,1.45
2020-12,31/12/2020,Santander,0.14
2020-12,31/12/2020,Ripley,0.61
2020-12,31/12/2020,Azteca,1.00
2020-12,31/12/2020,ICBC,-
2020-12,31/12/2020,Bank of China,-
2021-01,29/01/2021,BBVA,0.04
2021-01,29/01/2021,Comercio,1.36
2021-01,29/01/2021,Crédito,0.10
2021-01,29/01/2021,Pichincha,2.19
2021-01,29/01/2021,BIF,0.93
2021-01,29/01/2021,Scotiabank,1.05
2021-01,29/01/2021,Citibank,0.01
2021-01,29/01/2021,Interbank,0.08
2021-01,29/01/2021,Mibanco,0.34
2021-01,29/01/2021,GNB,3.93
2021-01,29/01/2021,Falabella,1.46
2021-01,29/01/2021,Santander,0.10
2021-01,29/01/2021,Ripley,0.67
2021-01,29/01/2021,Azteca,1.00
2021-01,29/01/2021,ICBC,-
2021-01,29/01/2021,Bank of China,-
2021-02,26/02/2021,BBVA,0.03
2021-02,26/02/2021,Comercio,1.34
2021-02,26/02/2021,Crédito,0.09
2021-02,26/02/2021,Pichincha,2.06
2021-02,26/02/2021,BIF,1.02
2021-02,26/02/2021,Scotiabank,1.09
2021-02,26/02/2021,Citibank,0.01
2021-02,26/02/2021,Interbank,0.08
2021-02,26/02/2021,Mibanco,s.i.
2021-02,26/02/2021,GNB,3.74
2021-02,26/02/2021,Falabella,1.33
2021-02,26/02/2021,Santander,-
2021-02,26/02/2021,Ripley,0.53
2021-02,26/02/2021,Azteca,1.01
2021-02,26/02/2021,ICBC,-
2021-02,26/02/2021,Bank of China,-
2021-03,31/03/2021,BBVA,0.03
2021-03,31/03/2021,Comercio,1.33
2021-03,31/03/2021,Crédito,0.10
2021-03,31/03/2021,Pichincha,1.88
2021-03,31/03/2021,BIF,0.88
2021-03,31/03/2021,Scotiabank,1.09
2021-03,31/03/2021,Citibank,0.01
2021-03,31/03/2021,Interbank,0.08
2021-03,31/03/2021,Mibanco,0.29
2021-03,31/03/2021,GNB,2.81
2021-03,31/03/2021,Falabella,1.20
2021-03,31/03/2021,Santander,-
2021-03,31/03/2021,Ripley,0.48
2021-03,31/03/2021,Azteca,1.01
2021-03,31/03/2021,ICBC,-
2021-03,31/03/2021,Bank of China,-
2021-04,30/04/2021,BBVA,0.03
2021-04,30/04/2021,Comercio,1.30
2021-04,30/04/2021,Crédito,0.11
2021-04,30/04/2021,Pichincha,1.78
2021-04,30/04/2021,BIF,0.99
2021-04,30/04/2021,Scotiabank,1.04
2021-04,30/04/2021,Citibank,0.01
2021-04,30/04/2021,Interbank,0.09
2021-04,30/04/2021,Mibanco,0.28
2021-04,30/04/2021,GNB,4.00
2021-04,30/04/2021,Falabella,1.19
2021-04,30/04/2021,Santander,-
2021-04,30/04/2021,Ripley,0.89
2021-04,30/04/2021,Azteca,1.00
2021-04,30/04/2021,ICBC,-
2021-04,30/04/2021,Bank of China,-
2021-05,31/05/2021,BBVA,0.02
2021-05,31/05/2021,Comercio,1.17
2021-05,31/05/2021,Crédito,0.11
2021-05,31/05/2021,Pichincha,1.72
2021-05,31/05/2021,BIF,1.20
2021-05,31/05/2021,Scotiabank,1.06
2021-05,31/05/2021,Citibank,0.01
2021-05,31/05/2021,Interbank,0.09
2021-05,31/05/2021,Mibanco,0.32
2021-05,31/05/2021,GNB,3.79
2021-05,31/05/2021,Falabella,0.92
2021-05,31/05/2021,Santander,-
2021-05,31/05/2021,Ripley,0.64
2021-05,31/05/2021,Azteca,1.00
2021-05,31/05/2021,ICBC,-
2021-05,31/05/2021,Bank of China,-
2021-06,30/06/2021,BBVA,0.01
2021-06,30/06/2021,Comercio,1.17
2021-06,30/06/2021,Crédito,0.12
2021-06,30/06/2021,Pichincha,1.54
2021-06,30/06/2021,BIF,1.16
2021-06,30/06/2021,Scotiabank,1.05
2021-06,30/06/2021,Citibank,0.01
2021-06,30/06/2021,Interbank,0.09
2021-06,30/06/2021,Mibanco,0.46
2021-06,30/06/2021,GNB,3.73
2021-06,30/06/2021,Falabella,0.79
2021-06,30/06/2021,Santander,-
2021-06,30/06/2021,Ripley,0.23
2021-06,30/06/2021,Azteca,1.00
2021-06,30/06/2021,ICBC,-
2021-06,30/06/2021,Bank of China,-
2021-07,30/07/2021,BBVA,0.01
2021-07,30/07/2021,Comercio,1.22
2021-07,30/07/2021,Crédito,0.11
2021-07,30/07/2021,Pichincha,1.50
2021-07,30/07/2021,BIF,1.03
2021-07,30/07/2021,Scotiabank,0.86
2021-07,30/07/2021,Citibank,0.01
2021-07,30/07/2021,Interbank,0.09
2021-07,30/07/2021,Mibanco,0.41
2021-07,30/07/2021,GNB,3.71
2021-07,30/07/2021,Falabella,0.77
2021-07,30/07/2021,Santander,-
2021-07,30/07/2021,Ripley,0.27
2021-07,30/07/2021,Azteca,1.00
2021-07,30/07/2021,ICBC,-
2021-07,30/07/2021,Bank of China,-
2021-08,31/08/2021,BBVA,0.02
2021-08,31/08/2021,Comercio,1.24
2021-08,31/08/2021,Crédito,0.11
2021-08,31/08/2021,Pichincha,1.42
2021-08,31/08/2021,BIF,1.00
2021-08,31/08/2021,Scotiabank,0.72
2021-08,31/08/2021,Citibank,0.01
2021-08,31/08/2021,Interbank,0.09
2021-08,31/08/2021,Mibanco,0.37
2021-08,31/08/2021,GNB,3.73
2021-08,31/08/2021,Falabella,0.82
2021-08,31/08/2021,Santander,0.10
2021-08,31/08/2021,Ripley,0.58
2021-08,31/08/2021,Azteca,1.00
2021-08,31/08/2021,ICBC,-
2021-08,31/08/2021,Bank of China,-
2021-09,30/09/2021,BBVA,0.01
2021-09,30/09/2021,Comercio,1.15
2021-09,30/09/2021,Crédito,0.11
2021-09,30/09/2021,Pichincha,1.26
2021-09,30/09/2021,BIF,1.04
2021-09,30/09/2021,Scotiabank,0.72
2021-09,30/09/2021,Citibank,0.01
2021-09,30/09/2021,Interbank,0.08
2021-09,30/09/2021,Mibanco,0.34
2021-09,30/09/2021,GNB,3.75
2021-09,30/09/2021,Falabella,0.91
2021-09,30/09/2021,Santander,0.10
2021-09,30/09/2021,Ripley,0.38
2021-09,30/09/2021,Azteca,1.00
2021-09,30/09/2021,ICBC,-
2021-09,30/09/2021,Bank of China,-
2021-10,29/10/2021,BBVA,0.01
2021-10,29/10/2021,Comercio,1.07
2021-10,29/10/2021,Crédito,0.10
2021-10,29/10/2021,Pichincha,1.21
2021-10,29/10/2021,BIF,1.10
2021-10,29/10/2021,Scotiabank,0.72
2021-10,29/10/2021,Citibank,0.01
2021-10,29/10/2021,Interbank,0.08
2021-10,29/10/2021,Mibanco,0.32
2021-10,29/10/2021,GNB,3.73
2021-10,29/10/2021,Falabella,0.91
2021-10,29/10/2021,Santander,-
2021-10,29/10/2021,Ripley,0.29
2021-10,29/10/2021,Azteca,1.00
2021-10,29/10/2021,ICBC,-
2021-10,29/10/2021,Bank of China,-
2021-11,30/11/2021,BBVA,0.01
2021-11,30/11/2021,Comercio,1.06
2021-11,30/11/2021,Crédito,s.i.
2021-11,30/11/2021,Pichincha,1.12
2021-11,30/11/2021,BIF,0.99
2021-11,30/11/2021,Scotiabank,0.51
2021-11,30/11/2021,Citibank,0.01
2021-11,30/11/2021,Interbank,0.08
2021-11,30/11/2021,Mibanco,0.30
2021-11,30/11/2021,GNB,3.72
2021-11,30/11/2021,Falabella,0.91
2021-11,30/11/2021,Santander,-
2021-11,30/11/2021,Ripley,0.26
2021-11,30/11/2021,Alfin,1.01
2021-11,30/11/2021,ICBC,-
2021-11,30/11/2021,Bank of China,-
2021-12,31/12/2021,BBVA,0.01
2021-12,31/12/2021,Comercio,1.11
2021-12,31/12/2021,Crédito,0.12
2021-12,31/12/2021,Pichincha,1.30
2021-12,31/12/2021,BIF,1.02
2021-12,31/12/2021,Scotiabank,0.39
2021-12,31/12/2021,Citibank,0.01
2021-12,31/12/2021,Interbank,0.14
2021-12,31/12/2021,Mibanco,0.32
2021-12,31/12/2021,GNB,3.75
2021-12,31/12/2021,Falabella,0.91
2021-12,31/12/2021,Santander,-
2021-12,31/12/2021,Ripley,0.26
2021-12,31/12/2021,Alfin,1.03
2021-12,31/12/2021,ICBC,-
2021-12,31/12/2021,Bank of China,-
2022-01,31/01/2022,BBVA,0.03
2022-01,31/01/2022,Comercio,1.08
2022-01,31/01/2022,Crédito,0.11
2022-01,31/01/2022,Pichincha,1.43
2022-01,31/01/2022,BIF,0.83
2022-01,31/01/2022,Scotiabank,0.35
2022-01,31/01/2022,Citibank,0.01
2022-01,31/01/2022,Interbank,0.15
2022-01,31/01/2022,Mibanco,0.33
2022-01,31/01/2022,GNB,3.72
2022-01,31/01/2022,Falabella,0.91
2022-01,31/01/2022,Santander,-
2022-01,31/01/2022,Ripley,0.18
2022-01,31/01/2022,Alfin,1.14
2022-01,31/01/2022,ICBC,-
2022-01,31/01/2022,Bank of China,-
2022-02,28/02/2022,BBVA,0.50
2022-02,28/02/2022,Comercio,1.07
2022-02,28/02/2022,Crédito,0.11
2022-02,28/02/2022,Pichincha,1.50
2022-02,28/02/2022,BIF,0.89
2022-02,28/02/2022,Scotiabank,0.49
2022-02,28/02/2022,Citibank,0.01
2022-02,28/02/2022,Interbank,0.08
2022-02,28/02/2022,Mibanco,0.31
2022-02,28/02/2022,GNB,3.74
2022-02,28/02/2022,Falabella,0.91
2022-02,28/02/2022,Santander,-
2022-02,28/02/2022,Ripley,0.11
2022-02,28/02/2022,Alfin,1.09
2022-02,28/02/2022,ICBC,-
2022-02,28/02/2022,Bank of China,-
2022-03,31/03/2022,BBVA,0.04
2022-03,31/03/2022,Comercio,1.10
2022-03,31/03/2022,Crédito,0.11
2022-03,31/03/2022,Pichincha,1.32
2022-03,31/03/2022,BIF,0.77
2022-03,31/03/2022,Scotiabank,0.92
2022-03,31/03/2022,Citibank,0.01
2022-03,31/03/2022,Interbank,0.08
2022-03,31/03/2022,Mibanco,0.29
2022-03,31/03/2022,GNB,3.66
2022-03,31/03/2022,Falabella,0.91
2022-03,31/03/2022,Santander,-
2022-03,31/03/2022,Ripley,0.08
2022-03,31/03/2022,Alfin,1.42
2022-03,31/03/2022,ICBC,-
2022-03,31/03/2022,Bank of China,-
2022-04,29/04/2022,BBVA,0.01
2022-04,29/04/2022,Comercio,1.07
2022-04,29/04/2022,Crédito,0.07
2022-04,29/04/2022,Pichincha,1.58
2022-04,29/04/2022,BIF,0.92
2022-04,29/04/2022,Scotiabank,0.83
2022-04,29/04/2022,Citibank,0.01
2022-04,29/04/2022,Interbank,0.21
2022-04,29/04/2022,Mibanco,0.33
2022-04,29/04/2022,GNB,3.78
2022-04,29/04/2022,Falabella,0.91
2022-04,29/04/2022,Santander,-
2022-04,29/04/2022,Ripley,0.09
2022-04,29/04/2022,Alfin,1.54
2022-04,29/04/2022,ICBC,-
2022-04,29/04/2022,Bank of China,-
2022-05,31/05/2022,BBVA,0.03
2022-05,31/05/2022,Comercio,1.10
2022-05,31/05/2022,Crédito,0.04
2022-05,31/05/2022,Pichincha,1.89
2022-05,31/05/2022,BIF,1.12
2022-05,31/05/2022,Scotiabank,1.05
2022-05,31/05/2022,Citibank,0.01
2022-05,31/05/2022,Interbank,0.22
2022-05,31/05/2022,Mibanco,0.32
2022-05,31/05/2022,GNB,4.22
2022-05,31/05/2022,Falabella,0.91
2022-05,31/05/2022,Santander,-
2022-05,31/05/2022,Ripley,0.15
2022-05,31/05/2022,Alfin,1.18
2022-05,31/05/2022,ICBC,-
2022-05,31/05/2022,Bank of China,-
2022-06,30/06/2022,BBVA,0.03
2022-06,30/06/2022,Comercio,1.09
2022-06,30/06/2022,Crédito,0.03
2022-06,30/06/2022,Pichincha,1.71
2022-06,30/06/2022,BIF,1.17
2022-06,30/06/2022,Scotiabank,0.95
2022-06,30/06/2022,Citibank,0.01
2022-06,30/06/2022,Interbank,0.12
2022-06,30/06/2022,Mibanco,0.36
2022-06,30/06/2022,GNB,4.25
2022-06,30/06/2022,Falabella,0.91
2022-06,30/06/2022,Santander,-
2022-06,30/06/2022,Ripley,0.16
2022-06,30/06/2022,Alfin,1.18
2022-06,30/06/2022,ICBC,-
2022-06,30/06/2022,Bank of China,-
2022-07,27/07/2022,BBVA,0.01
2022-07,27/07/2022,Comercio,1.11
2022-07,27/07/2022,Crédito,0.03
2022-07,27/07/2022,Pichincha,1.67
2022-07,27/07/2022,BIF,0.92
2022-07,27/07/2022,Scotiabank,0.95
2022-07,27/07/2022,Citibank,0.01
2022-07,27/07/2022,Interbank,0.13
2022-07,27/07/2022,Mibanco,0.38
2022-07,27/07/2022,GNB,4.15
2022-07,27/07/2022,Falabella,0.91
2022-07,27/07/2022,Santander,-
2022-07,27/07/2022,Ripley,0.12
2022-07,27/07/2022,Alfin,1.15
2022-07,27/07/2022,ICBC,-
2022-07,27/07/2022,Bank of China,-
2022-08,31/08/2022,BBVA,0.83
2022-08,31/08/2022,Comercio,1.22
2022-08,31/08/2022,Crédito,0.03
2022-08,31/08/2022,Pichincha,2.36
2022-08,31/08/2022,BIF,0.88
2022-08,31/08/2022,Scotiabank,0.81
2022-08,31/08/2022,Citibank,0.01
2022-08,31/08/2022,Interbank,0.11
2022-08,31/08/2022,Mibanco,0.38
2022-08,31/08/2022,GNB,3.19
2022-08,31/08/2022,Falabella,0.98
2022-08,31/08/2022,Santander,0.30
2022-08,31/08/2022,Ripley,0.11
2022-08,31/08/2022,Alfin,0.72
2022-08,31/08/2022,ICBC,-
2022-08,31/08/2022,Bank of China,-
2022-08,31/08/2022,BCI,-
2022-09,30/09/2022,BBVA,0.06
2022-09,30/09/2022,Comercio,1.30
2022-09,30/09/2022,Crédito,0.03
2022-09,30/09/2022,Pichincha,2.33
2022-09,30/09/2022,BIF,0.73
2022-09,30/09/2022,Scotiabank,0.84
2022-09,30/09/2022,Citibank,0.01
2022-09,30/09/2022,Interbank,0.09
2022-09,30/09/2022,Mibanco,0.43
2022-09,30/09/2022,GNB,4.20
2022-09,30/09/2022,Falabella,2.11
2022-09,30/09/2022,Santander,0.32
2022-09,30/09/2022,Ripley,0.24
2022-09,30/09/2022,Alfin,0.28
2022-09,30/09/2022,ICBC,-
2022-09,30/09/2022,Bank of China,-
2022-09,30/09/2022,BCI,-
2022-10,31/10/2022,BBVA,0.16
2022-10,31/10/2022,Comercio,1.22
2022-10,31/10/2022,Crédito,0.03
2022-10,31/10/2022,Pichincha,2.15
2022-10,31/10/2022,BIF,0.69
2022-10,31/10/2022,Scotiabank,0.92
2022-10,31/10/2022,Citibank,0.01
2022-10,31/10/2022,Interbank,0.12
2022-10,31/10/2022,Mibanco,0.38
2022-10,31/10/2022,GNB,4.14
2022-10,31/10/2022,Falabella,2.67
2022-10,31/10/2022,Santander,0.35
2022-10,31/10/2022,Ripley,0.17
2022-10,31/10/2022,Alfin,0.17
2022-10,31/10/2022,ICBC,-
2022-10,31/10/2022,Bank of China,-
2022-10,31/10/2022,BCI,-
2022-11,30/11/2022,BBVA,0.12
2022-11,30/11/2022,Comercio,1.19
2022-11,30/11/2022,Crédito,0.03
2022-11,30/11/2022,Pichincha,1.96
2022-11,30/11/2022,BIF,0.83
2022-11,30/11/2022,Scotiabank,1.11
2022-11,30/11/2022,Citibank,0.11
2022-11,30/11/2022,Interbank,0.12
2022-11,30/11/2022,Mibanco,0.32
2022-11,30/11/2022,GNB,4.12
2022-11,30/11/2022,Falabella,2.74
2022-11,30/11/2022,Santander,-
2022-11,30/11/2022,Ripley,0.16
2022-11,30/11/2022,Alfin,0.31
2022-11,30/11/2022,ICBC,-
2022-11,30/11/2022,Bank of China,-
2022-11,30/11/2022,BCI,-
2022-12,30/12/2022,BBVA,0.12
2022-12,30/12/2022,Comercio,1.18
2022-12,30/12/2022,Crédito,0.03
2022-12,30/12/2022,Pichincha,1.97
2022-12,30/12/2022,BIF,1.12
2022-12,30/12/2022,Scotiabank,1.24
2022-12,30/12/2022,Citibank,0.01
2022-12,30/12/2022,Interbank,0.10
2022-12,30/12/2022,Mibanco,0.30
2022-12,30/12/2022,GNB,4.20
2022-12,30/12/2022,Falabella,2.74
2022-12,30/12/2022,Santander,-
2022-12,30/12/2022,Ripley,0.22
2022-12,30/12/2022,Alfin,0.39
2022-12,30/12/2022,ICBC,-
2022-12,30/12/2022,Bank of China,-
2022-12,30/12/2022,BCI,-
2023-01,31/01/2023,BBVA,0.19
2023-01,31/01/2023,Comercio,1.28
2023-01,31/01/2023,Crédito,0.03
2023-01,31/01/2023,Pichincha,2.82
2023-01,31/01/2023,BIF,1.49
2023-01,31/01/2023,Scotiabank,1.40
2023-01,31/01/2023,Citibank,0.01
2023-01,31/01/2023,Interbank,0.29
2023-01,31/01/2023,Mibanco,0.34
2023-01,31/01/2023,GNB,4.15
2023-01,31/01/2023,Falabella,2.74
2023-01,31/01/2023,Santander,-
2023-01,31/01/2023,Ripley,0.11
2023-01,31/01/2023,Alfin,0.38
2023-01,31/01/2023,ICBC,-
2023-01,31/01/2023,Bank of China,-
2023-01,31/01/2023,BCI,-
2023-02,28/02/2023,BBVA,0.08
2023-02,28/02/2023,Comercio,1.25
2023-02,28/02/2023,Crédito,0.03
2023-02,28/02/2023,Pichincha,2.92
2023-02,28/02/2023,BIF,1.40
2023-02,28/02/2023,Scotiabank,1.44
2023-02,28/02/2023,Citibank,0.01
2023-02,28/02/2023,Interbank,0.28
2023-02,28/02/2023,Mibanco,0.39
2023-02,28/02/2023,GNB,4.16
2023-02,28/02/2023,Falabella,2.74
2023-02,28/02/2023,Santander,-
2023-02,28/02/2023,Ripley,0.12
2023-02,28/02/2023,Alfin,0.24
2023-02,28/02/2023,ICBC,-
2023-02,28/02/2023,Bank of China,-
2023-02,28/02/2023,BCI,-
2023-03,31/03/2023,BBVA,0.03
2023-03,31/03/2023,Comercio,1.27
2023-03,31/03/2023,Crédito,0.03
2023-03,31/03/2023,Pichincha,2.71
2023-03,31/03/2023,BIF,2.74
2023-03,31/03/2023,Scotiabank,1.43
2023-03,31/03/2023,Citibank,0.12
2023-03,31/03/2023,Interbank,0.11
2023-03,31/03/2023,Mibanco,0.44
2023-03,31/03/2023,GNB,4.11
2023-03,31/03/2023,Falabella,2.74
2023-03,31/03/2023,Santander,-
2023-03,31/03/2023,Ripley,0.21
2023-03,31/03/2023,Alfin,0.26
2023-03,31/03/2023,ICBC,-
2023-03,31/03/2023,Bank of China,-
2023-03,31/03/2023,BCI,-
2023-04,28/04/2023,BBVA,0.33
2023-04,28/04/2023,Comercio,1.26
2023-04,28/04/2023,Crédito,0.03
2023-04,28/04/2023,Pichincha,3.93
2023-04,28/04/2023,BIF,2.94
2023-04,28/04/2023,Scotiabank,1.20
2023-04,28/04/2023,Citibank,0.01
2023-04,28/04/2023,Interbank,0.51
2023-04,28/04/2023,Mibanco,0.43
2023-04,28/04/2023,GNB,4.03
2023-04,28/04/2023,Falabella,2.74
2023-04,28/04/2023,Santander,-
2023-04,28/04/2023,Ripley,0.21
2023-04,28/04/2023,Alfin,0.36
2023-04,28/04/2023,ICBC,-
2023-04,28/04/2023,Bank of China,-
2023-04,28/04/2023,BCI,-
2023-05,31/05/2023,BBVA,0.64
2023-05,31/05/2023,Comercio,1.35
2023-05,31/05/2023,Crédito,0.04
2023-05,31/05/2023,Pichincha,4.41
2023-05,31/05/2023,BIF,3.68
2023-05,31/05/2023,Scotiabank,1.19
2023-05,31/05/2023,Citibank,0.03
2023-05,31/05/2023,Interbank,0.51
2023-05,31/05/2023,Mibanco,0.39
2023-05,31/05/2023,GNB,4.17
2023-05,31/05/2023,Falabella,2.74
2023-05,31/05/2023,Santander,-
2023-05,31/05/2023,Ripley,0.26
2023-05,31/05/2023,Alfin,0.78
2023-05,31/05/2023,ICBC,-
2023-05,31/05/2023,Bank of China,-
2023-05,31/05/2023,BCI,-
2023-06,30/06/2023,BBVA,0.04
2023-06,30/06/2023,Comercio,1.34
2023-06,30/06/2023,Crédito,0.03
2023-06,30/06/2023,Pichincha,4.10
2023-06,30/06/2023,BIF,3.57
2023-06,30/06/2023,Scotiabank,1.89
2023-06,30/06/2023,Citibank,0.02
2023-06,30/06/2023,Interbank,0.10
2023-06,30/06/2023,Mibanco,0.39
2023-06,30/06/2023,GNB,4.05
2023-06,30/06/2023,Falabella,2.74
2023-06,30/06/2023,Santander,-
2023-06,30/06/2023,Ripley,0.37
2023-06,30/06/2023,Alfin,0.75
2023-06,30/06/2023,ICBC,-
2023-06,30/06/2023,Bank of China,-
2023-06,30/06/2023,BCI,-
2023-07,31/07/2023,BBVA,0.14
2023-07,31/07/2023,Comercio,1.28
2023-07,31/07/2023,Crédito,0.03
2023-07,31/07/2023,Pichincha,4.07
2023-07,31/07/2023,BIF,3.63
2023-07,31/07/2023,Scotiabank,2.14
2023-07,31/07/2023,Citibank,0.01
2023-07,31/07/2023,Interbank,0.08
2023-07,31/07/2023,Mibanco,0.43
2023-07,31/07/2023,GNB,4.05
2023-07,31/07/2023,Falabella,2.74
2023-07,31/07/2023,Santander,-
2023-07,31/07/2023,Ripley,0.40
2023-07,31/07/2023,Alfin,0.63
2023-07,31/07/2023,ICBC,-
2023-07,31/07/2023,Bank of China,-
2023-07,31/07/2023,BCI,-
2023-08,31/08/2023,BBVA,1.95
2023-08,31/08/2023,Comercio,1.32
2023-08,31/08/2023,Crédito,0.03
2023-08,31/08/2023,Pichincha,4.26
2023-08,31/08/2023,BIF,3.77
2023-08,31/08/2023,Scotiabank,1.88
2023-08,31/08/2023,Citibank,0.01
2023-08,31/08/2023,Interbank,0.19
2023-08,31/08/2023,Mibanco,0.48
2023-08,31/08/2023,GNB,3.91
2023-08,31/08/2023,Falabella,2.74
2023-08,31/08/2023,Santander,-
2023-08,31/08/2023,Ripley,0.36
2023-08,31/08/2023,Alfin,1.03
2023-08,31/08/2023,ICBC,-
2023-08,31/08/2023,Bank of China,-
2023-08,31/08/2023,BCI,-
2023-09,29/09/2023,BBVA,0.27
2023-09,29/09/2023,Comercio,1.33
2023-09,29/09/2023,Crédito,0.03
2023-09,29/09/2023,Pichincha,4.01
2023-09,29/09/2023,BIF,3.46
2023-09,29/09/2023,Scotiabank,2.02
2023-09,29/09/2023,Citibank,0.01
2023-09,29/09/2023,Interbank,0.19
2023-09,29/09/2023,Mibanco,0.59
2023-09,29/09/2023,GNB,3.92
2023-09,29/09/2023,Falabella,2.74
2023-09,29/09/2023,Santander,-
2023-09,29/09/2023,Ripley,0.31
2023-09,29/09/2023,Alfin,0.79
2023-09,29/09/2023,ICBC,-
2023-09,29/09/2023,Bank of China,-
2023-09,29/09/2023,BCI,-
2023-10,31/10/2023,BBVA,0.21
2023-10,31/10/2023,Bancom,1.32
2023-10,31/10/2023,Crédito,0.03
2023-10,31/10/2023,Pichincha,4.03
2023-10,31/10/2023,BIF,3.02
2023-10,31/10/2023,Scotiabank,2.04
2023-10,31/10/2023,Citibank,0.01
2023-10,31/10/2023,Interbank,0.07
2023-10,31/10/2023,Mibanco,0.58
2023-10,31/10/2023,GNB,4.17
2023-10,31/10/2023,Falabella,2.74
2023-10,31/10/2023,Santander,0.01
2023-10,31/10/2023,Ripley,0.35
2023-10,31/10/2023,Alfin,0.62
2023-10,31/10/2023,ICBC,-
2023-10,31/10/2023,Bank of China,-
2023-10,31/10/2023,BCI,-
2023-11,30/11/2023,BBVA,0.13
2023-11,30/11/2023,Bancom,1.32
2023-11,30/11/2023,Crédito,0.03
2023-11,30/11/2023,Pichincha,4.08
2023-11,30/11/2023,BIF,2.19
2023-11,30/11/2023,Scotiabank,2.01
2023-11,30/11/2023,Citibank,0.01
2023-11,30/11/2023,Interbank,0.09
2023-11,30/11/2023,Mibanco,0.62
2023-11,30/11/2023,GNB,4.00
2023-11,30/11/2023,Falabella,2.74
2023-11,30/11/2023,Santander,-
2023-11,30/11/2023,Ripley,0.29
2023-11,30/11/2023,Alfin,0.50
2023-11,30/11/2023,ICBC,-
2023-11,30/11/2023,Bank of China,-
2023-11,30/11/2023,BCI,-
2023-12,29/12/2023,BBVA,0.18
2023-12,29/12/2023,Bancom,1.35
2023-12,29/12/2023,Crédito,0.03
2023-12,29/12/2023,Pichincha,4.05
2023-12,29/12/2023,BIF,2.64
2023-12,29/12/2023,Scotiabank,1.75
2023-12,29/12/2023,Citibank,0.11
2023-12,29/12/2023,Interbank,0.14
2023-12,29/12/2023,Mibanco,0.74
2023-12,29/12/2023,GNB,3.92
2023-12,29/12/2023,Falabella,2.74
2023-12,29/12/2023,Santander,-
2023-12,29/12/2023,Ripley,0.11
2023-12,29/12/2023,Alfin,0.70
2023-12,29/12/2023,ICBC,-
2023-12,29/12/2023,Bank of China,-
2023-12,29/12/2023,BCI,-
2024-01,31/01/2024,BBVA,0.35
2024-01,31/01/2024,Bancom,1.35
2024-01,31/01/2024,Crédito,0.03
2024-01,31/01/2024,Pichincha,4.21
2024-01,31/01/2024,BIF,3.17
2024-01,31/01/2024,Scotiabank,1.27
2024-01,31/01/2024,Citibank,0.01
2024-01,31/01/2024,Interbank,0.16
2024-01,31/01/2024,Mibanco,0.84
2024-01,31/01/2024,GNB,3.70
2024-01,31/01/2024,Falabella,2.74
2024-01,31/01/2024,Santander,-
2024-01,31/01/2024,Ripley,0.09
2024-01,31/01/2024,Alfin,1.27
2024-01,31/01/2024,ICBC,-
2024-01,31/01/2024,Bank of China,-
2024-01,31/01/2024,BCI,-
2024-02,29/02/2024,BBVA,1.72
2024-02,29/02/2024,Bancom,1.42
2024-02,29/02/2024,Crédito,0.03
2024-02,29/02/2024,Pichincha,4.20
2024-02,29/02/2024,BIF,3.18
2024-02,29/02/2024,Scotiabank,1.34
2024-02,29/02/2024,Citibank,0.01
2024-02,29/02/2024,Interbank,0.12
2024-02,29/02/2024,Mibanco,0.82
2024-02,29/02/2024,GNB,3.81
2024-02,29/02/2024,Falabella,2.74
2024-02,29/02/2024,Santander,0.01
2024-02,29/02/2024,Ripley,0.14
2024-02,29/02/2024,Alfin,0.36
2024-02,29/02/2024,ICBC,-
2024-02,29/02/2024,Bank of China,-
2024-02,29/02/2024,BCI,-
2024-03,27/03/2024,BBVA,0.61
2024-03,27/03/2024,Bancom,1.38
2024-03,27/03/2024,Crédito,0.03
2024-03,27/03/2024,Pichincha,4.06
2024-03,27/03/2024,BIF,2.88
2024-03,27/03/2024,Scotiabank,1.35
2024-03,27/03/2024,Citibank,0.22
2024-03,27/03/2024,Interbank,0.08
2024-03,27/03/2024,Mibanco,0.69
2024-03,27/03/2024,GNB,3.51
2024-03,27/03/2024,Falabella,2.74
2024-03,27/03/2024,Santander,0.01
2024-03,27/03/2024,Ripley,0.17
2024-03,27/03/2024,Alfin,0.34
2024-03,27/03/2024,ICBC,-
2024-03,27/03/2024,Bank of China,-
2024-03,27/03/2024,BCI,-
2024-04,30/04/2024,BBVA,0.85
2024-04,30/04/2024,Bancom,1.40
2024-04,30/04/2024,Crédito,0.03
2024-04,30/04/2024,Pichincha,4.09
2024-04,30/04/2024,BIF,2.91
2024-04,30/04/2024,Scotiabank,1.46
2024-04,30/04/2024,Citibank,0.01
2024-04,30/04/2024,Interbank,0.08
2024-04,30/04/2024,Mibanco,0.77
2024-04,30/04/2024,GNB,3.40
2024-04,30/04/2024,Falabella,2.74
2024-04,30/04/2024,Santander,0.01
2024-04,30/04/2024,Ripley,0.22
2024-04,30/04/2024,Alfin,0.37
2024-04,30/04/2024,ICBC,-
2024-04,30/04/2024,Bank of China,-
2024-04,30/04/2024,BCI,-
2024-05,31/05/2024,BBVA,0.64
2024-05,31/05/2024,Bancom,1.51
2024-05,31/05/2024,Crédito,0.03
2024-05,31/05/2024,Pichincha,4.22
2024-05,31/05/2024,BIF,3.07
2024-05,31/05/2024,Scotiabank,1.46
2024-05,31/05/2024,Citibank,0.01
2024-05,31/05/2024,Interbank,0.08
2024-05,31/05/2024,Mibanco,0.81
2024-05,31/05/2024,GNB,3.59
2024-05,31/05/2024,Falabella,2.74
2024-05,31/05/2024,Santander,0.01
2024-05,31/05/2024,Ripley,0.16
2024-05,31/05/2024,Alfin,0.95
2024-05,31/05/2024,ICBC,-
2024-05,31/05/2024,Bank of China,-
2024-05,31/05/2024,BCI,-
2024-06,28/06/2024,BBVA,0.17
2024-06,28/06/2024,Bancom,1.45
2024-06,28/06/2024,Crédito,0.03
2024-06,28/06/2024,Pichincha,4.29
2024-06,28/06/2024,BIF,2.83
2024-06,28/06/2024,Scotiabank,1.52
2024-06,28/06/2024,Citibank,0.03
2024-06,28/06/2024,Interbank,0.08
2024-06,28/06/2024,Mibanco,0.87
2024-06,28/06/2024,GNB,3.40
2024-06,28/06/2024,Falabella,2.74
2024-06,28/06/2024,Santander,0.01
2024-06,28/06/2024,Ripley,0.13
2024-06,28/06/2024,Alfin,1.13
2024-06,28/06/2024,ICBC,-
2024-06,28/06/2024,Bank of China,-
2024-06,28/06/2024,BCI,-
2024-07,31/07/2024,BBVA,1.11
2024-07,31/07/2024,Bancom,1.38
2024-07,31/07/2024,Crédito,0.03
2024-07,31/07/2024,Pichincha,4.24
2024-07,31/07/2024,BIF,2.57
2024-07,31/07/2024,Scotiabank,1.43
2024-07,31/07/2024,Citibank,0.01
2024-07,31/07/2024,Interbank,0.05
2024-07,31/07/2024,Mibanco,0.86
2024-07,31/07/2024,GNB,3.44
2024-07,31/07/2024,Falabella,2.74
2024-07,31/07/2024,Santander,0.01
2024-07,31/07/2024,Ripley,0.09
2024-07,31/07/2024,Alfin,0.67
2024-07,31/07/2024,ICBC,-
2024-07,31/07/2024,Bank of China,-
2024-07,31/07/2024,BCI,-
2024-08,31/08/2024,BBVA,1.49
2024-08,31/08/2024,Bancom,1.36
2024-08,31/08/2024,Crédito,0.03
2024-08,31/08/2024,Pichincha,4.17
2024-08,31/08/2024,BIF,2.50
2024-08,31/08/2024,Scotiabank,1.09
2024-08,31/08/2024,Citibank,0.02
2024-08,31/08/2024,Interbank,0.06
2024-08,31/08/2024,Mibanco,0.84
2024-08,31/08/2024,GNB,3.68
2024-08,31/08/2024,Falabella,2.74
2024-08,31/08/2024,Santander,0.01
2024-08,31/08/2024,Ripley,0.08
2024-08,31/08/2024,Alfin,0.94
2024-08,31/08/2024,ICBC,-
2024-08,31/08/2024,Bank of China,0.30
2024-08,31/08/2024,BCI,-
2024-09,30/09/2024,BBVA,0.46
2024-09,30/09/2024,Bancom,1.39
2024-09,30/09/2024,Crédito,0.03
2024-09,30/09/2024,Pichincha,4.12
2024-09,30/09/2024,BIF,2.81
2024-09,30/09/2024,Scotiabank,1.07
2024-09,30/09/2024,Citibank,0.02
2024-09,30/09/2024,Interbank,0.05
2024-09,30/09/2024,Mibanco,0.88
2024-09,30/09/2024,GNB,3.99
2024-09,30/09/2024,Falabella,2.74
2024-09,30/09/2024,Santander,0.01
2024-09,30/09/2024,Ripley,0.09
2024-09,30/09/2024,Alfin,0.75
2024-09,30/09/2024,ICBC,-
2024-09,30/09/2024,Bank of China,0.30
2024-09,30/09/2024,BCI,-
2024-10,31/10/2024,BBVA,0.37
2024-10,31/10/2024,Bancom,1.33
2024-10,31/10/2024,Crédito,0.03
2024-10,31/10/2024,Pichincha,4.00
2024-10,31/10/2024,BIF,2.19
2024-10,31/10/2024,Scotiabank,1.00
2024-10,31/10/2024,Citibank,0.02
2024-10,31/10/2024,Interbank,0.05
2024-10,31/10/2024,Mibanco,0.92
2024-10,31/10/2024,GNB,4.07
2024-10,31/10/2024,Falabella,2.74
2024-10,31/10/2024,Santander,0.01
2024-10,31/10/2024,Ripley,0.10
2024-10,31/10/2024,Alfin,0.63
2024-10,31/10/2024,ICBC,-
2024-10,31/10/2024,Bank of China,-
2024-10,31/10/2024,BCI,-
2024-11,29/11/2024,BBVA,0.35
2024-11,29/11/2024,Bancom,1.27
2024-11,29/11/2024,Crédito,0.03
2024-11,29/11/2024,Pichincha,3.57
2024-11,29/11/2024,BIF,2.13
2024-11,29/11/2024,Scotiabank,1.36
2024-11,29/11/2024,Citibank,0.02
2024-11,29/11/2024,Interbank,0.06
2024-11,29/11/2024,Mibanco,0.89
2024-11,29/11/2024,GNB,3.60
2024-11,29/11/2024,Falabella,2.74
2024-11,29/11/2024,Santander,0.01
2024-11,29/11/2024,Ripley,0.09
2024-11,29/11/2024,Alfin,0.73
2024-11,29/11/2024,ICBC,-
2024-11,29/11/2024,Bank of China,-
2024-11,29/11/2024,BCI,-
2024-12,30/12/2024,BBVA,0.24
2024-12,30/12/2024,Bancom,1.26
2024-12,30/12/2024,Crédito,0.03
2024-12,30/12/2024,Pichincha,3.35
2024-12,30/12/2024,BIF,1.80
2024-12,30/12/2024,Scotiabank,1.34
2024-12,30/12/2024,Citibank,0.09
2024-12,30/12/2024,Interbank,0.08
2024-12,30/12/2024,Mibanco,0.84
2024-12,30/12/2024,GNB,3.52
2024-12,30/12/2024,Falabella,2.74
2024-12,30/12/2024,Santander,0.01
2024-12,30/12/2024,Ripley,0.07
2024-12,30/12/2024,Alfin,0.87
2024-12,30/12/2024,ICBC,-
2024-12,30/12/2024,Bank of China,-
2024-12,30/12/2024,BCI,-
2025-01,31/01/2025,BBVA,0.24
2025-01,31/01/2025,Bancom,1.43
2025-01,31/01/2025,Crédito,0.03
2025-01,31/01/2025,Pichincha,3.36
2025-01,31/01/2025,BIF,1.81
2025-01,31/01/2025,Scotiabank,1.34
2025-01,31/01/2025,Citibank,0.10
2025-01,31/01/2025,Interbank,0.08
2025-01,31/01/2025,Mibanco,0.88
2025-01,31/01/2025,GNB,3.12
2025-01,31/01/2025,Falabella,2.74
2025-01,31/01/2025,Santander,0.01
2025-01,31/01/2025,Ripley,0.07
2025-01,31/01/2025,Alfin,0.82
2025-01,31/01/2025,ICBC,-
2025-01,31/01/2025,Bank of China,-
2025-01,31/01/2025,BCI,-
2025-01,31/01/2025,Compartamos,1.98
2025-02,28/02/2025,BBVA,1.12
2025-02,28/02/2025,Bancom,1.26
2025-02,28/02/2025,Crédito,0.03
2025-02,28/02/2025,Pichincha,3.40
2025-02,28/02/2025,BIF,1.50
2025-02,28/02/2025,Scotiabank,1.27
2025-02,28/02/2025,Citibank,0.07
2025-02,28/02/2025,Interbank,0.08
2025-02,28/02/2025,Mibanco,0.84
2025-02,28/02/2025,GNB,3.58
2025-02,28/02/2025,Falabella,2.74
2025-02,28/02/2025,Santander,0.01
2025-02,28/02/2025,Ripley,0.08
2025-02,28/02/2025,Alfin,1.02
2025-02,28/02/2025,ICBC,-
2025-02,28/02/2025,Bank of China,-
2025-02,28/02/2025,BCI,-
2025-02,28/02/2025,Compartamos,1.96
2025-03,31/03/2025,BBVA,0.21
2025-03,31/03/2025,Bancom,1.22
2025-03,31/03/2025,Crédito,0.03
2025-03,31/03/2025,Pichincha,3.40
2025-03,31/03/2025,BIF,1.77
2025-03,31/03/2025,Scotiabank,1.35
2025-03,31/03/2025,Citibank,0.09
2025-03,31/03/2025,Interbank,0.08
2025-03,31/03/2025,Mibanco,0.82
2025-03,31/03/2025,GNB,3.52
2025-03,31/03/2025,Falabella,2.74
2025-03,31/03/2025,Santander,0.01
2025-03,31/03/2025,Ripley,0.09
2025-03,31/03/2025,Alfin,1.74
2025-03,31/03/2025,ICBC,-
2025-03,31/03/2025,Bank of China,-
2025-03,31/03/2025,BCI,-
2025-03,31/03/2025,Compartamos,1.72
2025-04,30/04/2025,BBVA,0.33
2025-04,30/04/2025,Bancom,1.27
2025-04,30/04/2025,Crédito,0.03
2025-04,30/04/2025,Pichincha,3.30
2025-04,30/04/2025,BIF,1.74
2025-04,30/04/2025,Scotiabank,1.29
2025-04,30/04/2025,Citibank,0.05
2025-04,30/04/2025,Interbank,0.06
2025-04,30/04/2025,Mibanco,0.83
2025-04,30/04/2025,GNB,3.52
2025-04,30/04/2025,Falabella,2.74
2025-04,30/04/2025,Santander,0.01
2025-04,30/04/2025,Ripley,0.11
2025-04,30/04/2025,Alfin,1.58
2025-04,30/04/2025,ICBC,-
2025-04,30/04/2025,Bank of China,-
2025-04,30/04/2025,BCI,-
2025-04,30/04/2025,Compartamos,1.45
2025-05,30/05/2025,BBVA,0.41
2025-05,30/05/2025,Bancom,1.22
2025-05,30/05/2025,Crédito,0.03
2025-05,30/05/2025,Pichincha,3.35
2025-05,30/05/2025,BIF,1.90
2025-05,30/05/2025,Scotiabank,1.25
2025-05,30/05/2025,Citibank,0.07
2025-05,30/05/2025,Interbank,0.06
2025-05,30/05/2025,Mibanco,0.79
2025-05,30/05/2025,GNB,3.85
2025-05,30/05/2025,Falabella,2.74
2025-05,30/05/2025,Santander,0.01
2025-05,30/05/2025,Ripley,0.14
2025-05,30/05/2025,Alfin,1.66
2025-05,30/05/2025,ICBC,-
2025-05,30/05/2025,Bank of China,-
2025-05,30/05/2025,BCI,-
2025-05,30/05/2025,Compartamos,1.43
2025-06,30/06/2025,BBVA,0.59
2025-06,30/06/2025,Bancom,1.47
2025-06,30/06/2025,Crédito,0.03
2025-06,30/06/2025,Pichincha,3.24
2025-06,30/06/2025,BIF,1.69
2025-06,30/06/2025,Scotiabank,1.40
2025-06,30/06/2025,Citibank,0.05
2025-06,30/06/2025,Interbank,0.07
2025-06,30/06/2025,Mibanco,0.78
2025-06,30/06/2025,GNB,3.65
2025-06,30/06/2025,Falabella,2.74
2025-06,30/06/2025,Santander,0.01
2025-06,30/06/2025,Ripley,0.14
2025-06,30/06/2025,Alfin,1.86
2025-06,30/06/2025,ICBC,-
2025-06,30/06/2025,Bank of China,-
2025-06,30/06/2025,BCI,-
2025-06,30/06/2025,Compartamos,1.55
2025-06,30/06/2025,Santander Cons. Bank,0.22
2025-07,31/07/2025,BBVA,0.49
2025-07,31/07/2025,Bancom,1.23
2025-07,31/07/2025,Crédito,0.03
2025-07,31/07/2025,Pichincha,3.12
2025-07,31/07/2025,BIF,1.74
2025-07,31/07/2025,Scotiabank,1.44
2025-07,31/07/2025,Citibank,0.04
2025-07,31/07/2025,Interbank,0.10
2025-07,31/07/2025,Mibanco,0.79
2025-07,31/07/2025,GNB,3.98
2025-07,31/07/2025,Falabella,2.74
2025-07,31/07/2025,Santander,0.01
2025-07,31/07/2025,Ripley,0.28
2025-07,31/07/2025,Alfin,2.29
2025-07,31/07/2025,ICBC,-
2025-07,31/07/2025,Bank of China,0.30
2025-07,31/07/2025,BCI,-
2025-07,31/07/2025,Compartamos,1.63
2025-07,31/07/2025,Santander Cons. Bank,0.40
2025-08,29/08/2025,BBVA,1.00
2025-08,29/08/2025,Bancom,1.22
2025-08,29/08/2025,Crédito,0.02
2025-08,29/08/2025,Pichincha,3.15
2025-08,29/08/2025,BIF,1.58
2025-08,29/08/2025,Scotiabank,1.39
2025-08,29/08/2025,Citibank,0.06
2025-08,29/08/2025,Interbank,0.12
2025-08,29/08/2025,Mibanco,0.79
2025-08,29/08/2025,GNB,3.84
2025-08,29/08/2025,Falabella,2.74
2025-08,29/08/2025,Santander,0.01
2025-08,29/08/2025,Ripley,0.50
2025-08,29/08/2025,Alfin,1.91
2025-08,29/08/2025,ICBC,-
2025-08,29/08/2025,Bank of China,0.30
2025-08,29/08/2025,BCI,-
2025-08,29/08/2025,Compartamos,1.79
2025-08,29/08/2025,Santander Cons. Bank,0.52
2025-09,30/09/2025,BBVA,0.36
2025-09,30/09/2025,Bancom,1.23
2025-09,30/09/2025,Crédito,0.02
2025-09,30/09/2025,Pichincha,3.12
2025-09,30/09/2025,BIF,1.64
2025-09,30/09/2025,Scotiabank,1.33
2025-09,30/09/2025,Citibank,0.04
2025-09,30/09/2025,Interbank,0.08
2025-09,30/09/2025,Mibanco,0.75
2025-09,30/09/2025,GNB,3.46
2025-09,30/09/2025,Falabella,2.74
2025-09,30/09/2025,Santander,0.01
2025-09,30/09/2025,Ripley,0.44
2025-09,30/09/2025,Alfin,0.52
2025-09,30/09/2025,ICBC,-
2025-09,30/09/2025,Bank of China,-
2025-09,30/09/2025,BCI,-
2025-09,30/09/2025,Compartamos,2.09
2025-09,30/09/2025,Santander Cons. Bank,0.63
2025-10,31/10/2025,BBVA,0.36
2025-10,31/10/2025,Bancom,1.26
2025-10,31/10/2025,Crédito,0.02
2025-10,31/10/2025,Pichincha,3.13
2025-10,31/10/2025,BIF,1.81
2025-10,31/10/2025,Scotiabank,1.14
2025-10,31/10/2025,Citibank,0.05
2025-10,31/10/2025,Interbank,0.05
2025-10,31/10/2025,Mibanco,0.74
2025-10,31/10/2025,GNB,3.94
2025-10,31/10/2025,Falabella,2.74
2025-10,31/10/2025,Santander,0.01
2025-10,31/10/2025,Ripley,0.33
2025-10,31/10/2025,Alfin,0.55
2025-10,31/10/2025,ICBC,-
2025-10,31/10/2025,Bank of China,-
2025-10,31/10/2025,BCI,-
2025-10,31/10/2025,Compartamos,2.16
2025-10,31/10/2025,Santander Cons. Bank,0.61
2025-11,28/11/2025,BBVA,0.21
2025-11,28/11/2025,Bancom,1.22
2025-11,28/11/2025,Crédito,0.02
2025-11,28/11/2025,Pichincha,3.15
2025-11,28/11/2025,BIF,1.69
2025-11,28/11/2025,Scotiabank,1.16
2025-11,28/11/2025,Citibank,0.04
2025-11,28/11/2025,Interbank,0.04
2025-11,28/11/2025,Mibanco,0.71
2025-11,28/11/2025,GNB,4.34
2025-11,28/11/2025,Falabella,2.74
2025-11,28/11/2025,Santander,0.01
2025-11,28/11/2025,Ripley,0.52
2025-11,28/11/2025,Alfin,0.90
2025-11,28/11/2025,ICBC,-
2025-11,28/11/2025,Bank of China,-
2025-11,28/11/2025,BCI,-
2025-11,28/11/2025,Compartamos,2.01
2025-11,28/11/2025,Santander Cons. Bank,0.51
2025-12,31/12/2025,BBVA,0.20
2025-12,31/12/2025,Bancom,1.23
2025-12,31/12/2025,Crédito,0.02
2025-12,31/12/2025,Pichincha,3.24
2025-12,31/12/2025,BIF,1.42
2025-12,31/12/2025,Scotiabank,1.15
2025-12,31/12/2025,Citibank,0.03
2025-12,31/12/2025,Interbank,0.07
2025-12,31/12/2025,Mibanco,0.73
2025-12,31/12/2025,GNB,4.39
2025-12,31/12/2025,Falabella,2.74
2025-12,31/12/2025,Santander,0.01
2025-12,31/12/2025,Ripley,0.41
2025-12,31/12/2025,Alfin,0.57
2025-12,31/12/2025,ICBC,-
2025-12,31/12/2025,Bank of China,-
2025-12,31/12/2025,BCI,-
2025-12,31/12/2025,Compartamos,1.74
2025-12,31/12/2025,Santander Cons. Bank,0.46
