banco_id,N,Media_Y,Media_X1,Media_X2,Media_X3
alfin,121,1.3382445667667728,7.018258393610356,102.96471074380165,0.9552066115702479
bancom,122,8.70701975465995,20.760332487501508,16.44983606557377,1.3258196721311475
bbva,120,29.47259688721418,42.27434812294185,41.348499999999994,0.40399999999999997
bcp,121,34.00852572387159,47.06046377019118,39.19603305785124,0.10801652892561983
bif,122,33.79551670380665,44.26132282363818,22.343524590163934,1.4776229508196723
falabella,122,0.36681339170755495,10.76412920868549,65.65983606557377,2.283360655737705
gnb,122,22.644258122790095,26.466549578553735,31.77885245901639,3.8550819672131147
interbank,122,25.591483057542938,36.979339115494085,50.98983606557377,0.24975409836065574
mibanco,120,0.754791659993062,6.667400374457176,52.3525,0.48191666666666666
pichincha,122,24.329368042208042,30.662926009847524,40.17311475409836,1.980327868852459
ripley,122,0.0,1.0558664506476392,67.1488524590164,0.4261475409836066
scotiabank,122,28.914390931594326,41.85570760421758,34.04147540983607,1.3597540983606555
