mes,estado,url_fuente,archivo_origen,archivo_local,sha256,formato_real,hoja_mn,hoja_me,cantidad_bancos,cantidad_faltantes,control_mn_estado,control_mn_suma_bancos,control_mn_total_sbs,control_mn_diferencia_absoluta,control_me_estado,control_me_suma_bancos,control_me_total_sbs,control_me_diferencia_absoluta,fecha_hora_extraccion,detalle
2015-11,DISPONIBLE,https://intranet2.sbs.gob.pe/estadistica/financiera/2015/Noviembre/B-2318-no2015.XLS,B-2318-no2015.XLS,C:\Users\Crystell\Desktop\FINANZAS\datos_crudos\X1_B2318_2024200485D\X1_B-2318_2024200485D_2015-11.xls,806b4bfb6f33e3d80b1a447ec403b9b6485c3b5afd2b0babff04b7764e36e9fd,XLSX_ZIP,22,23,17,0,OK,97078726.595,97078726.59499997,2.9802322387695312e-08,OK,111756388.424,111756388.42400002,2.9802322387695312e-08,2026-09-24T15:48:49-05:00,B-2318 extraído y validado; MN/ME emparejados solo dentro del mismo mes.
2015-12,DISPONIBLE,https://intranet2.sbs.gob.pe/estadistica/financiera/2015/Diciembre/B-2318-di2015.XLS,B-2318-di2015.XLS,C:\Users\Crystell\Desktop\FINANZAS\datos_crudos\X1_B2318_2024200485D\X1_B-2318_2024200485D_2015-12.xls,843fbbff79e7e9d0f3794a516bc833879aae55bb9502cafab26e82bec7fbfc9f,XLSX_ZIP,22,23,17,0,OK,99329193.578,99329193.578,0.0,OK,111437774.433,111437774.43300003,2.9802322387695312e-08,2026-09-24T15:48:53-05:00,B-2318 extraído y validado; MN/ME emparejados solo dentro del mismo mes.
2016-01,DISPONIBLE,https://intranet2.sbs.gob.pe/estadistica/financiera/2016/Enero/B-2318-en2016.XLS,B-2318-en2016.XLS,C:\Users\Crystell\Desktop\FINANZAS\datos_crudos\X1_B2318_2024200485D\X1_B-2318_2024200485D_2016-01.xls,17ed59c670a6a169f352661ff4c5d21b1c8acaa4c0b93e7ff8e692092efa2b4f,XLSX_ZIP,22,23,17,0,OK,98340080.999,98340080.99900001,1.4901161193847656e-08,OK,113584792.545,113584792.54500002,1.4901161193847656e-08,2026-09-24T15:48:56-05:00,B-2318 extraído y validado; MN/ME emparejados solo dentro del mismo mes.
2016-02,DISPONIBLE,https://intranet2.sbs.gob.pe/estadistica/financiera/2016/Febrero/B-2318-fe2016.XLS,B-2318-fe2016.XLS,C:\Users\Crystell\Desktop\FINANZAS\datos_crudos\X1_B2318_2024200485D\X1_B-2318_2024200485D_2016-02.xls,b8d32c347bbf41c3459f35ba1a9d8a4d5e32adc2ce65ce98ebc60bc9c845cf77,XLSX_ZIP,22,23,17,0,OK,99867110.115,99867110.11499996,2.9802322387695312e-08,OK,115808224.243,115808224.243,0.0,2026-09-24T15:48:59-05:00,B-2318 extraído y validado; MN/ME emparejados solo dentro del mismo mes.
2016-03,DISPONIBLE,https://intranet2.sbs.gob.pe/estadistica/financiera/2016/Marzo/B-2318-ma2016.XLS,B-2318-ma2016.XLS,C:\Users\Crystell\Desktop\FINANZAS\datos_crudos\X1_B2318_2024200485D\X1_B-2318_2024200485D_2016-03.xls,ac5ab133194f5217f96f39913bc79e7104fb230bf46765ab8ff1edbe1d168858,XLSX_ZIP,22,23,17,0,OK,99613289.213,99613289.213,0.0,OK,111632686.897,111632686.897,0.0,2026-09-24T15:49:03-05:00,B-2318 extraído y validado; MN/ME emparejados solo dentro del mismo mes.
2016-04,DISPONIBLE,https://intranet2.sbs.gob.pe/estadistica/financiera/2016/Abril/B-2318-ab2016.XLS,B-2318-ab2016.XLS,C:\Users\Crystell\Desktop\FINANZAS\datos_crudos\X1_B2318_2024200485D\X1_B-2318_2024200485D_2016-04.xls,0b69c7d64844cb8ca4570f6522d3d6b7a512e863f0769db3fea8ef2544d867bb,XLSX_ZIP,22,23,17,0,OK,100511361.308,100511361.308,0.0,OK,107474593.05,107474593.05,0.0,2026-09-24T15:49:06-05:00,B-2318 extraído y validado; MN/ME emparejados solo dentro del mismo mes.
2016-05,DISPONIBLE,https://intranet2.sbs.gob.pe/estadistica/financiera/2016/Mayo/B-2318-my2016.XLS,B-2318-my2016.XLS,C:\Users\Crystell\Desktop\FINANZAS\datos_crudos\X1_B2318_2024200485D\X1_B-2318_2024200485D_2016-05.xls,9fe8bd400868653c64068e8adda0b643d2cf49ec6c573ccac79bfb6358d0ff5b,XLSX_ZIP,22,23,17,1,OK,102828447.022,102828447.02199998,1.4901161193847656e-08,OK,108336164.777,108336164.777,0.0,2026-09-24T15:49:09-05:00,B-2318 extraído y validado; MN/ME emparejados solo dentro del mismo mes.
2016-06,DISPONIBLE,https://intranet2.sbs.gob.pe/estadistica/financiera/2016/Junio/B-2318-jn2016.XLS,B-2318-jn2016.XLS,C:\Users\Crystell\Desktop\FINANZAS\datos_crudos\X1_B2318_2024200485D\X1_B-2318_2024200485D_2016-06.xls,e8df2940bfd8fdb2e08047e43c79ef5d6bb7b6517dd1f75ec10c4fb89447ec5f,XLSX_ZIP,22,23,17,1,OK,102443580.13,102443580.12999998,1.4901161193847656e-08,OK,102809040.128,102809040.12799999,1.4901161193847656e-08,2026-09-24T15:49:13-05:00,B-2318 extraído y validado; MN/ME emparejados solo dentro del mismo mes.
2016-07,DISPONIBLE,https://intranet2.sbs.gob.pe/estadistica/financiera/2016/Julio/B-2318-jl2016.XLS,B-2318-jl2016.XLS,C:\Users\Crystell\Desktop\FINANZAS\datos_crudos\X1_B2318_2024200485D\X1_B-2318_2024200485D_2016-07.xls,76cd8c72188ea595600dc2dbb199465c3c0d033ab6281d9d9069a49455621852,XLSX_ZIP,22,23,16,0,OK,107517462.46,107517462.45999998,1.4901161193847656e-08,OK,102782305.456,102782305.45599999,1.4901161193847656e-08,2026-09-24T15:49:16-05:00,B-2318 extraído y validado; MN/ME emparejados solo dentro del mismo mes.
2016-08,DISPONIBLE,https://intranet2.sbs.gob.pe/estadistica/financiera/2016/Agosto/B-2318-ag2016.XLS,B-2318-ag2016.XLS,C:\Users\Crystell\Desktop\FINANZAS\datos_crudos\X1_B2318_2024200485D\X1_B-2318_2024200485D_2016-08.xls,08e474c50280d103377dc5023df2fffa03cbbf442e363fba3c3419e86c1a4f2b,XLSX_ZIP,22,23,16,0,OK,110209930.94,110209930.94,0.0,OK,102940409.477,102940409.47700001,1.4901161193847656e-08,2026-09-24T15:49:19-05:00,B-2318 extraído y validado; MN/ME emparejados solo dentro del mismo mes.
2016-09,DISPONIBLE,https://intranet2.sbs.gob.pe/estadistica/financiera/2016/Setiembre/B-2318-se2016.XLS,B-2318-se2016.XLS,C:\Users\Crystell\Desktop\FINANZAS\datos_crudos\X1_B2318_2024200485D\X1_B-2318_2024200485D_2016-09.xls,fa587d009e924d3142024c1ac33ba2954ea1fc878148166288543ccafc2ad036,XLSX_ZIP,22,23,16,0,OK,109289666.823,109289666.823,0.0,OK,101197879.952,101197879.952,0.0,2026-09-24T15:49:22-05:00,B-2318 extraído y validado; MN/ME emparejados solo dentro del mismo mes.
2016-10,DISPONIBLE,https://intranet2.sbs.gob.pe/estadistica/financiera/2016/Octubre/B-2318-oc2016.XLS,B-2318-oc2016.XLS,C:\Users\Crystell\Desktop\FINANZAS\datos_crudos\X1_B2318_2024200485D\X1_B-2318_2024200485D_2016-10.xls,8364152299d8683d6a532a9252769e47be149f94abf09f29c6316c691ef8a931,XLSX_ZIP,22,23,16,0,OK,108560285.20199999,108560285.202,1.4901161193847656e-08,OK,101370207.432,101370207.43199998,1.4901161193847656e-08,2026-09-24T15:49:26-05:00,B-2318 extraído y validado; MN/ME emparejados solo dentro del mismo mes.
2016-11,DISPONIBLE,https://intranet2.sbs.gob.pe/estadistica/financiera/2016/Noviembre/B-2318-no2016.XLS,B-2318-no2016.XLS,C:\Users\Crystell\Desktop\FINANZAS\datos_crudos\X1_B2318_2024200485D\X1_B-2318_2024200485D_2016-11.xls,c576d4148520e7e43b1e4b51e8a93d1f425263d4665321ce65ada9b895aa6db4,XLSX_ZIP,22,23,16,0,OK,110585075.816,110585075.81599998,1.4901161193847656e-08,OK,101298255.865,101298255.865,0.0,2026-09-24T15:49:29-05:00,B-2318 extraído y validado; MN/ME emparejados solo dentro del mismo mes.
2016-12,DISPONIBLE,https://intranet2.sbs.gob.pe/estadistica/financiera/2016/Diciembre/B-2318-di2016.XLS,B-2318-di2016.XLS,C:\Users\Crystell\Desktop\FINANZAS\datos_crudos\X1_B2318_2024200485D\X1_B-2318_2024200485D_2016-12.xls,e795a63ecf83262ae32e77bbb4dede0198700ad061a8c169a43af0ad4e7e88d8,XLSX_ZIP,22,23,16,0,OK,110114913.994,110114913.99400002,1.4901161193847656e-08,OK,100086322.48799999,100086322.48799998,1.4901161193847656e-08,2026-09-24T15:49:32-05:00,B-2318 extraído y validado; MN/ME emparejados solo dentro del mismo mes.
2017-01,DISPONIBLE,https://intranet2.sbs.gob.pe/estadistica/financiera/2017/Enero/B-2318-en2017.XLS,B-2318-en2017.XLS,C:\Users\Crystell\Desktop\FINANZAS\datos_crudos\X1_B2318_2024200485D\X1_B-2318_2024200485D_2017-01.xls,fdbaf4f29b37c6c8b598606d631edb293f954d991798b77d725fbd1a9a050e60,XLSX_ZIP,22,23,16,0,OK,112005716.197,112005716.197,0.0,OK,101859270.49700001,101859270.49700002,1.4901161193847656e-08,2026-09-24T15:49:36-05:00,B-2318 extraído y validado; MN/ME emparejados solo dentro del mismo mes.
2017-02,DISPONIBLE,https://intranet2.sbs.gob.pe/estadistica/financiera/2017/Febrero/B-2318-fe2017.XLS,B-2318-fe2017.XLS,C:\Users\Crystell\Desktop\FINANZAS\datos_crudos\X1_B2318_2024200485D\X1_B-2318_2024200485D_2017-02.xls,5e70e251e1410815e66f2eed029c918069982afe2ed0f5919cd028c65ce00d3a,XLSX_ZIP,22,23,16,0,OK,114056809.725,114056809.72500001,1.4901161193847656e-08,OK,100499007.461,100499007.46100004,4.470348358154297e-08,2026-09-24T15:49:39-05:00,B-2318 extraído y validado; MN/ME emparejados solo dentro del mismo mes.
2017-03,DISPONIBLE,https://intranet2.sbs.gob.pe/estadistica/financiera/2017/Marzo/B-2318-ma2017.XLS,B-2318-ma2017.XLS,C:\Users\Crystell\Desktop\FINANZAS\datos_crudos\X1_B2318_2024200485D\X1_B-2318_2024200485D_2017-03.xls,6eef6189f616779175e6e7be4078ff084f45ed1f0c4b7ccb419ebd536ff87335,XLSX_ZIP,22,23,16,0,OK,115058317.706,115058317.70600002,1.4901161193847656e-08,OK,98797191.874,98797191.87399998,1.4901161193847656e-08,2026-09-24T15:49:42-05:00,B-2318 extraído y validado; MN/ME emparejados solo dentro del mismo mes.
2017-04,DISPONIBLE,https://intranet2.sbs.gob.pe/estadistica/financiera/2017/Abril/B-2318-ab2017.XLS,B-2318-ab2017.XLS,C:\Users\Crystell\Desktop\FINANZAS\datos_crudos\X1_B2318_2024200485D\X1_B-2318_2024200485D_2017-04.xls,b1121b9c72c56a36ffae56d22c792cd85b495d3346918cc9cc622aac65c09201,XLSX_ZIP,22,23,16,0,OK,115735712.89999999,115735712.9,1.4901161193847656e-08,OK,98705063.288,98705063.288,0.0,2026-09-24T15:49:46-05:00,B-2318 extraído y validado; MN/ME emparejados solo dentro del mismo mes.
2017-05,DISPONIBLE,https://intranet2.sbs.gob.pe/estadistica/financiera/2017/Mayo/B-2318-my2017.XLS,B-2318-my2017.XLS,C:\Users\Crystell\Desktop\FINANZAS\datos_crudos\X1_B2318_2024200485D\X1_B-2318_2024200485D_2017-05.xls,6ca4c2b847ed60ad9002f7b3e668d80198b42dd3035a47094affd7043cea6a6c,XLSX_ZIP,22,23,16,0,OK,117517565.372,117517565.372,0.0,OK,99599163.15200001,99599163.152,1.4901161193847656e-08,2026-09-24T15:49:49-05:00,B-2318 extraído y validado; MN/ME emparejados solo dentro del mismo mes.
2017-06,DISPONIBLE,https://intranet2.sbs.gob.pe/estadistica/financiera/2017/Junio/B-2318-jn2017.XLS,B-2318-jn2017.XLS,C:\Users\Crystell\Desktop\FINANZAS\datos_crudos\X1_B2318_2024200485D\X1_B-2318_2024200485D_2017-06.xls,82d364912b6a5aee7cc7dffad512461aff7e17acca40bd467e643926b6a50672,XLSX_ZIP,22,23,16,0,OK,117637998.69,117637998.69,0.0,OK,97373456.376,97373456.376,0.0,2026-09-24T15:49:52-05:00,B-2318 extraído y validado; MN/ME emparejados solo dentro del mismo mes.
2017-07,DISPONIBLE,https://intranet2.sbs.gob.pe/estadistica/financiera/2017/Julio/B-2318-jl2017.XLS,B-2318-jl2017.XLS,C:\Users\Crystell\Desktop\FINANZAS\datos_crudos\X1_B2318_2024200485D\X1_B-2318_2024200485D_2017-07.xls,53dc304f520fe91a4253114fbf09729b7575fdeb0a06b96fca221dbd2c28890c,XLSX_ZIP,22,23,16,0,OK,118573071.4,118573071.4,0.0,OK,95562950.164,95562950.16400002,1.4901161193847656e-08,2026-09-24T16:46:19-05:00,B-2318 extraído y validado; MN/ME emparejados solo dentro del mismo mes.
2017-08,DISPONIBLE,https://intranet2.sbs.gob.pe/estadistica/financiera/2017/Agosto/B-2318-ag2017.XLS,B-2318-ag2017.XLS,C:\Users\Crystell\Desktop\FINANZAS\datos_crudos\X1_B2318_2024200485D\X1_B-2318_2024200485D_2017-08.xls,5e2b3c9d5814d164415a8528c912ab102b7f30c1171caffa8807d5c966eca778,XLSX_ZIP,22,23,16,0,OK,122871313.007,122871313.00699998,1.4901161193847656e-08,OK,93907809.874,93907809.874,0.0,2026-09-24T16:46:22-05:00,B-2318 extraído y validado; MN/ME emparejados solo dentro del mismo mes.
2017-09,DISPONIBLE,https://intranet2.sbs.gob.pe/estadistica/financiera/2017/Setiembre/B-2318-se2017.XLS,B-2318-se2017.XLS,C:\Users\Crystell\Desktop\FINANZAS\datos_crudos\X1_B2318_2024200485D\X1_B-2318_2024200485D_2017-09.xls,a7b30c94939e5d94d5938f416229be360c6452f84eb031db9a7aa9cf6bfcc61a,XLSX_ZIP,22,23,16,0,OK,126066666.61,126066666.61,0.0,OK,94520788.32100001,94520788.32100001,0.0,2026-09-24T16:46:25-05:00,B-2318 extraído y validado; MN/ME emparejados solo dentro del mismo mes.
2017-10,DISPONIBLE,https://intranet2.sbs.gob.pe/estadistica/financiera/2017/Octubre/B-2318-oc2017.XLS,B-2318-oc2017.XLS,C:\Users\Crystell\Desktop\FINANZAS\datos_crudos\X1_B2318_2024200485D\X1_B-2318_2024200485D_2017-10.xls,e2f72750102d9ebf5b1118b1700a1bfa586d5ef76c7f6fce92f92a0328652118,XLSX_ZIP,22,23,16,0,OK,129098346.71700001,129098346.71700002,1.4901161193847656e-08,OK,94100011.284,94100011.28400001,1.4901161193847656e-08,2026-09-24T16:46:29-05:00,B-2318 extraído y validado; MN/ME emparejados solo dentro del mismo mes.
2017-11,DISPONIBLE,https://intranet2.sbs.gob.pe/estadistica/financiera/2017/Noviembre/B-2318-no2017.XLS,B-2318-no2017.XLS,C:\Users\Crystell\Desktop\FINANZAS\datos_crudos\X1_B2318_2024200485D\X1_B-2318_2024200485D_2017-11.xls,ba7c6e3b479d721104d0f884688f86790f732c923b3db25ca6f75227828637a1,XLSX_ZIP,22,23,16,0,OK,129182147.631,129182147.631,0.0,OK,95788633.05,95788633.05000001,1.4901161193847656e-08,2026-09-24T16:46:32-05:00,B-2318 extraído y validado; MN/ME emparejados solo dentro del mismo mes.
2017-12,DISPONIBLE,https://intranet2.sbs.gob.pe/estadistica/financiera/2017/Diciembre/B-2318-di2017.XLS,B-2318-di2017.XLS,C:\Users\Crystell\Desktop\FINANZAS\datos_crudos\X1_B2318_2024200485D\X1_B-2318_2024200485D_2017-12.xls,fe623bddafc5167991b75d7c1b9e7222566db09c1af3c4b5711c5d05c0152eb2,XLSX_ZIP,22,23,16,0,OK,131023368.34,131023368.34,0.0,OK,98334466.197,98334466.19699998,1.4901161193847656e-08,2026-09-24T16:46:35-05:00,B-2318 extraído y validado; MN/ME emparejados solo dentro del mismo mes.
2018-01,DISPONIBLE,https://intranet2.sbs.gob.pe/estadistica/financiera/2018/Enero/B-2318-en2018.XLS,B-2318-en2018.XLS,C:\Users\Crystell\Desktop\FINANZAS\datos_crudos\X1_B2318_2024200485D\X1_B-2318_2024200485D_2018-01.xls,1e0bfc633116280984b9b3e2fda1313fcd126f1743624df9dc4e2b8d5ca9f70d,XLSX_ZIP,22,23,16,0,OK,133581317.323,133581317.32299995,4.470348358154297e-08,OK,100361301.891,100361301.89099997,2.9802322387695312e-08,2026-09-24T16:46:39-05:00,B-2318 extraído y validado; MN/ME emparejados solo dentro del mismo mes.
2018-02,DISPONIBLE,https://intranet2.sbs.gob.pe/estadistica/financiera/2018/Febrero/B-2318-fe2018.XLS,B-2318-fe2018.XLS,C:\Users\Crystell\Desktop\FINANZAS\datos_crudos\X1_B2318_2024200485D\X1_B-2318_2024200485D_2018-02.xls,2569ced63499d2ca60c8808ea645359c67a4f1af9184ec0d23ca02dcac9ba93a,XLSX_ZIP,22,23,16,0,OK,133641620.47299999,133641620.473,1.4901161193847656e-08,OK,97770952.143,97770952.143,0.0,2026-09-24T16:46:42-05:00,B-2318 extraído y validado; MN/ME emparejados solo dentro del mismo mes.
2018-03,DISPONIBLE,https://intranet2.sbs.gob.pe/estadistica/financiera/2018/Marzo/B-2318-ma2018.XLS,B-2318-ma2018.XLS,C:\Users\Crystell\Desktop\FINANZAS\datos_crudos\X1_B2318_2024200485D\X1_B-2318_2024200485D_2018-03.xls,8d75bb18cd97691b453562bbf2ba13cc19ce5a9863199d4d8ec0714e97d07993,XLSX_ZIP,22,23,16,0,OK,132618578.786,132618578.786,0.0,OK,96406718.406,96406718.40599999,1.4901161193847656e-08,2026-09-24T16:46:45-05:00,B-2318 extraído y validado; MN/ME emparejados solo dentro del mismo mes.
2018-04,DISPONIBLE,https://intranet2.sbs.gob.pe/estadistica/financiera/2018/Abril/B-2318-ab2018.XLS,B-2318-ab2018.XLS,C:\Users\Crystell\Desktop\FINANZAS\datos_crudos\X1_B2318_2024200485D\X1_B-2318_2024200485D_2018-04.xls,912bf2b1054961515795b62411a8d8b4750a3fcd3d2ef9f727998581962cfd07,XLSX_ZIP,22,23,16,0,OK,132949222.954,132949222.954,0.0,OK,94821403.576,94821403.576,0.0,2026-09-24T16:46:48-05:00,B-2318 extraído y validado; MN/ME emparejados solo dentro del mismo mes.
2018-05,DISPONIBLE,https://intranet2.sbs.gob.pe/estadistica/financiera/2018/Mayo/B-2318-my2018.XLS,B-2318-my2018.XLS,C:\Users\Crystell\Desktop\FINANZAS\datos_crudos\X1_B2318_2024200485D\X1_B-2318_2024200485D_2018-05.xls,d70a26a6be0394057f6d5e14670fba2b2b43cf6d51a588db907a1b8e1417aaf2,XLSX_ZIP,22,23,16,0,OK,135169604.084,135169604.084,0.0,OK,97163546.751,97163546.75100002,1.4901161193847656e-08,2026-09-24T16:46:52-05:00,B-2318 extraído y validado; MN/ME emparejados solo dentro del mismo mes.
2018-06,DISPONIBLE,https://intranet2.sbs.gob.pe/estadistica/financiera/2018/Junio/B-2318-jn2018.XLS,B-2318-jn2018.XLS,C:\Users\Crystell\Desktop\FINANZAS\datos_crudos\X1_B2318_2024200485D\X1_B-2318_2024200485D_2018-06.xls,41a7e87f525aec03e2c09bb856656be63c90f9577c5fb7888ed8796e6532e6ac,XLSX_ZIP,22,23,16,0,OK,135476917.917,135476917.91699997,2.9802322387695312e-08,OK,96885237.076,96885237.07599999,1.4901161193847656e-08,2026-09-24T16:46:55-05:00,B-2318 extraído y validado; MN/ME emparejados solo dentro del mismo mes.
2018-07,DISPONIBLE,https://intranet2.sbs.gob.pe/estadistica/financiera/2018/Julio/B-2318-jl2018.XLS,B-2318-jl2018.XLS,C:\Users\Crystell\Desktop\FINANZAS\datos_crudos\X1_B2318_2024200485D\X1_B-2318_2024200485D_2018-07.xls,0630e3878cab1b28558f55f27115f7de93fb2b8823250ddd42d1dd0b849f2540,XLSX_ZIP,22,23,16,0,OK,136341006.233,136341006.23299998,2.9802322387695312e-08,OK,96021842.954,96021842.95400001,1.4901161193847656e-08,2026-09-24T16:46:58-05:00,B-2318 extraído y validado; MN/ME emparejados solo dentro del mismo mes.
2018-08,DISPONIBLE,https://intranet2.sbs.gob.pe/estadistica/financiera/2018/Agosto/B-2318-ag2018.XLS,B-2318-ag2018.XLS,C:\Users\Crystell\Desktop\FINANZAS\datos_crudos\X1_B2318_2024200485D\X1_B-2318_2024200485D_2018-08.xls,74a4c5151bd763bd31031af36bed8bf2cb078d8d8599d61372f3f960fcd9e6d7,XLSX_ZIP,22,23,16,0,OK,139891869.094,139891869.09400004,2.9802322387695312e-08,OK,95369263.067,95369263.06700002,1.4901161193847656e-08,2026-09-24T16:47:02-05:00,B-2318 extraído y validado; MN/ME emparejados solo dentro del mismo mes.
2018-09,DISPONIBLE,https://intranet2.sbs.gob.pe/estadistica/financiera/2018/Setiembre/B-2318-se2018.XLS,B-2318-se2018.XLS,C:\Users\Crystell\Desktop\FINANZAS\datos_crudos\X1_B2318_2024200485D\X1_B-2318_2024200485D_2018-09.xls,f0a82f50e6bfe25454fafe5f7f79d1bea7af486ee2c39613d06598a39f92afda,XLSX_ZIP,22,23,16,0,OK,138902045.54299998,138902045.54299998,0.0,OK,93985217.723,93985217.72300002,1.4901161193847656e-08,2026-09-24T16:47:05-05:00,B-2318 extraído y validado; MN/ME emparejados solo dentro del mismo mes.
2018-10,DISPONIBLE,https://intranet2.sbs.gob.pe/estadistica/financiera/2018/Octubre/B-2318-oc2018.XLS,B-2318-oc2018.XLS,C:\Users\Crystell\Desktop\FINANZAS\datos_crudos\X1_B2318_2024200485D\X1_B-2318_2024200485D_2018-10.xls,52b59bd04ff599f09fe5a8f1698911028a61987f60163f3e9d7bf5bd20185abb,XLSX_ZIP,22,23,16,0,OK,141428395.231,141428395.23099998,2.9802322387695312e-08,OK,95816459.102,95816459.102,0.0,2026-09-24T16:47:08-05:00,B-2318 extraído y validado; MN/ME emparejados solo dentro del mismo mes.
2018-11,DISPONIBLE,https://intranet2.sbs.gob.pe/estadistica/financiera/2018/Noviembre/B-2318-no2018.XLS,B-2318-no2018.XLS,C:\Users\Crystell\Desktop\FINANZAS\datos_crudos\X1_B2318_2024200485D\X1_B-2318_2024200485D_2018-11.xls,56bfca779b524727239c6da0bca7918ba7d9dfbd87c954fae666df421e3df051,XLSX_ZIP,22,23,16,0,OK,143927867.151,143927867.151,0.0,OK,97391772.499,97391772.49900001,1.4901161193847656e-08,2026-09-24T16:47:11-05:00,B-2318 extraído y validado; MN/ME emparejados solo dentro del mismo mes.
2018-12,DISPONIBLE,https://intranet2.sbs.gob.pe/estadistica/financiera/2018/Diciembre/B-2318-di2018.XLS,B-2318-di2018.XLS,C:\Users\Crystell\Desktop\FINANZAS\datos_crudos\X1_B2318_2024200485D\X1_B-2318_2024200485D_2018-12.xls,827e07e3857831a76da98987f96dd0670b0bec72328eab9589927e9e7fab2974,XLSX_ZIP,22,23,16,0,OK,147558880.062,147558880.06200004,2.9802322387695312e-08,OK,96301364.721,96301364.72100002,1.4901161193847656e-08,2026-09-24T16:47:15-05:00,B-2318 extraído y validado; MN/ME emparejados solo dentro del mismo mes.
2019-01,DISPONIBLE,https://intranet2.sbs.gob.pe/estadistica/financiera/2019/Enero/B-2318-en2019.XLS,B-2318-en2019.XLS,C:\Users\Crystell\Desktop\FINANZAS\datos_crudos\X1_B2318_2024200485D\X1_B-2318_2024200485D_2019-01.xls,716b635212683ccbd165625e4cf4354a143492799d9615ea80e0b31bf59c601f,XLSX_ZIP,22,23,16,0,OK,148606196.447,148606196.44700003,2.9802322387695312e-08,OK,98664766.131,98664766.131,0.0,2026-09-24T16:47:18-05:00,B-2318 extraído y validado; MN/ME emparejados solo dentro del mismo mes.
2019-02,DISPONIBLE,https://intranet2.sbs.gob.pe/estadistica/financiera/2019/Febrero/B-2318-fe2019.XLS,B-2318-fe2019.XLS,C:\Users\Crystell\Desktop\FINANZAS\datos_crudos\X1_B2318_2024200485D\X1_B-2318_2024200485D_2019-02.xls,55b51c7ec774a1ac19f8d8f43ab11f899fdd4a4b24b622ae7a21f2d678140c93,XLSX_ZIP,22,23,16,0,OK,150888293.83,150888293.82999998,2.9802322387695312e-08,OK,98487920.545,98487920.54500002,1.4901161193847656e-08,2026-09-24T16:47:21-05:00,B-2318 extraído y validado; MN/ME emparejados solo dentro del mismo mes.
2019-03,DISPONIBLE,https://intranet2.sbs.gob.pe/estadistica/financiera/2019/Marzo/B-2318-ma2019.XLS,B-2318-ma2019.XLS,C:\Users\Crystell\Desktop\FINANZAS\datos_crudos\X1_B2318_2024200485D\X1_B-2318_2024200485D_2019-03.xls,d1db7b44f863d876b9a8609e192503dc54164994277d27c08b489bfce36848b1,XLSX_ZIP,22,23,15,0,OK,151297777.582,151297777.582,0.0,OK,99045846.993,99045846.993,0.0,2026-09-24T16:47:25-05:00,B-2318 extraído y validado; MN/ME emparejados solo dentro del mismo mes.
2019-04,DISPONIBLE,https://intranet2.sbs.gob.pe/estadistica/financiera/2019/Abril/B-2318-ab2019.XLS,B-2318-ab2019.XLS,C:\Users\Crystell\Desktop\FINANZAS\datos_crudos\X1_B2318_2024200485D\X1_B-2318_2024200485D_2019-04.xls,e2f4acce314236e2ba3f75b53811f9be6c6de935a3e356586da2c6656e7857cc,XLSX_ZIP,22,23,15,0,OK,149992523.286,149992523.28599995,5.960464477539063e-08,OK,101701404.075,101701404.07500002,1.4901161193847656e-08,2026-09-24T16:47:28-05:00,B-2318 extraído y validado; MN/ME emparejados solo dentro del mismo mes.
2019-05,DISPONIBLE,https://intranet2.sbs.gob.pe/estadistica/financiera/2019/Mayo/B-2318-my2019.XLS,B-2318-my2019.XLS,C:\Users\Crystell\Desktop\FINANZAS\datos_crudos\X1_B2318_2024200485D\X1_B-2318_2024200485D_2019-05.xls,784a92f7ceeb3645f01dfd1218f7894cb183d8e68c8982e93250c352cfe2e001,XLSX_ZIP,22,23,15,0,OK,150449115.629,150449115.629,0.0,OK,107927208.687,107927208.68699999,1.4901161193847656e-08,2026-09-24T16:47:31-05:00,B-2318 extraído y validado; MN/ME emparejados solo dentro del mismo mes.
2019-06,DISPONIBLE,https://intranet2.sbs.gob.pe/estadistica/financiera/2019/Junio/B-2318-jn2019.XLS,B-2318-jn2019.XLS,C:\Users\Crystell\Desktop\FINANZAS\datos_crudos\X1_B2318_2024200485D\X1_B-2318_2024200485D_2019-06.xls,24537ffabc78adfef8b78bcb2c253c0b02bf7fe7e98ba9bf71ba9ea221a66cf1,XLSX_ZIP,22,23,15,0,OK,149203800.91099998,149203800.911,2.9802322387695312e-08,OK,102496823.472,102496823.47199999,1.4901161193847656e-08,2026-09-24T16:47:35-05:00,B-2318 extraído y validado; MN/ME emparejados solo dentro del mismo mes.
2019-07,DISPONIBLE,https://intranet2.sbs.gob.pe/estadistica/financiera/2019/Julio/B-2318-jl2019.XLS,B-2318-jl2019.XLS,C:\Users\Crystell\Desktop\FINANZAS\datos_crudos\X1_B2318_2024200485D\X1_B-2318_2024200485D_2019-07.xls,13d94be16d68aaf4a28ca60e5ecff6cd41f408ccf684f35ba77a44bc78adb29e,XLSX_ZIP,22,23,15,0,OK,151574772.433,151574772.433,0.0,OK,102885794.78299999,102885794.78299998,1.4901161193847656e-08,2026-09-24T16:47:38-05:00,B-2318 extraído y validado; MN/ME emparejados solo dentro del mismo mes.
2019-08,DISPONIBLE,https://intranet2.sbs.gob.pe/estadistica/financiera/2019/Agosto/B-2318-ag2019.XLS,B-2318-ag2019.XLS,C:\Users\Crystell\Desktop\FINANZAS\datos_crudos\X1_B2318_2024200485D\X1_B-2318_2024200485D_2019-08.xls,68814bcae5e611ef869e6864d40058594862d20945504daf6ad5d0eda71c7286,XLSX_ZIP,22,23,15,0,OK,154754698.051,154754698.051,0.0,OK,107059294.139,107059294.13899997,2.9802322387695312e-08,2026-09-24T16:47:41-05:00,B-2318 extraído y validado; MN/ME emparejados solo dentro del mismo mes.
2019-09,DISPONIBLE,https://intranet2.sbs.gob.pe/estadistica/financiera/2019/Setiembre/B-2318-se2019.XLS,B-2318-se2019.XLS,C:\Users\Crystell\Desktop\FINANZAS\datos_crudos\X1_B2318_2024200485D\X1_B-2318_2024200485D_2019-09.xls,189b8049f00213a240f1bf864688e4a98653fce3be0a893a701144c3095dc40a,XLSX_ZIP,22,23,15,0,OK,153312535.028,153312535.028,0.0,OK,107528077.678,107528077.67799999,1.4901161193847656e-08,2026-09-24T16:47:45-05:00,B-2318 extraído y validado; MN/ME emparejados solo dentro del mismo mes.
2019-10,DISPONIBLE,https://intranet2.sbs.gob.pe/estadistica/financiera/2019/Octubre/B-2318-oc2019.XLS,B-2318-oc2019.XLS,C:\Users\Crystell\Desktop\FINANZAS\datos_crudos\X1_B2318_2024200485D\X1_B-2318_2024200485D_2019-10.xls,e7f24b7f771fc78aab43ec2c53387bf5231a0fc401b0adefe2eb57d5ef7c3232,XLSX_ZIP,22,23,15,0,OK,154849285.999,154849285.99899998,2.9802322387695312e-08,OK,106451011.464,106451011.46400002,1.4901161193847656e-08,2026-09-24T16:47:48-05:00,B-2318 extraído y validado; MN/ME emparejados solo dentro del mismo mes.
2019-11,DISPONIBLE,https://intranet2.sbs.gob.pe/estadistica/financiera/2019/Noviembre/B-2318-no2019.XLS,B-2318-no2019.XLS,C:\Users\Crystell\Desktop\FINANZAS\datos_crudos\X1_B2318_2024200485D\X1_B-2318_2024200485D_2019-11.xls,a3117cca5cd7d95416cb02e2bd248e48b1d9a54e793965d7f31f893e9621a2be,XLSX_ZIP,22,23,15,0,OK,157859688.077,157859688.07700005,5.960464477539063e-08,OK,105511969.192,105511969.192,0.0,2026-09-24T16:47:51-05:00,B-2318 extraído y validado; MN/ME emparejados solo dentro del mismo mes.
2019-12,DISPONIBLE,https://intranet2.sbs.gob.pe/estadistica/financiera/2019/Diciembre/B-2318-di2019.XLS,B-2318-di2019.XLS,C:\Users\Crystell\Desktop\FINANZAS\datos_crudos\X1_B2318_2024200485D\X1_B-2318_2024200485D_2019-12.xls,5e4c68e267ab2e4f9fbdd963b2c90274cb3c4a2d018f25fdebcc7e98fae245ba,XLSX_ZIP,22,23,15,0,OK,160639549.265,160639549.26500002,2.9802322387695312e-08,OK,102481522.227,102481522.22699998,1.4901161193847656e-08,2026-09-24T16:47:55-05:00,B-2318 extraído y validado; MN/ME emparejados solo dentro del mismo mes.
2020-01,DISPONIBLE,https://intranet2.sbs.gob.pe/estadistica/financiera/2020/Enero/B-2318-en2020.XLS,B-2318-en2020.XLS,C:\Users\Crystell\Desktop\FINANZAS\datos_crudos\X1_B2318_2024200485D\X1_B-2318_2024200485D_2020-01.xls,c2e8a762609409efa9f952e86fff8276659aa8d96206c1b03b0a74f1160bf2b1,XLSX_ZIP,22,23,15,0,OK,161694122.862,161694122.862,0.0,OK,104389881.742,104389881.74199998,1.4901161193847656e-08,2026-09-24T16:47:58-05:00,B-2318 extraído y validado; MN/ME emparejados solo dentro del mismo mes.
2020-02,DISPONIBLE,https://intranet2.sbs.gob.pe/estadistica/financiera/2020/Febrero/B-2318-fe2020.XLS,B-2318-fe2020.XLS,C:\Users\Crystell\Desktop\FINANZAS\datos_crudos\X1_B2318_2024200485D\X1_B-2318_2024200485D_2020-02.xls,311c5c86264d31a79c961a9fa483b3ebb4f65a561a5e42b5bba19c3403f4590c,XLSX_ZIP,22,23,15,0,OK,163653336.689,163653336.68899998,2.9802322387695312e-08,OK,106387266.425,106387266.425,0.0,2026-09-24T16:48:01-05:00,B-2318 extraído y validado; MN/ME emparejados solo dentro del mismo mes.
2020-03,DISPONIBLE,https://intranet2.sbs.gob.pe/estadistica/financiera/2020/Marzo/B-2318-ma2020.XLS,B-2318-ma2020.XLS,C:\Users\Crystell\Desktop\FINANZAS\datos_crudos\X1_B2318_2024200485D\X1_B-2318_2024200485D_2020-03.xls,8bcff161e059e3ae466d66d5a48958a7af6d55508bde1883d3d1098e4d4423a0,XLSX_ZIP,22,23,15,0,OK,166471939.231,166471939.23099998,2.9802322387695312e-08,OK,110338491.481,110338491.48100002,1.4901161193847656e-08,2026-09-24T16:48:04-05:00,B-2318 extraído y validado; MN/ME emparejados solo dentro del mismo mes.
2020-04,DISPONIBLE,https://intranet2.sbs.gob.pe/estadistica/financiera/2020/Abril/B-2318-ab2020.XLS,B-2318-ab2020.XLS,C:\Users\Crystell\Desktop\FINANZAS\datos_crudos\X1_B2318_2024200485D\X1_B-2318_2024200485D_2020-04.xls,c6e1783973156f31c9b6cab495bb06d0a10ecb56db08eb0e19c02511167ce2ed,XLSX_ZIP,22,23,15,0,OK,171809831.981,171809831.98100004,2.9802322387695312e-08,OK,113247169.50400001,113247169.504,1.4901161193847656e-08,2026-09-24T16:48:08-05:00,B-2318 extraído y validado; MN/ME emparejados solo dentro del mismo mes.
2020-05,DISPONIBLE,https://intranet2.sbs.gob.pe/estadistica/financiera/2020/Mayo/B-2318-my2020.XLS,B-2318-my2020.XLS,C:\Users\Crystell\Desktop\FINANZAS\datos_crudos\X1_B2318_2024200485D\X1_B-2318_2024200485D_2020-05.xls,a86cdfe95fe41ba9c28e4e1da2e4ce9f3561f24d6810979991c57cfe134926e8,XLSX_ZIP,22,23,15,0,OK,191478172.875,191478172.87499997,2.9802322387695312e-08,OK,115365429.205,115365429.20499997,2.9802322387695312e-08,2026-09-24T16:48:11-05:00,B-2318 extraído y validado; MN/ME emparejados solo dentro del mismo mes.
2020-06,DISPONIBLE,https://intranet2.sbs.gob.pe/estadistica/financiera/2020/Junio/B-2318-jn2020.XLS,B-2318-jn2020.XLS,C:\Users\Crystell\Desktop\FINANZAS\datos_crudos\X1_B2318_2024200485D\X1_B-2318_2024200485D_2020-06.xls,803473694c061460f8e906d249ee196a413c023c237fd758fb4012f15dc6a0d0,XLSX_ZIP,22,23,15,0,OK,194281627.339,194281627.339,0.0,OK,115446198.773,115446198.77299997,2.9802322387695312e-08,2026-09-24T16:48:14-05:00,B-2318 extraído y validado; MN/ME emparejados solo dentro del mismo mes.
2020-07,DISPONIBLE,https://intranet2.sbs.gob.pe/estadistica/financiera/2020/Julio/B-2318-jl2020.XLS,B-2318-jl2020.XLS,C:\Users\Crystell\Desktop\FINANZAS\datos_crudos\X1_B2318_2024200485D\X1_B-2318_2024200485D_2020-07.xls,5f6979489f0aa2b8d0da8de956eb4f8869271b912548f366231836bcf0a81c11,XLSX_ZIP,22,23,16,1,OK,199772345.144,199772345.14400005,5.960464477539063e-08,OK,118222439.412,118222439.41199999,1.4901161193847656e-08,2026-09-24T16:48:18-05:00,B-2318 extraído y validado; MN/ME emparejados solo dentro del mismo mes.
2020-08,DISPONIBLE,https://intranet2.sbs.gob.pe/estadistica/financiera/2020/Agosto/B-2318-ag2020.XLS,B-2318-ag2020.XLS,C:\Users\Crystell\Desktop\FINANZAS\datos_crudos\X1_B2318_2024200485D\X1_B-2318_2024200485D_2020-08.xls,0ea024d346c703593dba2ce4db678a33396acb8e82e2ce31c8165d60e25bf09c,XLSX_ZIP,22,23,16,1,OK,201260986.156,201260986.15600002,2.9802322387695312e-08,OK,119779413.515,119779413.515,0.0,2026-09-24T16:48:21-05:00,B-2318 extraído y validado; MN/ME emparejados solo dentro del mismo mes.
2020-09,DISPONIBLE,https://intranet2.sbs.gob.pe/estadistica/financiera/2020/Setiembre/B-2318-se2020.XLS,B-2318-se2020.XLS,C:\Users\Crystell\Desktop\FINANZAS\datos_crudos\X1_B2318_2024200485D\X1_B-2318_2024200485D_2020-09.xls,96dade473ad9c52062438253f89c46d107aeeee7ddfe9d51d74e01e1ee6bf1c6,XLSX_ZIP,22,23,16,0,OK,199396608.239,199396608.239,0.0,OK,120367859.0,120367858.99999999,1.4901161193847656e-08,2026-09-24T16:48:24-05:00,B-2318 extraído y validado; MN/ME emparejados solo dentro del mismo mes.
2020-10,DISPONIBLE,https://intranet2.sbs.gob.pe/estadistica/financiera/2020/Octubre/B-2318-oc2020.XLS,B-2318-oc2020.XLS,C:\Users\Crystell\Desktop\FINANZAS\datos_crudos\X1_B2318_2024200485D\X1_B-2318_2024200485D_2020-10.xls,fc463b1118113af9f1af0a892ed3b4083381b1c0b79b8ad924f2c023d4351a89,XLSX_ZIP,22,23,16,0,OK,199771051.679,199771051.67900002,2.9802322387695312e-08,OK,122410486.213,122410486.213,0.0,2026-09-24T16:48:28-05:00,B-2318 extraído y validado; MN/ME emparejados solo dentro del mismo mes.
2020-11,DISPONIBLE,https://intranet2.sbs.gob.pe/estadistica/financiera/2020/Noviembre/B-2318-no2020.XLS,B-2318-no2020.XLS,C:\Users\Crystell\Desktop\FINANZAS\datos_crudos\X1_B2318_2024200485D\X1_B-2318_2024200485D_2020-11.xls,0f17cfe7b2fba2b513ad55c4ef22581f6c33a6e76a14731e8dce6bcaa0b91a0c,XLSX_ZIP,22,23,16,0,OK,201211977.733,201211977.73299998,2.9802322387695312e-08,OK,124244950.58,124244950.58,0.0,2026-09-24T16:48:31-05:00,B-2318 extraído y validado; MN/ME emparejados solo dentro del mismo mes.
2020-12,DISPONIBLE,https://intranet2.sbs.gob.pe/estadistica/financiera/2020/Diciembre/B-2318-di2020.XLS,B-2318-di2020.XLS,C:\Users\Crystell\Desktop\FINANZAS\datos_crudos\X1_B2318_2024200485D\X1_B-2318_2024200485D_2020-12.xls,d3fbfb1f50b59aa439e43c5e6b28c555fdb016756da0dd5baee7ef2889e693f3,XLSX_ZIP,22,23,16,0,OK,205050185.074,205050185.07400003,2.9802322387695312e-08,OK,124887773.233,124887773.23299998,1.4901161193847656e-08,2026-09-24T16:48:34-05:00,B-2318 extraído y validado; MN/ME emparejados solo dentro del mismo mes.
2021-01,DISPONIBLE,https://intranet2.sbs.gob.pe/estadistica/financiera/2021/Enero/B-2318-en2021.XLS,B-2318-en2021.XLS,C:\Users\Crystell\Desktop\FINANZAS\datos_crudos\X1_B2318_2024200485D\X1_B-2318_2024200485D_2021-01.xls,d318c49fc02b2f0465ce90b77416760336b3e7b8e398f42e47b6fe80ace81dbf,XLSX_ZIP,22,23,16,0,OK,202737765.46400002,202737765.46400008,5.960464477539063e-08,OK,130843101.547,130843101.54699999,1.4901161193847656e-08,2026-09-24T16:48:38-05:00,B-2318 extraído y validado; MN/ME emparejados solo dentro del mismo mes.
2021-02,DISPONIBLE,https://intranet2.sbs.gob.pe/estadistica/financiera/2021/Febrero/B-2318-fe2021.XLS,B-2318-fe2021.XLS,C:\Users\Crystell\Desktop\FINANZAS\datos_crudos\X1_B2318_2024200485D\X1_B-2318_2024200485D_2021-02.xls,b0bdca4793c3aa68f41dc9e117f958cc17acacba894d507da5102c90c94ebe33,XLSX_ZIP,22,23,16,0,OK,203729226.546,203729226.546,0.0,OK,132023130.87699999,132023130.87699999,0.0,2026-09-24T16:48:41-05:00,B-2318 extraído y validado; MN/ME emparejados solo dentro del mismo mes.
2021-03,DISPONIBLE,https://intranet2.sbs.gob.pe/estadistica/financiera/2021/Marzo/B-2318-ma2021.XLS,B-2318-ma2021.XLS,C:\Users\Crystell\Desktop\FINANZAS\datos_crudos\X1_B2318_2024200485D\X1_B-2318_2024200485D_2021-03.xls,21e7c6b2258c99db8e1370b672ea777a83fa1a1795e2e0a8cab577b6537882d5,XLSX_ZIP,22,23,16,0,OK,201988589.38099998,201988589.38099998,0.0,OK,133962510.411,133962510.41100003,2.9802322387695312e-08,2026-09-24T16:48:44-05:00,B-2318 extraído y validado; MN/ME emparejados solo dentro del mismo mes.
2021-04,DISPONIBLE,https://intranet2.sbs.gob.pe/estadistica/financiera/2021/Abril/B-2318-ab2021.XLS,B-2318-ab2021.XLS,C:\Users\Crystell\Desktop\FINANZAS\datos_crudos\X1_B2318_2024200485D\X1_B-2318_2024200485D_2021-04.xls,d0d3083fd64d1c72db2dd855541ebe07db1c8fba7aaa1fd7b6d24f2342dbade0,XLSX_ZIP,22,23,16,0,OK,193607891.14000002,193607891.14000005,2.9802322387695312e-08,OK,140108387.467,140108387.467,0.0,2026-09-24T16:48:48-05:00,B-2318 extraído y validado; MN/ME emparejados solo dentro del mismo mes.
2021-05,DISPONIBLE,https://intranet2.sbs.gob.pe/estadistica/financiera/2021/Mayo/B-2318-my2021.XLS,B-2318-my2021.XLS,C:\Users\Crystell\Desktop\FINANZAS\datos_crudos\X1_B2318_2024200485D\X1_B-2318_2024200485D_2021-05.xls,7887b82fde2cc6ebefde2cbd934cce0d3ec5368859ec715294ad25aeb779952e,XLSX_ZIP,22,23,16,0,OK,192563967.196,192563967.196,0.0,OK,135118273.451,135118273.451,0.0,2026-09-24T16:48:51-05:00,B-2318 extraído y validado; MN/ME emparejados solo dentro del mismo mes.
2021-06,DISPONIBLE,https://intranet2.sbs.gob.pe/estadistica/financiera/2021/Junio/B-2318-jn2021.XLS,B-2318-jn2021.XLS,C:\Users\Crystell\Desktop\FINANZAS\datos_crudos\X1_B2318_2024200485D\X1_B-2318_2024200485D_2021-06.xls,7afa39c11b6b03b17d4ff09c5f789f0056174bdd9b9f4bc5f2c40ab3873f52af,XLSX_ZIP,22,23,16,0,OK,199039311.392,199039311.392,0.0,OK,133404035.891,133404035.89100002,1.4901161193847656e-08,2026-09-24T16:48:54-05:00,B-2318 extraído y validado; MN/ME emparejados solo dentro del mismo mes.
2021-07,DISPONIBLE,https://intranet2.sbs.gob.pe/estadistica/financiera/2021/Julio/B-2318-jl2021.XLS,B-2318-jl2021.XLS,C:\Users\Crystell\Desktop\FINANZAS\datos_crudos\X1_B2318_2024200485D\X1_B-2318_2024200485D_2021-07.xls,a1b11f400d86b60bc56027229ddcadf78be8022224409bab0f9409ef9ad398ab,XLSX_ZIP,22,23,16,0,OK,201556749.413,201556749.41299996,2.9802322387695312e-08,OK,134670439.773,134670439.77299997,2.9802322387695312e-08,2026-09-24T16:48:57-05:00,B-2318 extraído y validado; MN/ME emparejados solo dentro del mismo mes.
2021-08,DISPONIBLE,https://intranet2.sbs.gob.pe/estadistica/financiera/2021/Agosto/B-2318-ag2021.XLS,B-2318-ag2021.XLS,C:\Users\Crystell\Desktop\FINANZAS\datos_crudos\X1_B2318_2024200485D\X1_B-2318_2024200485D_2021-08.xls,26c546f8a474d11a473d5122f64f0abe68ebe5f3edc8ce88c9dc2f319a8fe7ff,XLSX_ZIP,22,23,16,0,OK,200787191.68899998,200787191.689,2.9802322387695312e-08,OK,140690858.001,140690858.00100002,2.9802322387695312e-08,2026-09-24T16:49:01-05:00,B-2318 extraído y validado; MN/ME emparejados solo dentro del mismo mes.
2021-09,DISPONIBLE,https://intranet2.sbs.gob.pe/estadistica/financiera/2021/Setiembre/B-2318-se2021.XLS,B-2318-se2021.XLS,C:\Users\Crystell\Desktop\FINANZAS\datos_crudos\X1_B2318_2024200485D\X1_B-2318_2024200485D_2021-09.xls,d28eb13a5ec85c1c0d46f924e740d97b43e4bf35083fdcdc859c4240cfe35f4a,XLSX_ZIP,22,23,16,0,OK,198353823.173,198353823.17300004,2.9802322387695312e-08,OK,140952378.253,140952378.25300002,2.9802322387695312e-08,2026-09-24T17:40:17-05:00,B-2318 extraído y validado; MN/ME emparejados solo dentro del mismo mes.
2021-10,DISPONIBLE,https://intranet2.sbs.gob.pe/estadistica/financiera/2021/Octubre/B-2318-oc2021.XLS,B-2318-oc2021.XLS,C:\Users\Crystell\Desktop\FINANZAS\datos_crudos\X1_B2318_2024200485D\X1_B-2318_2024200485D_2021-10.xls,32b0dfc759aecd1207085134d6192a14fea6b2791190c85b1dc9da0fcd6d4761,XLSX_ZIP,22,23,16,0,OK,191962415.602,191962415.60200003,2.9802322387695312e-08,OK,140513505.826,140513505.82599995,5.960464477539063e-08,2026-09-24T17:40:20-05:00,B-2318 extraído y validado; MN/ME emparejados solo dentro del mismo mes.
2021-11,DISPONIBLE,https://intranet2.sbs.gob.pe/estadistica/financiera/2021/Noviembre/B-2318-no2021.XLS,B-2318-no2021.XLS,C:\Users\Crystell\Desktop\FINANZAS\datos_crudos\X1_B2318_2024200485D\X1_B-2318_2024200485D_2021-11.xls,73b77dfa84d37fec4d1d9a1f4266e805cd213ba74b5c52f7da3855372efe47e9,XLSX_ZIP,22,23,16,0,OK,190663239.85999998,190663239.85999998,0.0,OK,141475399.199,141475399.199,0.0,2026-09-24T17:40:23-05:00,B-2318 extraído y validado; MN/ME emparejados solo dentro del mismo mes.
2021-12,DISPONIBLE,https://intranet2.sbs.gob.pe/estadistica/financiera/2021/Diciembre/B-2318-di2021.XLS,B-2318-di2021.XLS,C:\Users\Crystell\Desktop\FINANZAS\datos_crudos\X1_B2318_2024200485D\X1_B-2318_2024200485D_2021-12.xls,8eb2076820a630d6aa075d33a09fab49a8d86b7bbb4d6c1bb4575bd6dab049bf,XLSX_ZIP,22,23,16,0,OK,188863770.117,188863770.11699998,2.9802322387695312e-08,OK,142395824.821,142395824.821,0.0,2026-09-24T17:40:26-05:00,B-2318 extraído y validado; MN/ME emparejados solo dentro del mismo mes.
2022-01,DISPONIBLE,https://intranet2.sbs.gob.pe/estadistica/financiera/2022/Enero/B-2318-en2022.XLS,B-2318-en2022.XLS,C:\Users\Crystell\Desktop\FINANZAS\datos_crudos\X1_B2318_2024200485D\X1_B-2318_2024200485D_2022-01.xls,fc556bd7fa7c9bbd67d17b33114cceb59e3ae0fe4cf190d40bb9c50f5979e11c,XLSX_ZIP,22,23,16,0,OK,187132793.903,187132793.903,0.0,OK,140969324.113,140969324.113,0.0,2026-09-24T17:40:29-05:00,B-2318 extraído y validado; MN/ME emparejados solo dentro del mismo mes.
2022-02,DISPONIBLE,https://intranet2.sbs.gob.pe/estadistica/financiera/2022/Febrero/B-2318-fe2022.XLS,B-2318-fe2022.XLS,C:\Users\Crystell\Desktop\FINANZAS\datos_crudos\X1_B2318_2024200485D\X1_B-2318_2024200485D_2022-02.xls,055e430a2294d091ae6dde5b878b6170dc3603b4befbe8d647bb174ad797e387,XLSX_ZIP,22,23,16,0,OK,186544166.068,186544166.06800002,2.9802322387695312e-08,OK,140587484.944,140587484.944,0.0,2026-09-24T17:40:32-05:00,B-2318 extraído y validado; MN/ME emparejados solo dentro del mismo mes.
2022-03,DISPONIBLE,https://intranet2.sbs.gob.pe/estadistica/financiera/2022/Marzo/B-2318-ma2022.XLS,B-2318-ma2022.XLS,C:\Users\Crystell\Desktop\FINANZAS\datos_crudos\X1_B2318_2024200485D\X1_B-2318_2024200485D_2022-03.xls,71a3f658c4bbb0e7b4cd24b0e26b88179e4374b80bd666da800c66a12ea077fa,XLSX_ZIP,22,23,16,0,OK,186421682.928,186421682.92799997,2.9802322387695312e-08,OK,136556848.004,136556848.004,0.0,2026-09-24T17:40:36-05:00,B-2318 extraído y validado; MN/ME emparejados solo dentro del mismo mes.
2022-04,DISPONIBLE,https://intranet2.sbs.gob.pe/estadistica/financiera/2022/Abril/B-2318-ab2022.XLS,B-2318-ab2022.XLS,C:\Users\Crystell\Desktop\FINANZAS\datos_crudos\X1_B2318_2024200485D\X1_B-2318_2024200485D_2022-04.xls,b3edb7ea439ed4cbd6a4a1b5efc148ae2dcbf9b6990ee3449f4bd43353271235,XLSX_ZIP,22,23,16,0,OK,185744456.63,185744456.63,0.0,OK,140166912.791,140166912.791,0.0,2026-09-24T17:40:39-05:00,B-2318 extraído y validado; MN/ME emparejados solo dentro del mismo mes.
2022-05,DISPONIBLE,https://intranet2.sbs.gob.pe/estadistica/financiera/2022/Mayo/B-2318-my2022.XLS,B-2318-my2022.XLS,C:\Users\Crystell\Desktop\FINANZAS\datos_crudos\X1_B2318_2024200485D\X1_B-2318_2024200485D_2022-05.xls,cbcc576ca738d587fc4eb4459a107809267c98e54ecd5ca52306f4d4660ae29f,XLSX_ZIP,22,23,16,0,OK,187185113.37,187185113.36999997,2.9802322387695312e-08,OK,136787313.963,136787313.96300003,2.9802322387695312e-08,2026-09-24T17:40:42-05:00,B-2318 extraído y validado; MN/ME emparejados solo dentro del mismo mes.
2022-06,DISPONIBLE,https://intranet2.sbs.gob.pe/estadistica/financiera/2022/Junio/B-2318-jn2022.XLS,B-2318-jn2022.XLS,C:\Users\Crystell\Desktop\FINANZAS\datos_crudos\X1_B2318_2024200485D\X1_B-2318_2024200485D_2022-06.xls,ad0492f4872b1479bb70917639784ec19a97470d1e13d3b54ee23eadb05e6bb0,XLSX_ZIP,22,23,16,0,OK,186142912.411,186142912.41099995,5.960464477539063e-08,OK,138973319.256,138973319.25599998,2.9802322387695312e-08,2026-09-24T17:40:45-05:00,B-2318 extraído y validado; MN/ME emparejados solo dentro del mismo mes.
2022-07,DISPONIBLE,https://intranet2.sbs.gob.pe/estadistica/financiera/2022/Julio/B-2318-jl2022.XLS,B-2318-jl2022.XLS,C:\Users\Crystell\Desktop\FINANZAS\datos_crudos\X1_B2318_2024200485D\X1_B-2318_2024200485D_2022-07.xls,012b233a2dce926c74425252a721266ef45ddba430ad6cd0207c1b4b6dbd2344,XLSX_ZIP,22,23,17,0,OK,192238018.764,192238018.76399997,2.9802322387695312e-08,OK,140387504.526,140387504.526,0.0,2026-09-24T17:40:48-05:00,B-2318 extraído y validado; MN/ME emparejados solo dentro del mismo mes.
2022-08,DISPONIBLE,https://intranet2.sbs.gob.pe/estadistica/financiera/2022/Agosto/B-2318-ag2022.XLS,B-2318-ag2022.XLS,C:\Users\Crystell\Desktop\FINANZAS\datos_crudos\X1_B2318_2024200485D\X1_B-2318_2024200485D_2022-08.xls,3cd8bf960914dfc1d423dd9b18c7f85b7cb00b2d6858b84fe5693ebb701fa088,XLSX_ZIP,22,23,17,0,OK,195364323.958,195364323.95800003,2.9802322387695312e-08,OK,139282273.714,139282273.71399996,2.9802322387695312e-08,2026-09-24T17:40:51-05:00,B-2318 extraído y validado; MN/ME emparejados solo dentro del mismo mes.
2022-09,DISPONIBLE,https://intranet2.sbs.gob.pe/estadistica/financiera/2022/Setiembre/B-2318-se2022.XLS,B-2318-se2022.XLS,C:\Users\Crystell\Desktop\FINANZAS\datos_crudos\X1_B2318_2024200485D\X1_B-2318_2024200485D_2022-09.xls,2a32cc432577a2c142874b4b0259cbe2dcdaf9e113fd0c552ba8566edbacccc0,XLSX_ZIP,22,23,17,0,OK,200163883.142,200163883.14200005,5.960464477539063e-08,OK,140842377.143,140842377.143,0.0,2026-09-24T17:40:54-05:00,B-2318 extraído y validado; MN/ME emparejados solo dentro del mismo mes.
2022-10,DISPONIBLE,https://intranet2.sbs.gob.pe/estadistica/financiera/2022/Octubre/B-2318-oc2022.XLS,B-2318-oc2022.XLS,C:\Users\Crystell\Desktop\FINANZAS\datos_crudos\X1_B2318_2024200485D\X1_B-2318_2024200485D_2022-10.xls,475cd1662e99900492027a105ea480ac45f6cd0ff1f129f7c3a39c5a1a97d04d,XLSX_ZIP,22,23,17,0,OK,196910869.329,196910869.32899994,5.960464477539063e-08,OK,141215927.579,141215927.579,0.0,2026-09-24T17:40:58-05:00,B-2318 extraído y validado; MN/ME emparejados solo dentro del mismo mes.
2022-11,DISPONIBLE,https://intranet2.sbs.gob.pe/estadistica/financiera/2022/Noviembre/B-2318-no2022.XLS,B-2318-no2022.XLS,C:\Users\Crystell\Desktop\FINANZAS\datos_crudos\X1_B2318_2024200485D\X1_B-2318_2024200485D_2022-11.xls,e15e0662a921c4a13369ad926b2bd2a9c06bca5386d6960377fab8bb765ec72f,XLSX_ZIP,22,23,17,0,OK,193591856.636,193591856.636,0.0,OK,137383112.48,137383112.48000002,2.9802322387695312e-08,2026-09-24T17:41:01-05:00,B-2318 extraído y validado; MN/ME emparejados solo dentro del mismo mes.
2022-12,DISPONIBLE,https://intranet2.sbs.gob.pe/estadistica/financiera/2022/Diciembre/B-2318-di2022.XLS,B-2318-di2022.XLS,C:\Users\Crystell\Desktop\FINANZAS\datos_crudos\X1_B2318_2024200485D\X1_B-2318_2024200485D_2022-12.xls,6b931786fef618f0f66f425508348d6e951682cd69078fa89a4cd275bdcf06c6,XLSX_ZIP,22,23,17,0,OK,193777167.444,193777167.444,0.0,OK,132212646.84200001,132212646.84200001,0.0,2026-09-24T17:41:04-05:00,B-2318 extraído y validado; MN/ME emparejados solo dentro del mismo mes.
2023-01,DISPONIBLE,https://intranet2.sbs.gob.pe/estadistica/financiera/2023/Enero/B-2318-en2023.XLS,B-2318-en2023.XLS,C:\Users\Crystell\Desktop\FINANZAS\datos_crudos\X1_B2318_2024200485D\X1_B-2318_2024200485D_2023-01.xls,6035c18a4347ae382692d1b8335332b2e57e7536c750cb6cf3876d312a6f6eed,XLSX_ZIP,22,23,17,0,OK,198366893.327,198366893.32700002,2.9802322387695312e-08,OK,134990879.07,134990879.07000002,2.9802322387695312e-08,2026-09-24T17:41:07-05:00,B-2318 extraído y validado; MN/ME emparejados solo dentro del mismo mes.
2023-02,DISPONIBLE,https://intranet2.sbs.gob.pe/estadistica/financiera/2023/Febrero/B-2318-fe2023.XLS,B-2318-fe2023.XLS,C:\Users\Crystell\Desktop\FINANZAS\datos_crudos\X1_B2318_2024200485D\X1_B-2318_2024200485D_2023-02.xls,8f51b945ba858d69936a19ecc8a4960b27e4a61166bed38d0e0377dfbfe3d3d2,XLSX_ZIP,22,23,17,0,OK,196687473.722,196687473.72199997,2.9802322387695312e-08,OK,135592085.945,135592085.94500002,2.9802322387695312e-08,2026-09-24T17:41:10-05:00,B-2318 extraído y validado; MN/ME emparejados solo dentro del mismo mes.
2023-03,DISPONIBLE,https://intranet2.sbs.gob.pe/estadistica/financiera/2023/Marzo/B-2318-ma2023.XLS,B-2318-ma2023.XLS,C:\Users\Crystell\Desktop\FINANZAS\datos_crudos\X1_B2318_2024200485D\X1_B-2318_2024200485D_2023-03.xls,6dd42ed21ce8b7fbe45cc61f07401be4cdc95eb3fe58fce394f711feee3fd9c2,XLSX_ZIP,22,23,17,0,OK,198481699.184,198481699.18400002,2.9802322387695312e-08,OK,134374912.139,134374912.139,0.0,2026-09-24T17:41:13-05:00,B-2318 extraído y validado; MN/ME emparejados solo dentro del mismo mes.
2023-04,DISPONIBLE,https://intranet2.sbs.gob.pe/estadistica/financiera/2023/Abril/B-2318-ab2023.XLS,B-2318-ab2023.XLS,C:\Users\Crystell\Desktop\FINANZAS\datos_crudos\X1_B2318_2024200485D\X1_B-2318_2024200485D_2023-04.xls,0af05fbc92d83dd3d26068f141cb9cfc9201e55a66562305eecb737373dec99c,XLSX_ZIP,22,23,17,0,OK,195819865.91,195819865.91,0.0,OK,131530184.431,131530184.43100001,1.4901161193847656e-08,2026-09-24T17:41:16-05:00,B-2318 extraído y validado; MN/ME emparejados solo dentro del mismo mes.
2023-05,DISPONIBLE,https://intranet2.sbs.gob.pe/estadistica/financiera/2023/Mayo/B-2318-my2023.XLS,B-2318-my2023.XLS,C:\Users\Crystell\Desktop\FINANZAS\datos_crudos\X1_B2318_2024200485D\X1_B-2318_2024200485D_2023-05.xls,2bf6eb72da670337adf6cdc57a44795f2f73d7b8de6061fc833d9565f779b5d7,XLSX_ZIP,22,23,17,0,OK,196824965.527,196824965.52699995,5.960464477539063e-08,OK,132196867.822,132196867.822,0.0,2026-09-24T17:41:19-05:00,B-2318 extraído y validado; MN/ME emparejados solo dentro del mismo mes.
2023-06,DISPONIBLE,https://intranet2.sbs.gob.pe/estadistica/financiera/2023/Junio/B-2318-jn2023.XLS,B-2318-jn2023.XLS,C:\Users\Crystell\Desktop\FINANZAS\datos_crudos\X1_B2318_2024200485D\X1_B-2318_2024200485D_2023-06.xls,33756bb0866cef528f179246fb53bd367cab30aeaaaac5007c49bc600d7d4b63,XLSX_ZIP,22,23,17,0,OK,195673203.947,195673203.94699997,2.9802322387695312e-08,OK,129117205.107,129117205.10700001,1.4901161193847656e-08,2026-09-24T17:41:23-05:00,B-2318 extraído y validado; MN/ME emparejados solo dentro del mismo mes.
2023-07,DISPONIBLE,https://intranet2.sbs.gob.pe/estadistica/financiera/2023/Julio/B-2318-jl2023.XLS,B-2318-jl2023.XLS,C:\Users\Crystell\Desktop\FINANZAS\datos_crudos\X1_B2318_2024200485D\X1_B-2318_2024200485D_2023-07.xls,975c04cadfc56a2c19fa90b49dd8be55313db62969ccf94e7895e751963a39af,XLSX_ZIP,22,23,17,0,OK,199158564.99,199158564.98999998,2.9802322387695312e-08,OK,128357249.383,128357249.38300002,1.4901161193847656e-08,2026-09-24T17:41:26-05:00,B-2318 extraído y validado; MN/ME emparejados solo dentro del mismo mes.
2023-08,DISPONIBLE,https://intranet2.sbs.gob.pe/estadistica/financiera/2023/Agosto/B-2318-ag2023.XLS,B-2318-ag2023.XLS,C:\Users\Crystell\Desktop\FINANZAS\datos_crudos\X1_B2318_2024200485D\X1_B-2318_2024200485D_2023-08.xls,da88eaaf458b356f0e689aef1f2f18798e1c2244d35fbabf99b5a619af55f02e,XLSX_ZIP,22,23,17,0,OK,200324656.84,200324656.84000003,2.9802322387695312e-08,OK,130061395.724,130061395.72400002,1.4901161193847656e-08,2026-09-24T17:41:29-05:00,B-2318 extraído y validado; MN/ME emparejados solo dentro del mismo mes.
2023-09,DISPONIBLE,https://intranet2.sbs.gob.pe/estadistica/financiera/2023/Setiembre/B-2318-se2023.XLS,B-2318-se2023.XLS,C:\Users\Crystell\Desktop\FINANZAS\datos_crudos\X1_B2318_2024200485D\X1_B-2318_2024200485D_2023-09.xls,d8690eeae34f627847fe49a6acfb26a9c50046d188d3dc638e8b2832b6960744,XLSX_ZIP,22,23,17,0,OK,199214971.45,199214971.45,0.0,OK,131696180.97,131696180.96999998,1.4901161193847656e-08,2026-09-24T17:41:32-05:00,B-2318 extraído y validado; MN/ME emparejados solo dentro del mismo mes.
2023-10,DISPONIBLE,https://intranet2.sbs.gob.pe/estadistica/financiera/2023/Octubre/B-2318-oc2023.XLS,B-2318-oc2023.XLS,C:\Users\Crystell\Desktop\FINANZAS\datos_crudos\X1_B2318_2024200485D\X1_B-2318_2024200485D_2023-10.xls,08f9a5c39b9f81f46a10db9211d09464b8cd0ac5f8d8dae7a7fa9010a10a3694,XLSX_ZIP,22,23,17,0,OK,200416824.94799998,200416824.94799998,0.0,OK,134883359.99199998,134883359.99199998,0.0,2026-09-24T17:41:35-05:00,B-2318 extraído y validado; MN/ME emparejados solo dentro del mismo mes.
2023-11,DISPONIBLE,https://intranet2.sbs.gob.pe/estadistica/financiera/2023/Noviembre/B-2318-no2023.XLS,B-2318-no2023.XLS,C:\Users\Crystell\Desktop\FINANZAS\datos_crudos\X1_B2318_2024200485D\X1_B-2318_2024200485D_2023-11.xls,982e9472845a06ed10c1e98978aa6232a13af9b273ad1524959512199f819b55,XLSX_ZIP,22,23,17,0,OK,201436565.111,201436565.11099994,5.960464477539063e-08,OK,132468170.93,132468170.93,0.0,2026-09-24T17:41:38-05:00,B-2318 extraído y validado; MN/ME emparejados solo dentro del mismo mes.
2023-12,DISPONIBLE,https://intranet2.sbs.gob.pe/estadistica/financiera/2023/Diciembre/B-2318-di2023.XLS,B-2318-di2023.XLS,C:\Users\Crystell\Desktop\FINANZAS\datos_crudos\X1_B2318_2024200485D\X1_B-2318_2024200485D_2023-12.xls,5cb49f2b36a58ab653fcd5bc533f4a3570e75644a3c177585faad479e8cd730b,XLSX_ZIP,22,23,17,0,OK,204192151.273,204192151.273,0.0,OK,131058782.589,131058782.58899999,1.4901161193847656e-08,2026-09-24T17:41:41-05:00,B-2318 extraído y validado; MN/ME emparejados solo dentro del mismo mes.
2024-01,DISPONIBLE,https://intranet2.sbs.gob.pe/estadistica/financiera/2024/Enero/B-2318-en2024.XLS,B-2318-en2024.XLS,C:\Users\Crystell\Desktop\FINANZAS\datos_crudos\X1_B2318_2024200485D\X1_B-2318_2024200485D_2024-01.xls,d249132b72481b1e3910dd39232ec62213d451a75e0d56a6bbb063fbb14cc03e,XLSX_ZIP,22,23,17,0,OK,205169941.79500002,205169941.79500002,0.0,OK,135274058.12,135274058.11999997,2.9802322387695312e-08,2026-09-24T17:41:45-05:00,B-2318 extraído y validado; MN/ME emparejados solo dentro del mismo mes.
2024-02,DISPONIBLE,https://intranet2.sbs.gob.pe/estadistica/financiera/2024/Febrero/B-2318-fe2024.XLS,B-2318-fe2024.XLS,C:\Users\Crystell\Desktop\FINANZAS\datos_crudos\X1_B2318_2024200485D\X1_B-2318_2024200485D_2024-02.xls,09898a0d2a828913f987e84938ccb279bee2ee885d93459aada78b2384b0880b,XLSX_ZIP,22,23,17,0,OK,204329364.699,204329364.699,0.0,OK,136098128.931,136098128.93099996,2.9802322387695312e-08,2026-09-24T17:41:48-05:00,B-2318 extraído y validado; MN/ME emparejados solo dentro del mismo mes.
2024-03,DISPONIBLE,https://intranet2.sbs.gob.pe/estadistica/financiera/2024/Marzo/B-2318-ma2024.XLS,B-2318-ma2024.XLS,C:\Users\Crystell\Desktop\FINANZAS\datos_crudos\X1_B2318_2024200485D\X1_B-2318_2024200485D_2024-03.xls,aac53908c03e76aa76ff9dcfa512c273c6e7250ad759e0a9967b37a47b227739,XLSX_ZIP,22,23,17,0,OK,204084938.407,204084938.40699995,5.960464477539063e-08,OK,142806957.335,142806957.335,0.0,2026-09-24T17:41:51-05:00,B-2318 extraído y validado; MN/ME emparejados solo dentro del mismo mes.
2024-04,DISPONIBLE,https://intranet2.sbs.gob.pe/estadistica/financiera/2024/Abril/B-2318-ab2024.XLS,B-2318-ab2024.XLS,C:\Users\Crystell\Desktop\FINANZAS\datos_crudos\X1_B2318_2024200485D\X1_B-2318_2024200485D_2024-04.xls,b9ceb7e6961c9300985e0461d44aad71e9a3193aac38bdfb17453fa9f1741aac,XLSX_ZIP,22,23,17,0,OK,205317310.78,205317310.78,0.0,OK,140767901.811,140767901.811,0.0,2026-09-24T17:41:55-05:00,B-2318 extraído y validado; MN/ME emparejados solo dentro del mismo mes.
2024-05,DISPONIBLE,https://intranet2.sbs.gob.pe/estadistica/financiera/2024/Mayo/B-2318-my2024.XLS,B-2318-my2024.XLS,C:\Users\Crystell\Desktop\FINANZAS\datos_crudos\X1_B2318_2024200485D\X1_B-2318_2024200485D_2024-05.xls,fbcad8271c6c7a2d42e37121a6a330506af1b911c48c12c8cd9170ba4b119538,XLSX_ZIP,22,23,17,0,OK,210338119.246,210338119.246,0.0,OK,135895612.922,135895612.922,0.0,2026-09-24T17:41:58-05:00,B-2318 extraído y validado; MN/ME emparejados solo dentro del mismo mes.
2024-06,DISPONIBLE,https://intranet2.sbs.gob.pe/estadistica/financiera/2024/Junio/B-2318-jn2024.XLS,B-2318-jn2024.XLS,C:\Users\Crystell\Desktop\FINANZAS\datos_crudos\X1_B2318_2024200485D\X1_B-2318_2024200485D_2024-06.xls,f9d22f7186d9e308f1001835824b6acf23dbfeb4b959efd44c2cc844c58e4b2e,XLSX_ZIP,22,23,17,0,OK,215090383.342,215090383.34199998,2.9802322387695312e-08,OK,136662893.805,136662893.80499995,5.960464477539063e-08,2026-09-24T17:42:01-05:00,B-2318 extraído y validado; MN/ME emparejados solo dentro del mismo mes.
2024-07,DISPONIBLE,https://intranet2.sbs.gob.pe/estadistica/financiera/2024/Julio/B-2318-jl2024.XLS,B-2318-jl2024.XLS,C:\Users\Crystell\Desktop\FINANZAS\datos_crudos\X1_B2318_2024200485D\X1_B-2318_2024200485D_2024-07.xls,786eb34e468656781cab7cd9fe11bbccfebd02fa46b10e393722d344c3747a48,XLSX_ZIP,22,23,17,0,OK,217216198.08,217216198.07999995,5.960464477539063e-08,OK,136367412.68400002,136367412.68400005,2.9802322387695312e-08,2026-09-24T17:42:04-05:00,B-2318 extraído y validado; MN/ME emparejados solo dentro del mismo mes.
2024-08,DISPONIBLE,https://intranet2.sbs.gob.pe/estadistica/financiera/2024/Agosto/B-2318-ag2024.XLS,B-2318-ag2024.XLS,C:\Users\Crystell\Desktop\FINANZAS\datos_crudos\X1_B2318_2024200485D\X1_B-2318_2024200485D_2024-08.xls,b1fd7b08a69e1ebf5b29c0f952ba214d8906d1ecf64ba252aa48b4e5e35fe647,XLSX_ZIP,22,23,17,0,OK,220201101.863,220201101.863,0.0,OK,141323611.403,141323611.403,0.0,2026-09-24T17:42:07-05:00,B-2318 extraído y validado; MN/ME emparejados solo dentro del mismo mes.
2024-09,DISPONIBLE,https://intranet2.sbs.gob.pe/estadistica/financiera/2024/Setiembre/B-2318-se2024.XLS,B-2318-se2024.XLS,C:\Users\Crystell\Desktop\FINANZAS\datos_crudos\X1_B2318_2024200485D\X1_B-2318_2024200485D_2024-09.xls,71e34027b560d3b5aac608ed3febdd16b582f43380b2b3aa4f87385153cdb7d3,XLSX_ZIP,22,23,17,0,OK,221388693.772,221388693.772,0.0,OK,142028008.449,142028008.449,0.0,2026-09-24T17:42:10-05:00,B-2318 extraído y validado; MN/ME emparejados solo dentro del mismo mes.
2024-10,DISPONIBLE,https://intranet2.sbs.gob.pe/estadistica/financiera/2024/Octubre/B-2318-oc2024.XLS,B-2318-oc2024.XLS,C:\Users\Crystell\Desktop\FINANZAS\datos_crudos\X1_B2318_2024200485D\X1_B-2318_2024200485D_2024-10.xls,30d66b9287a9b1ca76f6057a404052066f6477f13cc8f51a4e6aa7536314889b,XLSX_ZIP,22,23,17,0,OK,224830359.686,224830359.68600005,5.960464477539063e-08,OK,145598642.872,145598642.872,0.0,2026-09-24T17:42:14-05:00,B-2318 extraído y validado; MN/ME emparejados solo dentro del mismo mes.
2024-11,DISPONIBLE,https://intranet2.sbs.gob.pe/estadistica/financiera/2024/Noviembre/B-2318-no2024.XLS,B-2318-no2024.XLS,C:\Users\Crystell\Desktop\FINANZAS\datos_crudos\X1_B2318_2024200485D\X1_B-2318_2024200485D_2024-11.xls,d73e066d4915736b63cdc48b79f1e72f2a44322317254e9ca1c61afd5a5c77d2,XLSX_ZIP,22,23,17,0,OK,223428997.874,223428997.8740001,8.940696716308594e-08,OK,144297061.446,144297061.446,0.0,2026-09-24T17:42:17-05:00,B-2318 extraído y validado; MN/ME emparejados solo dentro del mismo mes.
2024-12,DISPONIBLE,https://intranet2.sbs.gob.pe/estadistica/financiera/2024/Diciembre/B-2318-di2024.XLS,B-2318-di2024.XLS,C:\Users\Crystell\Desktop\FINANZAS\datos_crudos\X1_B2318_2024200485D\X1_B-2318_2024200485D_2024-12.xls,a8cbaf1ba4a6c7e793cd2900f5ef6e11edf1f2a16502bf576f53adf9b72223e3,XLSX_ZIP,22,23,17,0,OK,227540613.859,227540613.859,0.0,OK,144899433.122,144899433.12199998,2.9802322387695312e-08,2026-09-24T17:42:20-05:00,B-2318 extraído y validado; MN/ME emparejados solo dentro del mismo mes.
2025-01,DISPONIBLE,https://intranet2.sbs.gob.pe/estadistica/financiera/2025/Enero/B-2318-en2025.XLS,B-2318-en2025.XLS,C:\Users\Crystell\Desktop\FINANZAS\datos_crudos\X1_B2318_2024200485D\X1_B-2318_2024200485D_2025-01.xls,dc9c1a0d5f3839533b9041819d72dc6d638145ab67267edbbab287d2cbd669d8,XLSX_ZIP,22,23,18,0,OK,229201561.204,229201561.20400003,2.9802322387695312e-08,OK,145934712.384,145934712.384,0.0,2026-09-24T17:42:23-05:00,B-2318 extraído y validado; MN/ME emparejados solo dentro del mismo mes.
2025-02,DISPONIBLE,https://intranet2.sbs.gob.pe/estadistica/financiera/2025/Febrero/B-2318-fe2025.XLS,B-2318-fe2025.XLS,C:\Users\Crystell\Desktop\FINANZAS\datos_crudos\X1_B2318_2024200485D\X1_B-2318_2024200485D_2025-02.xls,8422b5793cfaa5f7915147e5c2170c4a594393da75f4467320527fea23bbcde5,XLSX_ZIP,22,23,18,0,OK,229190399.437,229190399.43699998,2.9802322387695312e-08,OK,146338339.14900002,146338339.149,2.9802322387695312e-08,2026-09-24T17:42:26-05:00,B-2318 extraído y validado; MN/ME emparejados solo dentro del mismo mes.
2025-03,DISPONIBLE,https://intranet2.sbs.gob.pe/estadistica/financiera/2025/Marzo/B-2318-ma2025.XLS,B-2318-ma2025.XLS,C:\Users\Crystell\Desktop\FINANZAS\datos_crudos\X1_B2318_2024200485D\X1_B-2318_2024200485D_2025-03.xls,1c65954edaaf8a803ae74fca285b325e12591ba80da4dfff651799ea1b81c43f,XLSX_ZIP,22,23,18,0,OK,228704614.85799998,228704614.858,2.9802322387695312e-08,OK,144994791.313,144994791.31299996,2.9802322387695312e-08,2026-09-24T17:42:29-05:00,B-2318 extraído y validado; MN/ME emparejados solo dentro del mismo mes.
2025-04,DISPONIBLE,https://intranet2.sbs.gob.pe/estadistica/financiera/2025/Abril/B-2318-ab2025.XLS,B-2318-ab2025.XLS,C:\Users\Crystell\Desktop\FINANZAS\datos_crudos\X1_B2318_2024200485D\X1_B-2318_2024200485D_2025-04.xls,7e5d681f0a7ba9399eab9e9f3bcb7d8fbec1c5256e2e15ba87bf5525c5d44982,XLSX_ZIP,22,23,18,0,OK,226897333.312,226897333.31200004,2.9802322387695312e-08,OK,145709616.481,145709616.48100004,2.9802322387695312e-08,2026-09-24T17:42:33-05:00,B-2318 extraído y validado; MN/ME emparejados solo dentro del mismo mes.
2025-05,DISPONIBLE,https://intranet2.sbs.gob.pe/estadistica/financiera/2025/Mayo/B-2318-my2025.XLS,B-2318-my2025.XLS,C:\Users\Crystell\Desktop\FINANZAS\datos_crudos\X1_B2318_2024200485D\X1_B-2318_2024200485D_2025-05.xls,69ac7a4e258e43d31c195ba9229efe53c1c3ff5c0a934737890be5590f60849e,XLSX_ZIP,22,23,18,0,OK,234229792.804,234229792.804,0.0,OK,144394329.841,144394329.841,0.0,2026-09-24T17:42:36-05:00,B-2318 extraído y validado; MN/ME emparejados solo dentro del mismo mes.
2025-06,DISPONIBLE,https://intranet2.sbs.gob.pe/estadistica/financiera/2025/Junio/B-2318-jn2025.XLS,B-2318-jn2025.XLS,C:\Users\Crystell\Desktop\FINANZAS\datos_crudos\X1_B2318_2024200485D\X1_B-2318_2024200485D_2025-06.xls,3f26a19c9bae6ac09f13d1e5f20e5aee4d7c94e7b2a27fade8e78a03c33ca50b,XLSX_ZIP,22,23,19,0,OK,229636862.553,229636862.553,0.0,OK,144106151.483,144106151.48299998,2.9802322387695312e-08,2026-09-24T17:42:39-05:00,B-2318 extraído y validado; MN/ME emparejados solo dentro del mismo mes.
2025-07,DISPONIBLE,https://intranet2.sbs.gob.pe/estadistica/financiera/2025/Julio/B-2318-jl2025.XLS,B-2318-jl2025.XLS,C:\Users\Crystell\Desktop\FINANZAS\datos_crudos\X1_B2318_2024200485D\X1_B-2318_2024200485D_2025-07.xls,6a0906f837270dfb27c934a72b92d7ce1d0b38e6a30c6423efccd2cf87d43c88,XLSX_ZIP,22,23,19,0,OK,233109572.956,233109572.95599994,5.960464477539063e-08,OK,144994064.942,144994064.942,0.0,2026-09-24T17:42:42-05:00,B-2318 extraído y validado; MN/ME emparejados solo dentro del mismo mes.
2025-08,DISPONIBLE,https://intranet2.sbs.gob.pe/estadistica/financiera/2025/Agosto/B-2318-ag2025.XLS,B-2318-ag2025.XLS,C:\Users\Crystell\Desktop\FINANZAS\datos_crudos\X1_B2318_2024200485D\X1_B-2318_2024200485D_2025-08.xls,a2b0bb1ed8caac43f1c3afd4f70b445e95310050e08517e50a6f3da194d7249f,XLSX_ZIP,22,23,19,0,OK,232689743.979,232689743.979,0.0,OK,142212365.789,142212365.789,0.0,2026-09-24T17:42:45-05:00,B-2318 extraído y validado; MN/ME emparejados solo dentro del mismo mes.
2025-09,DISPONIBLE,https://intranet2.sbs.gob.pe/estadistica/financiera/2025/Setiembre/B-2318-se2025.XLS,B-2318-se2025.XLS,C:\Users\Crystell\Desktop\FINANZAS\datos_crudos\X1_B2318_2024200485D\X1_B-2318_2024200485D_2025-09.xls,53bc0491030d4ebeec79e67fd8bfd662b4185b8f99f8251b1c37466be41a3123,XLSX_ZIP,22,23,19,0,OK,232689213.738,232689213.73800004,2.9802322387695312e-08,OK,143853827.47800002,143853827.47799996,5.960464477539063e-08,2026-09-24T17:42:48-05:00,B-2318 extraído y validado; MN/ME emparejados solo dentro del mismo mes.
2025-10,DISPONIBLE,https://intranet2.sbs.gob.pe/estadistica/financiera/2025/Octubre/B-2318-oc2025.XLS,B-2318-oc2025.XLS,C:\Users\Crystell\Desktop\FINANZAS\datos_crudos\X1_B2318_2024200485D\X1_B-2318_2024200485D_2025-10.xls,ccb25b2399ec21ac4856d6549d66c7a20f11b7d5ff326d231ea9a9867314c26a,XLSX_ZIP,22,23,19,0,OK,234408400.56,234408400.56000003,2.9802322387695312e-08,OK,141744944.05,141744944.05,0.0,2026-09-24T17:42:51-05:00,B-2318 extraído y validado; MN/ME emparejados solo dentro del mismo mes.
2025-11,DISPONIBLE,https://intranet2.sbs.gob.pe/estadistica/financiera/2025/Noviembre/B-2318-no2025.XLS,B-2318-no2025.XLS,C:\Users\Crystell\Desktop\FINANZAS\datos_crudos\X1_B2318_2024200485D\X1_B-2318_2024200485D_2025-11.xls,49678f66c9a5f314ae3e0c62f2cb523e30b8c2384b57aece676c8f5980fc44ed,XLSX_ZIP,22,23,19,0,OK,241749429.617,241749429.617,0.0,OK,139915007.975,139915007.97500002,2.9802322387695312e-08,2026-09-24T17:42:55-05:00,B-2318 extraído y validado; MN/ME emparejados solo dentro del mismo mes.
2025-12,DISPONIBLE,https://intranet2.sbs.gob.pe/estadistica/financiera/2025/Diciembre/B-2318-di2025.XLS,B-2318-di2025.XLS,C:\Users\Crystell\Desktop\FINANZAS\datos_crudos\X1_B2318_2024200485D\X1_B-2318_2024200485D_2025-12.xls,6b68da2a738a606781c0e3c4ba5f91131a61cd21bfb7ea723ad0c785b77c342a,XLSX_ZIP,22,23,19,0,OK,255366276.325,255366276.325,0.0,OK,139182827.574,139182827.574,0.0,2026-09-24T17:42:58-05:00,B-2318 extraído y validado; MN/ME emparejados solo dentro del mismo mes.
