mes,fecha_calendario_final,fecha_sbs,dias_retrocedidos,estado,cantidad_bancos,cantidad_faltantes_bancos,promedio,html_sha256,fecha_hora_extraccion,detalle
2015-11,30/11/2015,30/11/2015,0,DISPONIBLE,17,4,42.92,72cca249ebb1e533c191e49ff2a9cec51a8cf5449df799713a23d2785bf52341,2026-09-23T23:46:33-05:00,Consumo mapeado geométricamente; fila=38; headers=18; valores=18.
2015-12,31/12/2015,31/12/2015,0,DISPONIBLE,17,4,44.03,78dbf5834f8ee31e873e92f5332000858ae4f53bb1e30f59968ce0fa55897fbe,2026-09-23T23:46:46-05:00,Consumo mapeado geométricamente; fila=38; headers=18; valores=18.
2016-01,31/01/2016,29/01/2016,2,DISPONIBLE,17,4,44.40,920ef6d8ad55789ea80c81905d3135db391e08d4cfaafa72093b2600a23d7b94,2026-09-23T23:47:12-05:00,Consumo mapeado geométricamente; fila=38; headers=18; valores=18.
2016-02,29/02/2016,29/02/2016,0,DISPONIBLE,17,4,42.79,0972dbb0c53c5ef3c93dcee5ee6cba3d49352d33af61eba262267c4bca343b26,2026-09-23T23:47:23-05:00,Consumo mapeado geométricamente; fila=38; headers=18; valores=18.
2016-03,31/03/2016,31/03/2016,0,DISPONIBLE,17,4,42.92,6ae1f353b4e8d8453f139efc8aaaeadcd5fb6f3ed88eee9cebd424a2f316959c,2026-09-23T23:47:34-05:00,Consumo mapeado geométricamente; fila=38; headers=18; valores=18.
2016-04,30/04/2016,29/04/2016,1,DISPONIBLE,17,4,42.36,d736c50fb16dfc8b82c5ba9665c77367f81168a9ca1c347ddb480b3fba55d06c,2026-09-23T23:47:52-05:00,Consumo mapeado geométricamente; fila=38; headers=18; valores=18.
2016-05,31/05/2016,31/05/2016,0,DISPONIBLE,17,4,42.72,c0bb0c6dc47cf895ffe26cec28f3f82f1ef218cc7af0ca3653725acfc7c68e9a,2026-09-23T23:48:03-05:00,Consumo mapeado geométricamente; fila=38; headers=18; valores=18.
2016-06,30/06/2016,30/06/2016,0,DISPONIBLE,17,4,43.59,dbfa26886424e5b9770f0cdbcfea40ecc289f7e2315757afcbf8d1bfebbe22ac,2026-09-23T23:48:14-05:00,Consumo mapeado geométricamente; fila=38; headers=18; valores=18.
2016-07,31/07/2016,27/07/2016,4,DISPONIBLE,16,4,43.97,7c88816a38f278ae33b372aba9e2f3c718e7e8fe8fd91a44286ea4e2b67f832f,2026-09-23T23:48:57-05:00,Consumo mapeado geométricamente; fila=38; headers=17; valores=17.
2016-08,31/08/2016,31/08/2016,0,DISPONIBLE,16,3,44.24,4207d0b8489c4ea27f38701bc7c407bba01db8c97c6f54f9319a2ead9e4f5d10,2026-09-23T23:49:08-05:00,Consumo mapeado geométricamente; fila=38; headers=17; valores=17.
2016-09,30/09/2016,30/09/2016,0,DISPONIBLE,16,3,44.01,382c826d946dd1d0f97134c2d283954b9b4d81051a1dad6bc2438aaffd18b577,2026-09-23T23:49:19-05:00,Consumo mapeado geométricamente; fila=38; headers=17; valores=17.
2016-10,31/10/2016,31/10/2016,0,DISPONIBLE,16,3,45.16,1e7d6d7fd3fcc1938403d1d93e41ac28de002ed58af223f0f538f949961daa9e,2026-09-23T23:49:30-05:00,Consumo mapeado geométricamente; fila=38; headers=17; valores=17.
2016-11,30/11/2016,30/11/2016,0,DISPONIBLE,16,3,45.64,9efd96eeea45d13817bd592a861381774d781e888fb19df980656598453d0a43,2026-09-23T23:49:41-05:00,Consumo mapeado geométricamente; fila=38; headers=17; valores=17.
2016-12,31/12/2016,30/12/2016,1,DISPONIBLE,16,3,46.77,b91357bea1900410e91d340fdf34358d7639f609c614d750ab6c04c879d11713,2026-09-23T23:50:00-05:00,Consumo mapeado geométricamente; fila=38; headers=17; valores=17.
2017-01,31/01/2017,31/01/2017,0,DISPONIBLE,16,3,46.38,54a6d7d9c60b358cd2c70ede6d5bca1ac954b229aaea23c42f82a5b051de82cb,2026-09-23T23:50:11-05:00,Consumo mapeado geométricamente; fila=38; headers=17; valores=17.
2017-02,28/02/2017,28/02/2017,0,DISPONIBLE,16,3,44.84,d3ac3dada792f2f002ead4fd119b2f0028796396c8a5656189aa3ecd41b2b878,2026-09-23T23:50:22-05:00,Consumo mapeado geométricamente; fila=38; headers=17; valores=17.
2017-03,31/03/2017,31/03/2017,0,DISPONIBLE,16,4,45.24,56d7de5df0d93b8dfc66134fc8d749751d31f8db1fb02466b7f13ed8e85b7226,2026-09-23T23:50:33-05:00,Consumo mapeado geométricamente; fila=38; headers=17; valores=17.
2017-04,30/04/2017,28/04/2017,2,DISPONIBLE,16,3,45.81,42d4c4084d6ba878154985430eaa0834a6bcdbc2ac9e22ca75acdead567ff96c,2026-09-23T23:51:00-05:00,Consumo mapeado geométricamente; fila=38; headers=17; valores=17.
2017-05,31/05/2017,31/05/2017,0,DISPONIBLE,16,3,46.32,f0ba235cd8b6a6cc783abd562550eb68fb65ee48b8a32b751b5102c5833a8af6,2026-09-23T23:51:10-05:00,Consumo mapeado geométricamente; fila=38; headers=17; valores=17.
2017-06,30/06/2017,28/06/2017,2,DISPONIBLE,16,3,45.64,a1cb8410fa9399cc8a79bbc06f50c27e77288ed9153ce60b7915a2f1590db88f,2026-09-23T23:51:38-05:00,Consumo mapeado geométricamente; fila=38; headers=17; valores=17.
2017-07,31/07/2017,31/07/2017,0,DISPONIBLE,16,3,47.53,378a558301fe8af92b761b7b9b1473f60ac57e04d99beefbce00b02221f13a87,2026-09-23T23:51:50-05:00,Consumo mapeado geométricamente; fila=38; headers=17; valores=17.
2017-08,31/08/2017,31/08/2017,0,DISPONIBLE,16,3,48.41,6c7c916de6bbfda7c102c06890822848f547aa297ea586bf36475112c4019cc0,2026-09-23T23:52:01-05:00,Consumo mapeado geométricamente; fila=38; headers=17; valores=17.
2017-09,30/09/2017,29/09/2017,1,DISPONIBLE,16,3,48.36,64d2b6651f8767cf691a642e023abc07de9a92b07fbcb80f594792c057d9fe05,2026-09-23T23:52:21-05:00,Consumo mapeado geométricamente; fila=38; headers=17; valores=17.
2017-10,31/10/2017,31/10/2017,0,DISPONIBLE,16,3,47.71,63129bf366ab87ad8549357f509da73fccc26bd5504bc09751d854113dad3057,2026-09-23T23:52:32-05:00,Consumo mapeado geométricamente; fila=38; headers=17; valores=17.
2017-11,30/11/2017,30/11/2017,0,DISPONIBLE,16,3,47.04,2aaf0d20cf881bc529534af43da4af7e4193c5cd8e89c59bdc95af3716f23aa3,2026-09-23T23:52:43-05:00,Consumo mapeado geométricamente; fila=38; headers=17; valores=17.
2017-12,31/12/2017,29/12/2017,2,DISPONIBLE,16,3,48.56,f2c9986a206d1df4eb06eb0e5f6a54745e26201374cf448d03787f05f8195b9f,2026-09-23T23:53:11-05:00,Consumo mapeado geométricamente; fila=38; headers=17; valores=17.
2018-01,31/01/2018,31/01/2018,0,DISPONIBLE,16,3,48.45,f94ec254fd099e4d01a1525eefda6433e59005fd146704bdd154d70a84580ff1,2026-09-23T23:53:23-05:00,Consumo mapeado geométricamente; fila=38; headers=17; valores=17.
2018-02,28/02/2018,28/02/2018,0,DISPONIBLE,16,3,45.59,52ced39ee2b9ad45f76854b98b9e8283075916700146a031390abf4993a70e2f,2026-09-23T23:53:34-05:00,Consumo mapeado geométricamente; fila=38; headers=17; valores=17.
2018-03,31/03/2018,28/03/2018,3,DISPONIBLE,16,3,43.94,e9bb7ed0021845f657d06c07caad74994b252b3fdb73115d3f2e1b32c50e806c,2026-09-23T23:54:10-05:00,Consumo mapeado geométricamente; fila=38; headers=17; valores=17.
2018-04,30/04/2018,30/04/2018,0,DISPONIBLE,16,3,41.49,c8b44c16061598583505c9d49a7db91ae11ef83d72f5c86d0621e2c785521dde,2026-09-23T23:54:21-05:00,Consumo mapeado geométricamente; fila=38; headers=17; valores=17.
2018-05,31/05/2018,31/05/2018,0,DISPONIBLE,16,3,41.59,ec06c8c371035623f61b6985515179156a029dfbaf2bb98166cddad2329211a3,2026-09-23T23:54:32-05:00,Consumo mapeado geométricamente; fila=38; headers=17; valores=17.
2018-06,30/06/2018,28/06/2018,2,DISPONIBLE,16,3,41.73,1cb22fb72dec882b98bdbe317299101a41cd21821fc6ea5b0cb85327f78e4373,2026-09-23T23:55:01-05:00,Consumo mapeado geométricamente; fila=38; headers=17; valores=17.
2018-07,31/07/2018,31/07/2018,0,DISPONIBLE,16,3,41.52,9e46c9f3d06833e6ddbec3f50d3e772417d502e8ad36aaf546862454c149a528,2026-09-23T23:55:13-05:00,Consumo mapeado geométricamente; fila=38; headers=17; valores=17.
2018-08,31/08/2018,29/08/2018,2,DISPONIBLE,16,3,41.31,9f4222b5b78318c8bdb73e954f74411027a5650b58248c5384af5a97290b8457,2026-09-23T23:55:40-05:00,Consumo mapeado geométricamente; fila=38; headers=17; valores=17.
2018-09,30/09/2018,28/09/2018,2,DISPONIBLE,16,3,41.09,0d5e8fab776e6bc0eae7ef994eeaf34bc1f446e6cd0430c58837c80f2ff5b151,2026-09-23T23:56:08-05:00,Consumo mapeado geométricamente; fila=38; headers=17; valores=17.
2018-10,31/10/2018,31/10/2018,0,DISPONIBLE,16,3,42.05,3f2011af7b105d138ef91484d30533c09cdc333588a1c4f866d6780104174c30,2026-09-23T23:56:19-05:00,Consumo mapeado geométricamente; fila=38; headers=17; valores=17.
2018-11,30/11/2018,30/11/2018,0,DISPONIBLE,16,3,43.60,f9c5cc458d850fbd6f1f90f558f1a8981ac9032ace90018f1de6c3b7aa6d587e,2026-09-23T23:56:30-05:00,Consumo mapeado geométricamente; fila=38; headers=17; valores=17.
2018-12,31/12/2018,31/12/2018,0,DISPONIBLE,16,3,44.94,38d81fb1118971103934258526a769cc43c6e4e9f49ed3a7d86c18e8e69219e0,2026-09-23T23:56:41-05:00,Consumo mapeado geométricamente; fila=38; headers=17; valores=17.
2019-01,31/01/2019,31/01/2019,0,DISPONIBLE,16,3,43.56,de7b28c510a45c30dea8c2111734a70e7cb6ddce0e01536581231d9bb204276b,2026-09-23T23:56:52-05:00,Consumo mapeado geométricamente; fila=38; headers=17; valores=17.
2019-02,28/02/2019,28/02/2019,0,DISPONIBLE,16,4,40.95,e9fd3e38c3570dc29f3d1c988e51fa9b42777b6231a5c537ca43664a1a64cec5,2026-09-23T23:57:04-05:00,Consumo mapeado geométricamente; fila=38; headers=17; valores=17.
2019-03,31/03/2019,29/03/2019,2,DISPONIBLE,15,3,40.82,e0d0a2ee69449dbb5e8e43013ff13886b4028aefd8d3086721df68fe84609738,2026-09-23T23:57:31-05:00,Consumo mapeado geométricamente; fila=38; headers=16; valores=16.
2019-04,30/04/2019,30/04/2019,0,DISPONIBLE,15,3,41.05,f9ecbc95ea792a13eac069e49f1bf3b383e077e772be801011f878e641413aed,2026-09-23T23:57:43-05:00,Consumo mapeado geométricamente; fila=38; headers=16; valores=16.
2019-05,31/05/2019,31/05/2019,0,DISPONIBLE,15,3,41.26,7756ea77e0a9499f184b68c4298676af14bc4430477e488aa795867f63e59f1d,2026-09-23T23:57:54-05:00,Consumo mapeado geométricamente; fila=38; headers=16; valores=16.
2019-06,30/06/2019,28/06/2019,2,DISPONIBLE,15,3,41.07,c7ce74a9052a1334eb05da539087448b5fd3fceb27c505a4854ce8f9f7082938,2026-09-23T23:58:21-05:00,Consumo mapeado geométricamente; fila=38; headers=16; valores=16.
2019-07,31/07/2019,31/07/2019,0,DISPONIBLE,15,3,40.55,277112313d62f3cf918f25f137b7f637fc008fcaa6cfaaf5e73690708a51ff5a,2026-09-23T23:58:33-05:00,Consumo mapeado geométricamente; fila=38; headers=16; valores=16.
2019-08,31/08/2019,28/08/2019,3,DISPONIBLE,15,3,40.52,32425aa921dcbf34451f9ed37ad4f1c334c4e7a451ef5e479887149f38cdc38b,2026-09-23T23:59:09-05:00,Consumo mapeado geométricamente; fila=38; headers=16; valores=16.
2019-09,30/09/2019,30/09/2019,0,DISPONIBLE,15,3,39.79,0a07f39a8810c6d73d65457922acd80747b81c423a0ae6798597c85b9e717fdb,2026-09-23T23:59:21-05:00,Consumo mapeado geométricamente; fila=38; headers=16; valores=16.
2019-10,31/10/2019,30/10/2019,1,DISPONIBLE,15,3,39.45,ee9d7c8863f1553602d4610238b30bfca06350e4711c1a3ec99b348c7ecea646,2026-09-23T23:59:40-05:00,Consumo mapeado geométricamente; fila=38; headers=16; valores=16.
2019-11,30/11/2019,29/11/2019,1,DISPONIBLE,15,3,39.61,08dae767c911029420f6f0170edf9346438c62227d9b69d3cb46c639c03d748c,2026-09-24T00:00:00-05:00,Consumo mapeado geométricamente; fila=38; headers=16; valores=16.
2019-12,31/12/2019,31/12/2019,0,DISPONIBLE,15,3,40.85,7e9af91bf9e863e4f79c1ed7ca69ff200e9ab88da870cf13b27bf11af541320e,2026-09-24T00:00:12-05:00,Consumo mapeado geométricamente; fila=38; headers=16; valores=16.
2020-01,31/01/2020,31/01/2020,0,DISPONIBLE,15,3,39.88,16dd9abb1aed39c412c0b63f5547b3061f153926122c1b5aa25a96b1f6efd3fe,2026-09-24T00:00:23-05:00,Consumo mapeado geométricamente; fila=38; headers=16; valores=16.
2020-02,29/02/2020,28/02/2020,1,DISPONIBLE,15,3,38.08,37c7cf8d0ce4a5c1a264c76e3c735df0cf4fdcf83558cdcd62637978b95aa179,2026-09-24T00:00:43-05:00,Consumo mapeado geométricamente; fila=38; headers=16; valores=16.
2020-03,31/03/2020,31/03/2020,0,DISPONIBLE,15,3,39.30,dfa5c238f07cfb2390ed5451548c5168b15d3280ea9afc977e39d78ef2b7efcd,2026-09-24T00:00:55-05:00,Consumo mapeado geométricamente; fila=38; headers=16; valores=16.
2020-04,30/04/2020,30/04/2020,0,DISPONIBLE,15,3,41.38,b07122ac4679b2a1ad8843096460d2f415d4c88435127f14af0aa81e5a5e7b85,2026-09-24T00:01:08-05:00,Consumo mapeado geométricamente; fila=38; headers=16; valores=16.
2020-05,31/05/2020,29/05/2020,2,DISPONIBLE,15,3,40.41,440e03ee8f7180a18b8af7ce318092118a1d08c78d2ca77cc787916cb9767174,2026-09-24T00:04:55-05:00,Consumo mapeado geométricamente; fila=38; headers=16; valores=16.
2020-06,30/06/2020,30/06/2020,0,DISPONIBLE,15,3,38.64,ebb8586059f1587dcc814f619a4d4d48e9746ba3d1da4d01d5cfeba6641bda12,2026-09-24T00:05:06-05:00,Consumo mapeado geométricamente; fila=38; headers=16; valores=16.
2020-07,31/07/2020,31/07/2020,0,DISPONIBLE,16,4,39.75,697e337d3e7ab0c9943d43807d7be237b4af910c476c4f972e2030f5d22ac818,2026-09-24T00:05:18-05:00,Consumo mapeado geométricamente; fila=38; headers=17; valores=17.
2020-08,31/08/2020,31/08/2020,0,DISPONIBLE,16,4,39.50,93d5e5e3e5f052bb95bc85dce3cc7e109653c3bd23a57355058b692cd3f2de69,2026-09-24T00:05:30-05:00,Consumo mapeado geométricamente; fila=38; headers=17; valores=17.
2020-09,30/09/2020,30/09/2020,0,DISPONIBLE,16,4,38.30,125c8dc5f0a6f64068fb88acedb558a00857d4713b46d5bcaf75d3e0e215914d,2026-09-24T00:05:41-05:00,Consumo mapeado geométricamente; fila=38; headers=17; valores=17.
2020-10,31/10/2020,30/10/2020,1,DISPONIBLE,16,4,37.51,150a96be0ab5796421f838a7ad981b91fcc36120d7200bdea7d27cb20522e5b8,2026-09-24T00:06:01-05:00,Consumo mapeado geométricamente; fila=38; headers=17; valores=17.
2020-11,30/11/2020,30/11/2020,0,DISPONIBLE,16,4,36.91,50259068681246b48f7f15aba6bba7e2dc2b0135e65bec9835c672d0ed1d15a0,2026-09-24T00:06:14-05:00,Consumo mapeado geométricamente; fila=38; headers=17; valores=17.
2020-12,31/12/2020,31/12/2020,0,DISPONIBLE,16,4,39.49,4247f6fb709cfd310c9ecbf059cb9306fcb17a9ffa66565d00c327c31d628fb3,2026-09-24T00:06:26-05:00,Consumo mapeado geométricamente; fila=38; headers=17; valores=17.
2021-01,31/01/2021,29/01/2021,2,DISPONIBLE,16,4,39.75,18fede07cd6fb00448cb3bdfa8c9fefc0af6e44c7586b84dc357b2291da80421,2026-09-24T00:06:56-05:00,Consumo mapeado geométricamente; fila=38; headers=17; valores=17.
2021-02,28/02/2021,26/02/2021,2,DISPONIBLE,16,5,38.51,30cd920dfb2222d2f4f5d56de6577bd374b3854165b4e72c82dfe3b7803b40b0,2026-09-24T00:07:24-05:00,Consumo mapeado geométricamente; fila=38; headers=17; valores=17.
2021-03,31/03/2021,31/03/2021,0,DISPONIBLE,16,4,38.60,dbf38923e7a0e5bde9f433f09331c02fbb1142f3b06a61920d6b1ddd70ba3de2,2026-09-24T00:07:35-05:00,Consumo mapeado geométricamente; fila=38; headers=17; valores=17.
2021-04,30/04/2021,30/04/2021,0,DISPONIBLE,16,4,38.42,9048369bda9110631292b5344eeb9ea006ab2d5a9c2ecbe3f1ef24119d7efb4d,2026-09-24T00:07:46-05:00,Consumo mapeado geométricamente; fila=38; headers=17; valores=17.
2021-05,31/05/2021,31/05/2021,0,DISPONIBLE,16,4,38.67,fdab0eed9e879247667fdd4973e473ac6d86c6285edefcab1ae1f036d0d59208,2026-09-24T00:07:57-05:00,Consumo mapeado geométricamente; fila=38; headers=17; valores=17.
2021-06,30/06/2021,30/06/2021,0,DISPONIBLE,16,4,38.71,f3e5d1bc3e5654b2c0740dd351ba7158ebc6948dbbaefbb014ae13aa5f330ee4,2026-09-24T00:08:09-05:00,Consumo mapeado geométricamente; fila=38; headers=17; valores=17.
2021-07,31/07/2021,30/07/2021,1,DISPONIBLE,16,4,39.51,8838098afb63a456fcd5e8c9920198e5aeece946d4abbc10547567d2ad524c4c,2026-09-24T00:08:28-05:00,Consumo mapeado geométricamente; fila=38; headers=17; valores=17.
2021-08,31/08/2021,31/08/2021,0,DISPONIBLE,16,4,39.56,9b06707e3a0e9b0d770c6c347205032b7e8ca1129ef1fa151fd5152740c3fc15,2026-09-24T00:08:39-05:00,Consumo mapeado geométricamente; fila=38; headers=17; valores=17.
2021-09,30/09/2021,30/09/2021,0,DISPONIBLE,16,4,38.79,67a434dfeca81baf3ee8835f2b5e8bf11b215363888ffc41ce6d86d43c904760,2026-09-24T00:08:51-05:00,Consumo mapeado geométricamente; fila=38; headers=17; valores=17.
2021-10,31/10/2021,29/10/2021,2,DISPONIBLE,16,4,39.31,211b476566c52caecf96ff7ff6c45f967a5b16510082dc5a7152d3dde7edc8b1,2026-09-24T00:09:19-05:00,Consumo mapeado geométricamente; fila=38; headers=17; valores=17.
2021-11,30/11/2021,30/11/2021,0,DISPONIBLE,16,5,40.72,2ca7e9b49ecf51e94ac2c8d4a794f32298025968b1e19efbfc929b0093a9facb,2026-09-24T00:09:31-05:00,Consumo mapeado geométricamente; fila=38; headers=17; valores=17.
2021-12,31/12/2021,31/12/2021,0,DISPONIBLE,16,4,41.81,6e42a455fc7db121539c5b8dd6afd586783fde4b3a81a21b9b218e6abac66747,2026-09-24T00:09:56-05:00,Consumo mapeado geométricamente; fila=38; headers=17; valores=17.
2022-01,31/01/2022,31/01/2022,0,DISPONIBLE,16,4,42.34,8fc18a991e565b903182725809d2cc31920a06001152baa323d8e114e0a395a7,2026-09-24T00:10:08-05:00,Consumo mapeado geométricamente; fila=38; headers=17; valores=17.
2022-02,28/02/2022,28/02/2022,0,DISPONIBLE,16,4,41.29,68a5f5aec65ad740a7c00023190924ba45a54a1df39148ddff300645854eeaa2,2026-09-24T00:10:20-05:00,Consumo mapeado geométricamente; fila=38; headers=17; valores=17.
2022-03,31/03/2022,31/03/2022,0,DISPONIBLE,16,4,42.37,48632348610d7fbcb342a05aeb88d9ac2624d652628181c4b38f7a8f59c1c452,2026-09-24T00:10:31-05:00,Consumo mapeado geométricamente; fila=38; headers=17; valores=17.
2022-04,30/04/2022,29/04/2022,1,DISPONIBLE,16,4,43.48,9f8b83c6ac42fac189c365325f9babf821653d60e448d8ea3ce26dbff0ecd2b7,2026-09-24T00:10:51-05:00,Consumo mapeado geométricamente; fila=38; headers=17; valores=17.
2022-05,31/05/2022,31/05/2022,0,DISPONIBLE,16,4,44.04,2deb18e015185531114d818675524935a6344ac499ee5bb0cbf2830efaf0de96,2026-09-24T00:11:02-05:00,Consumo mapeado geométricamente; fila=38; headers=17; valores=17.
2022-06,30/06/2022,30/06/2022,0,DISPONIBLE,16,4,44.57,af285fe2204b6693ab32899bf110e821e273781f1c46d9a1162aefce747d100a,2026-09-24T00:11:13-05:00,Consumo mapeado geométricamente; fila=38; headers=17; valores=17.
2022-07,31/07/2022,27/07/2022,4,DISPONIBLE,16,4,45.83,4958af35c5464fc13116b3cb7aa8ad669299176682b36176ad8d33385b89e26c,2026-09-24T00:11:58-05:00,Consumo mapeado geométricamente; fila=38; headers=17; valores=17.
2022-08,31/08/2022,31/08/2022,0,DISPONIBLE,17,5,47.02,105fb769b97787cebbc22f1addaee0532158c864725e3e76715df9ac86b244c9,2026-09-24T00:12:09-05:00,Consumo mapeado geométricamente; fila=38; headers=18; valores=18.
2022-09,30/09/2022,30/09/2022,0,DISPONIBLE,17,5,47.37,76afd26e7c11149ed4a1e3776262f1f4187b14ca4c7875081f199817aba5b4ba,2026-09-24T00:12:21-05:00,Consumo mapeado geométricamente; fila=38; headers=18; valores=18.
2022-10,31/10/2022,31/10/2022,0,DISPONIBLE,17,5,47.71,542a859f71e3102f9cd24ef3aca69777d7dc4b2e1f4584164c1ac34a22736e27,2026-09-24T00:12:32-05:00,Consumo mapeado geométricamente; fila=38; headers=18; valores=18.
2022-11,30/11/2022,30/11/2022,0,DISPONIBLE,17,5,48.40,35df2b39619d0c114b4f414656f9a650c03569396203382093e5e92ad1e0f986,2026-09-24T00:12:43-05:00,Consumo mapeado geométricamente; fila=38; headers=18; valores=18.
2022-12,31/12/2022,30/12/2022,1,DISPONIBLE,17,5,49.59,9b35fce39fbb78107a78d991921fd67318828d7ec5dd321d96d1e35bf3a99a6c,2026-09-24T00:13:03-05:00,Consumo mapeado geométricamente; fila=38; headers=18; valores=18.
2023-01,31/01/2023,31/01/2023,0,DISPONIBLE,17,5,49.60,a98da4d2dd452477b22f039fec7010fba92e90c23818315cd95279a7fc6bed9e,2026-09-24T00:13:15-05:00,Consumo mapeado geométricamente; fila=38; headers=18; valores=18.
2023-02,28/02/2023,28/02/2023,0,DISPONIBLE,17,5,49.38,c982270b400efa687db1c5bb613eb53e1b9319a603e391ff01e70dbd8d3d4188,2026-09-24T00:13:26-05:00,Consumo mapeado geométricamente; fila=38; headers=18; valores=18.
2023-03,31/03/2023,31/03/2023,0,DISPONIBLE,17,5,50.10,59538ed1a8e3040c634d8588e3c71da1550841085154993f437cf97ed29c9756,2026-09-24T00:13:37-05:00,Consumo mapeado geométricamente; fila=38; headers=18; valores=18.
2023-04,30/04/2023,28/04/2023,2,DISPONIBLE,17,5,51.02,4129fe3faf769973691b834b10481a6380cf91c813be68e2e3606c456cd7ce4b,2026-09-24T00:14:04-05:00,Consumo mapeado geométricamente; fila=38; headers=18; valores=18.
2023-05,31/05/2023,31/05/2023,0,DISPONIBLE,17,5,51.91,baff71432390b8091ed19973b77b2d3a9d1b9670c89cec347d9138564f6e348b,2026-09-24T00:14:16-05:00,Consumo mapeado geométricamente; fila=38; headers=18; valores=18.
2023-06,30/06/2023,30/06/2023,0,DISPONIBLE,17,5,52.33,6cfc6858c100198bd824023d91e93e08c7d51a102747096d3f9381d194884a2d,2026-09-24T00:14:28-05:00,Consumo mapeado geométricamente; fila=38; headers=18; valores=18.
2023-07,31/07/2023,31/07/2023,0,DISPONIBLE,17,5,53.67,5b158c2042446fc1f3bc1b507a28a6299e1e9eee9cea6f1471c7a2c0f066ad0e,2026-09-24T00:14:39-05:00,Consumo mapeado geométricamente; fila=38; headers=18; valores=18.
2023-08,31/08/2023,31/08/2023,0,DISPONIBLE,17,5,54.13,0ecb090ed7325f2dc6599ab5e07007667de23a34b2bc65bc832f9ea2022d70bb,2026-09-24T00:14:50-05:00,Consumo mapeado geométricamente; fila=38; headers=18; valores=18.
2023-09,30/09/2023,29/09/2023,1,DISPONIBLE,17,5,54.46,9a025a210af49edfcf70a03ce3fb2113aa282bc98bd1887668d2298a08e7619d,2026-09-24T00:15:10-05:00,Consumo mapeado geométricamente; fila=38; headers=18; valores=18.
2023-10,31/10/2023,31/10/2023,0,DISPONIBLE,17,4,55.00,de9118c28a2db9ecdcaa9953349eecf3becc47dd356589ac6748f874299e5737,2026-09-24T00:15:22-05:00,Consumo mapeado geométricamente; fila=38; headers=18; valores=18.
2023-11,30/11/2023,30/11/2023,0,DISPONIBLE,17,4,55.40,ab62ed3bc7283575e8c14a1f31e75115bb9ad908072c4deb4f5db3578d92d940,2026-09-24T00:15:33-05:00,Consumo mapeado geométricamente; fila=38; headers=18; valores=18.
2023-12,31/12/2023,29/12/2023,2,DISPONIBLE,17,4,56.89,44d1a777d29c9ceececd9046cce3725eb1890993b00702aaf246a08815ddf39a,2026-09-24T00:16:02-05:00,Consumo mapeado geométricamente; fila=38; headers=18; valores=18.
2024-01,31/01/2024,31/01/2024,0,DISPONIBLE,17,5,57.02,d1d203f1a13194ffc32ad056d7154313c2dcd69e2d5d8464fafb97c5faa1e007,2026-09-24T00:16:14-05:00,Consumo mapeado geométricamente; fila=38; headers=18; valores=18.
2024-02,29/02/2024,29/02/2024,0,DISPONIBLE,17,5,55.39,2a3e64d3b3b3cef825fefbd57315a85e37993756ce64a723c3338e302bc28988,2026-09-24T00:16:25-05:00,Consumo mapeado geométricamente; fila=38; headers=18; valores=18.
2024-03,31/03/2024,27/03/2024,4,DISPONIBLE,17,6,56.02,217fec32bebe84da2b9dc7c5cf9610c6d7a84003eda10ee713082dcac446f857,2026-09-24T00:17:11-05:00,Consumo mapeado geométricamente; fila=38; headers=18; valores=18.
2024-04,30/04/2024,30/04/2024,0,DISPONIBLE,17,5,57.02,dd128c9860fb5a3c996ac4f00cbef774822e192bca2bf628e60e8ded9711a46f,2026-09-24T00:17:23-05:00,Consumo mapeado geométricamente; fila=38; headers=18; valores=18.
2024-05,31/05/2024,31/05/2024,0,DISPONIBLE,17,5,58.05,c9e0406ed937068ad2d649b2cafbe8c450e327ca8793d35f4ca622dc57717fa1,2026-09-24T00:17:34-05:00,Consumo mapeado geométricamente; fila=38; headers=18; valores=18.
2024-06,30/06/2024,28/06/2024,2,DISPONIBLE,17,4,58.70,214e150d509fa3017f57b48bd11a7879c7dabbb99a40f653391070dd80e3db6b,2026-09-24T00:18:01-05:00,Consumo mapeado geométricamente; fila=38; headers=18; valores=18.
2024-07,31/07/2024,31/07/2024,0,DISPONIBLE,17,5,60.37,3c7d1dc0bd7be40b7a2282c1262ca0de4b537ae4a766713ec16995d7d5344deb,2026-09-24T00:18:13-05:00,Consumo mapeado geométricamente; fila=38; headers=18; valores=18.
2024-08,31/08/2024,31/08/2024,0,DISPONIBLE,17,5,59.34,eb3d47a1b56f093b5694ad83f9f1618f8f92d84758267be73ea1e76fbb40ec91,2026-09-24T00:18:23-05:00,Consumo mapeado geométricamente; fila=38; headers=18; valores=18.
2024-09,30/09/2024,30/09/2024,0,DISPONIBLE,17,5,56.45,c53975de82e5efcdb4747444cb399c3606725b6f6c6c8b7b4d3540493208dc15,2026-09-24T00:18:34-05:00,Consumo mapeado geométricamente; fila=38; headers=18; valores=18.
2024-10,31/10/2024,31/10/2024,0,DISPONIBLE,17,5,55.82,c12af487ef925b3785eabb23bea33bcfb7d379d32bf918c1e55d0b4e87bbfa3d,2026-09-24T00:18:45-05:00,Consumo mapeado geométricamente; fila=38; headers=18; valores=18.
2024-11,30/11/2024,29/11/2024,1,DISPONIBLE,17,5,57.21,1685e5a716cdaa4bcc30de83daa1ed091258a8802903f62dc7bddb50e5c17a5b,2026-09-24T00:19:05-05:00,Consumo mapeado geométricamente; fila=38; headers=18; valores=18.
2024-12,31/12/2024,30/12/2024,1,DISPONIBLE,17,5,59.89,9fc7e6ebcdb961cb5373dd46ec6011ffcb2f29eb092eedc62028972c8665aa45,2026-09-24T00:19:24-05:00,Consumo mapeado geométricamente; fila=38; headers=18; valores=18.
2025-01,31/01/2025,31/01/2025,0,DISPONIBLE,18,5,58.74,c8631036666ed6c63fe13740e7e2b64470277aa779dc637f8a758bce2fabd632,2026-09-24T00:19:36-05:00,Consumo mapeado geométricamente; fila=38; headers=19; valores=19.
2025-02,28/02/2025,28/02/2025,0,DISPONIBLE,18,5,56.83,bcffa6b20cff7572ad708e37272383244cc23b8c3f86566da906c2777051b908,2026-09-24T00:19:47-05:00,Consumo mapeado geométricamente; fila=38; headers=19; valores=19.
2025-03,31/03/2025,31/03/2025,0,DISPONIBLE,18,5,57.01,5a9bb06ad82b3c01b297a862adcb09af8a9bcc9abaf053423a72aa98a8550635,2026-09-24T00:19:59-05:00,Consumo mapeado geométricamente; fila=38; headers=19; valores=19.
2025-04,30/04/2025,30/04/2025,0,DISPONIBLE,18,5,58.44,01350d72b876085a3dae101adbe7b1af7cf0067421ca6d6966b710e057683e02,2026-09-24T00:20:10-05:00,Consumo mapeado geométricamente; fila=38; headers=19; valores=19.
2025-05,31/05/2025,30/05/2025,1,DISPONIBLE,18,5,59.15,91ee3a08647da2b2873c4ac4aea6c594d3c146f3dbf9862f698ee48a57e757f9,2026-09-24T00:20:30-05:00,Consumo mapeado geométricamente; fila=38; headers=19; valores=19.
2025-06,30/06/2025,30/06/2025,0,DISPONIBLE,19,5,56.99,e5d57c596dce910d308f04ed40d4204bb2fc84f7acfad732ee577f24a6aa41a6,2026-09-24T00:20:42-05:00,Consumo mapeado geométricamente; fila=38; headers=20; valores=20.
2025-07,31/07/2025,31/07/2025,0,DISPONIBLE,19,5,58.11,85c4a1a42df9d3c9b82107e2bb743544d3bd21b0b3eaead1cff9309487d06867,2026-09-24T00:20:54-05:00,Consumo mapeado geométricamente; fila=38; headers=20; valores=20.
2025-08,31/08/2025,29/08/2025,2,DISPONIBLE,19,5,57.57,7228dbb349b2e06ae8451f073abae249b5ebaf3ac492898118d5c67efb309f17,2026-09-24T00:21:23-05:00,Consumo mapeado geométricamente; fila=38; headers=20; valores=20.
2025-09,30/09/2025,30/09/2025,0,DISPONIBLE,19,5,55.60,daaee947261296b655f0bde2c3225ca4c8bcd7525506eaeee5424109e70e7d28,2026-09-24T00:21:34-05:00,Consumo mapeado geométricamente; fila=38; headers=20; valores=20.
2025-10,31/10/2025,31/10/2025,0,DISPONIBLE,19,5,56.71,921e2fd737fc7cbfbdad9bb8240e952fd29591388838facd3af0ca88b6a9fd88,2026-09-24T00:21:45-05:00,Consumo mapeado geométricamente; fila=38; headers=20; valores=20.
2025-11,30/11/2025,28/11/2025,2,DISPONIBLE,19,5,58.17,8f3c5ea40ba030a32e9fe12b92ea0121a00aa2e21b171077da8e64e26cec116d,2026-09-24T00:22:13-05:00,Consumo mapeado geométricamente; fila=38; headers=20; valores=20.
2025-12,31/12/2025,31/12/2025,0,DISPONIBLE,19,5,61.09,70d502aa941adae5d33d521de27eeacd66c218b85d602dd9972fa72513c0c83a,2026-09-24T00:22:25-05:00,Consumo mapeado geométricamente; fila=38; headers=20; valores=20.
