mes,fecha_calendario_final,fecha_sbs,dias_retrocedidos,cantidad_bancos,cantidad_faltantes_bancos,promedio,estado,html_sha256,fecha_hora_extraccion,detalle
2015-11,30/11/2015,30/11/2015,0,17,3,0.39,DISPONIBLE,507babe3d2a2f2dcb097d4d60d711297e580f35105da766f568d01431544a841,2026-09-24T13:01:50-05:00,tabla=ctl00_cphContent_rpgActualPrimTablaMn_OT; datazone=ctl00_cphContent_rpgActualPrimTablaMn_ctl00_DataZone_DT; nombres_valores=18; columna_ahorro=0
2015-12,31/12/2015,31/12/2015,0,17,3,0.39,DISPONIBLE,ca4a1b6b0992029203aa8942d94f570e53c73a9ed2b2de3693c2c15a88b3a348,2026-09-24T13:02:00-05:00,tabla=ctl00_cphContent_rpgActualPrimTablaMn_OT; datazone=ctl00_cphContent_rpgActualPrimTablaMn_ctl00_DataZone_DT; nombres_valores=18; columna_ahorro=0
2016-01,31/01/2016,29/01/2016,2,17,3,0.42,DISPONIBLE,88673bbab669c4d9259e34506f3522c3a7508130a573c23a99b6d4d6606cdfa7,2026-09-24T13:02:31-05:00,tabla=ctl00_cphContent_rpgActualPrimTablaMn_OT; datazone=ctl00_cphContent_rpgActualPrimTablaMn_ctl00_DataZone_DT; nombres_valores=18; columna_ahorro=0
2016-02,29/02/2016,29/02/2016,0,17,3,1.08,DISPONIBLE,7c7b96cb37cde3529b6a5a11e124833f515469d09af7d0a4a9f3c94900773cc1,2026-09-24T13:02:41-05:00,tabla=ctl00_cphContent_rpgActualPrimTablaMn_OT; datazone=ctl00_cphContent_rpgActualPrimTablaMn_ctl00_DataZone_DT; nombres_valores=18; columna_ahorro=0
2016-03,31/03/2016,31/03/2016,0,17,3,0.91,DISPONIBLE,a33a3cbe2cde8514bef9523a7d150510508959be113f200da926422ea3cb6a4d,2026-09-24T13:02:51-05:00,tabla=ctl00_cphContent_rpgActualPrimTablaMn_OT; datazone=ctl00_cphContent_rpgActualPrimTablaMn_ctl00_DataZone_DT; nombres_valores=18; columna_ahorro=0
2016-04,30/04/2016,29/04/2016,1,17,3,0.55,DISPONIBLE,b8b83ec2320352df0408e470cf662b565ce4599005f154e5c53ef263a363f63b,2026-09-24T13:03:10-05:00,tabla=ctl00_cphContent_rpgActualPrimTablaMn_OT; datazone=ctl00_cphContent_rpgActualPrimTablaMn_ctl00_DataZone_DT; nombres_valores=18; columna_ahorro=0
2016-05,31/05/2016,31/05/2016,0,17,3,0.52,DISPONIBLE,1768c69f6294d37a07015d289958485f62415ad8cddd686a963dac95a90ae241,2026-09-24T13:03:21-05:00,tabla=ctl00_cphContent_rpgActualPrimTablaMn_OT; datazone=ctl00_cphContent_rpgActualPrimTablaMn_ctl00_DataZone_DT; nombres_valores=18; columna_ahorro=0
2016-06,30/06/2016,30/06/2016,0,17,3,0.39,DISPONIBLE,57756414f5a4f5cb65f0e8dd416ea55df9bc0b3d6e650ee153fde1b08f1a9b7f,2026-09-24T13:03:32-05:00,tabla=ctl00_cphContent_rpgActualPrimTablaMn_OT; datazone=ctl00_cphContent_rpgActualPrimTablaMn_ctl00_DataZone_DT; nombres_valores=18; columna_ahorro=0
2016-07,31/07/2016,27/07/2016,4,16,2,0.35,DISPONIBLE,a770e704b80423a4f1f28a2619925c32bfbb83a9b5a9d3822f9eed939b671fd0,2026-09-24T13:04:22-05:00,tabla=ctl00_cphContent_rpgActualPrimTablaMn_OT; datazone=ctl00_cphContent_rpgActualPrimTablaMn_ctl00_DataZone_DT; nombres_valores=17; columna_ahorro=0
2016-08,31/08/2016,31/08/2016,0,16,2,0.48,DISPONIBLE,f7315d02a473593c584940f670293cfa60bf0ccd6fb46f729add09d5eeb10840,2026-09-24T13:04:34-05:00,tabla=ctl00_cphContent_rpgActualPrimTablaMn_OT; datazone=ctl00_cphContent_rpgActualPrimTablaMn_ctl00_DataZone_DT; nombres_valores=17; columna_ahorro=0
2016-09,30/09/2016,30/09/2016,0,16,2,0.44,DISPONIBLE,0af0bd2a1b88e860879710e7f1f6eb760cce801b9de51a44d5b4552888dc1085,2026-09-24T13:04:45-05:00,tabla=ctl00_cphContent_rpgActualPrimTablaMn_OT; datazone=ctl00_cphContent_rpgActualPrimTablaMn_ctl00_DataZone_DT; nombres_valores=17; columna_ahorro=0
2016-10,31/10/2016,31/10/2016,0,16,2,0.38,DISPONIBLE,6265a4ec3b568ad8a9f5eddf289b29dd4d0a8a4c637fa0aee168ea8b076f5615,2026-09-24T13:04:55-05:00,tabla=ctl00_cphContent_rpgActualPrimTablaMn_OT; datazone=ctl00_cphContent_rpgActualPrimTablaMn_ctl00_DataZone_DT; nombres_valores=17; columna_ahorro=0
2016-11,30/11/2016,30/11/2016,0,16,2,0.44,DISPONIBLE,a647de4137170d7ee66e200a0e267b4c1a1ca7ad4af38fe922a9c2cb710a0634,2026-09-24T13:05:05-05:00,tabla=ctl00_cphContent_rpgActualPrimTablaMn_OT; datazone=ctl00_cphContent_rpgActualPrimTablaMn_ctl00_DataZone_DT; nombres_valores=17; columna_ahorro=0
2016-12,31/12/2016,30/12/2016,1,16,2,0.43,DISPONIBLE,cc662b66d07f3c51542b3da4d60d555d4818efdeec6b09f689adb53336b9914e,2026-09-24T13:05:25-05:00,tabla=ctl00_cphContent_rpgActualPrimTablaMn_OT; datazone=ctl00_cphContent_rpgActualPrimTablaMn_ctl00_DataZone_DT; nombres_valores=17; columna_ahorro=0
2017-01,31/01/2017,31/01/2017,0,16,2,0.50,DISPONIBLE,782e9baaf2ee58f302b31a811b20addca1a885c5fecbd288f9cafc3fdcda967c,2026-09-24T13:05:36-05:00,tabla=ctl00_cphContent_rpgActualPrimTablaMn_OT; datazone=ctl00_cphContent_rpgActualPrimTablaMn_ctl00_DataZone_DT; nombres_valores=17; columna_ahorro=0
2017-02,28/02/2017,28/02/2017,0,16,3,0.46,DISPONIBLE,8ee72500b687c1e90504a4a9de61eb88bdacdc88ad210f19db10dc48b8d216bf,2026-09-24T13:05:46-05:00,tabla=ctl00_cphContent_rpgActualPrimTablaMn_OT; datazone=ctl00_cphContent_rpgActualPrimTablaMn_ctl00_DataZone_DT; nombres_valores=17; columna_ahorro=0
2017-03,31/03/2017,31/03/2017,0,16,2,0.50,DISPONIBLE,c7ed8eda2d85fc181163df7e692242af51d8cae110abe9270a25f564c8037ee5,2026-09-24T13:05:56-05:00,tabla=ctl00_cphContent_rpgActualPrimTablaMn_OT; datazone=ctl00_cphContent_rpgActualPrimTablaMn_ctl00_DataZone_DT; nombres_valores=17; columna_ahorro=0
2017-04,30/04/2017,28/04/2017,2,16,2,0.42,DISPONIBLE,4c6f888d2da6972398ffe21be5ee1b96390fe29f339cc8a20c489cb2a26ca75a,2026-09-24T13:06:24-05:00,tabla=ctl00_cphContent_rpgActualPrimTablaMn_OT; datazone=ctl00_cphContent_rpgActualPrimTablaMn_ctl00_DataZone_DT; nombres_valores=17; columna_ahorro=0
2017-05,31/05/2017,31/05/2017,0,16,2,0.46,DISPONIBLE,5953a2860d2ef74ecb0dba12cb4425554a0dee29790a4e9fd4df33b24d6cbb1d,2026-09-24T13:06:35-05:00,tabla=ctl00_cphContent_rpgActualPrimTablaMn_OT; datazone=ctl00_cphContent_rpgActualPrimTablaMn_ctl00_DataZone_DT; nombres_valores=17; columna_ahorro=0
2017-06,30/06/2017,28/06/2017,2,16,3,0.47,DISPONIBLE,256754c982645ab21220af07a6b9a00f421d1e673a37376968d2417c473240f2,2026-09-24T13:07:03-05:00,tabla=ctl00_cphContent_rpgActualPrimTablaMn_OT; datazone=ctl00_cphContent_rpgActualPrimTablaMn_ctl00_DataZone_DT; nombres_valores=17; columna_ahorro=0
2017-07,31/07/2017,31/07/2017,0,16,2,0.44,DISPONIBLE,12674b119ae1670907e2d31538766579f46901060a08ac3fe13ead5935f53ebc,2026-09-24T13:07:14-05:00,tabla=ctl00_cphContent_rpgActualPrimTablaMn_OT; datazone=ctl00_cphContent_rpgActualPrimTablaMn_ctl00_DataZone_DT; nombres_valores=17; columna_ahorro=0
2017-08,31/08/2017,31/08/2017,0,16,2,0.41,DISPONIBLE,6c3da6d78d30681c223924b0aee1193ac868f35e7129b7f47ac7125780f486f3,2026-09-24T13:07:25-05:00,tabla=ctl00_cphContent_rpgActualPrimTablaMn_OT; datazone=ctl00_cphContent_rpgActualPrimTablaMn_ctl00_DataZone_DT; nombres_valores=17; columna_ahorro=0
2017-09,30/09/2017,29/09/2017,1,16,2,0.39,DISPONIBLE,7c5b8b42c69926524fc8ff3846692b3aa8734d508f8f71c71835e47aa8bc1d16,2026-09-24T13:07:44-05:00,tabla=ctl00_cphContent_rpgActualPrimTablaMn_OT; datazone=ctl00_cphContent_rpgActualPrimTablaMn_ctl00_DataZone_DT; nombres_valores=17; columna_ahorro=0
2017-10,31/10/2017,31/10/2017,0,16,2,0.43,DISPONIBLE,4b0f49db2493c5a839c92559253f5330c3c5d4e250cee173c34a75296bafdf48,2026-09-24T13:07:55-05:00,tabla=ctl00_cphContent_rpgActualPrimTablaMn_OT; datazone=ctl00_cphContent_rpgActualPrimTablaMn_ctl00_DataZone_DT; nombres_valores=17; columna_ahorro=0
2017-11,30/11/2017,30/11/2017,0,16,1,0.40,DISPONIBLE,0f5ae8e6830fe7445706a9bd2abeefa87f55ed36749aa973bb1f074f7091dbf4,2026-09-24T13:08:05-05:00,tabla=ctl00_cphContent_rpgActualPrimTablaMn_OT; datazone=ctl00_cphContent_rpgActualPrimTablaMn_ctl00_DataZone_DT; nombres_valores=17; columna_ahorro=0
2017-12,31/12/2017,29/12/2017,2,16,2,0.33,DISPONIBLE,2a315b76792fb06e3afe5718622ae51fa2c88f6eaa5db505db401ee68b7e1f61,2026-09-24T13:08:32-05:00,tabla=ctl00_cphContent_rpgActualPrimTablaMn_OT; datazone=ctl00_cphContent_rpgActualPrimTablaMn_ctl00_DataZone_DT; nombres_valores=17; columna_ahorro=0
2018-01,31/01/2018,31/01/2018,0,16,2,0.36,DISPONIBLE,86fb0b614edd7e69553227401b5a5c00a812371330e5f70ccafc1d55ddf2d105,2026-09-24T13:08:43-05:00,tabla=ctl00_cphContent_rpgActualPrimTablaMn_OT; datazone=ctl00_cphContent_rpgActualPrimTablaMn_ctl00_DataZone_DT; nombres_valores=17; columna_ahorro=0
2018-02,28/02/2018,28/02/2018,0,16,2,0.35,DISPONIBLE,aad63c3232ef9610d8bf6246e68534b20165586973faf9e9c3e6a48609ca9fc0,2026-09-24T13:08:53-05:00,tabla=ctl00_cphContent_rpgActualPrimTablaMn_OT; datazone=ctl00_cphContent_rpgActualPrimTablaMn_ctl00_DataZone_DT; nombres_valores=17; columna_ahorro=0
2018-03,31/03/2018,28/03/2018,3,16,2,0.31,DISPONIBLE,7517554ab1f806935874e7410d113a675f954602f90078fc32a092552a38242b,2026-09-24T13:09:30-05:00,tabla=ctl00_cphContent_rpgActualPrimTablaMn_OT; datazone=ctl00_cphContent_rpgActualPrimTablaMn_ctl00_DataZone_DT; nombres_valores=17; columna_ahorro=0
2018-04,30/04/2018,30/04/2018,0,16,3,0.33,DISPONIBLE,9fbf4ec850f044203a0341647c9ab0afae5c8794fdfb68ae32aac27dbb8e107b,2026-09-24T13:09:40-05:00,tabla=ctl00_cphContent_rpgActualPrimTablaMn_OT; datazone=ctl00_cphContent_rpgActualPrimTablaMn_ctl00_DataZone_DT; nombres_valores=17; columna_ahorro=0
2018-05,31/05/2018,31/05/2018,0,16,2,0.33,DISPONIBLE,e8eafc885c071b9979cb0e5bba1f2c1b1fd5cc42a1af5692ac9b093c082db714,2026-09-24T13:09:50-05:00,tabla=ctl00_cphContent_rpgActualPrimTablaMn_OT; datazone=ctl00_cphContent_rpgActualPrimTablaMn_ctl00_DataZone_DT; nombres_valores=17; columna_ahorro=0
2018-06,30/06/2018,28/06/2018,2,16,2,0.30,DISPONIBLE,9074b259402e135d949525f91eda756d2bd10fbe642da7d86312de11ce58be25,2026-09-24T13:10:17-05:00,tabla=ctl00_cphContent_rpgActualPrimTablaMn_OT; datazone=ctl00_cphContent_rpgActualPrimTablaMn_ctl00_DataZone_DT; nombres_valores=17; columna_ahorro=0
2018-07,31/07/2018,31/07/2018,0,16,2,0.29,DISPONIBLE,813cd95c88b69dd35a656b3209691089815b69289eee861c6d66ab166abadba7,2026-09-24T13:10:27-05:00,tabla=ctl00_cphContent_rpgActualPrimTablaMn_OT; datazone=ctl00_cphContent_rpgActualPrimTablaMn_ctl00_DataZone_DT; nombres_valores=17; columna_ahorro=0
2018-08,31/08/2018,29/08/2018,2,16,2,0.32,DISPONIBLE,f7ec236a61900db94a23861c2fa4afba7d661e3b71574832529ad45edd178275,2026-09-24T13:10:54-05:00,tabla=ctl00_cphContent_rpgActualPrimTablaMn_OT; datazone=ctl00_cphContent_rpgActualPrimTablaMn_ctl00_DataZone_DT; nombres_valores=17; columna_ahorro=0
2018-09,30/09/2018,28/09/2018,2,16,3,0.31,DISPONIBLE,32f04458f96b3a703e9e6a0085793af651b14aa4f96243bbadb7f018285d1dfd,2026-09-24T13:11:21-05:00,tabla=ctl00_cphContent_rpgActualPrimTablaMn_OT; datazone=ctl00_cphContent_rpgActualPrimTablaMn_ctl00_DataZone_DT; nombres_valores=17; columna_ahorro=0
2018-10,31/10/2018,31/10/2018,0,16,2,0.39,DISPONIBLE,82b92fe0bc1a79792ca55e06cd29fb3346ebc6aeb285ad08349e294625694610,2026-09-24T13:11:32-05:00,tabla=ctl00_cphContent_rpgActualPrimTablaMn_OT; datazone=ctl00_cphContent_rpgActualPrimTablaMn_ctl00_DataZone_DT; nombres_valores=17; columna_ahorro=0
2018-11,30/11/2018,30/11/2018,0,16,2,0.36,DISPONIBLE,7c483b12869692a836526217f0767155f0bafe644fddc6371859cc909d7e7eda,2026-09-24T13:11:42-05:00,tabla=ctl00_cphContent_rpgActualPrimTablaMn_OT; datazone=ctl00_cphContent_rpgActualPrimTablaMn_ctl00_DataZone_DT; nombres_valores=17; columna_ahorro=0
2018-12,31/12/2018,31/12/2018,0,16,2,0.30,DISPONIBLE,6440607e45b40d3e674f1bec24ce7d79e94607eb3a2c3294664d8a20852a2dba,2026-09-24T13:11:52-05:00,tabla=ctl00_cphContent_rpgActualPrimTablaMn_OT; datazone=ctl00_cphContent_rpgActualPrimTablaMn_ctl00_DataZone_DT; nombres_valores=17; columna_ahorro=0
2019-01,31/01/2019,31/01/2019,0,16,2,0.33,DISPONIBLE,a788fce10f95cdc2e90e210b6dda79d18a93f162624ca1a197d385c83448752d,2026-09-24T13:12:02-05:00,tabla=ctl00_cphContent_rpgActualPrimTablaMn_OT; datazone=ctl00_cphContent_rpgActualPrimTablaMn_ctl00_DataZone_DT; nombres_valores=17; columna_ahorro=0
2019-02,28/02/2019,28/02/2019,0,16,2,0.32,DISPONIBLE,ff6d396d4e3168dafa407dc2fc15e8d4d8a133ce61eaf6b2086c314fe3d6bd5b,2026-09-24T13:12:13-05:00,tabla=ctl00_cphContent_rpgActualPrimTablaMn_OT; datazone=ctl00_cphContent_rpgActualPrimTablaMn_ctl00_DataZone_DT; nombres_valores=17; columna_ahorro=0
2019-03,31/03/2019,29/03/2019,2,15,1,0.31,DISPONIBLE,bb95bfb0bff825645ba589b79c34d48c08edec32cbbc89ad78ec763c6c9d05fe,2026-09-24T13:12:40-05:00,tabla=ctl00_cphContent_rpgActualPrimTablaMn_OT; datazone=ctl00_cphContent_rpgActualPrimTablaMn_ctl00_DataZone_DT; nombres_valores=16; columna_ahorro=0
2019-04,30/04/2019,30/04/2019,0,15,1,0.37,DISPONIBLE,3718504ab071b1c12dc57021bbdfb4b4b4a591b1a20ac3ad7504a84740b19a97,2026-09-24T13:12:52-05:00,tabla=ctl00_cphContent_rpgActualPrimTablaMn_OT; datazone=ctl00_cphContent_rpgActualPrimTablaMn_ctl00_DataZone_DT; nombres_valores=16; columna_ahorro=0
2019-05,31/05/2019,31/05/2019,0,15,1,0.35,DISPONIBLE,70a8cb99b6f441bff987ffc35cedb334cc5ac8539d9e2a9d0cdc822776f26779,2026-09-24T13:13:02-05:00,tabla=ctl00_cphContent_rpgActualPrimTablaMn_OT; datazone=ctl00_cphContent_rpgActualPrimTablaMn_ctl00_DataZone_DT; nombres_valores=16; columna_ahorro=0
2019-06,30/06/2019,28/06/2019,2,15,1,0.29,DISPONIBLE,e7b535ea49f868959a40b35f00c0ebd5f2e8a46b8420eb30aadb9fc5aed71fb8,2026-09-24T13:13:37-05:00,tabla=ctl00_cphContent_rpgActualPrimTablaMn_OT; datazone=ctl00_cphContent_rpgActualPrimTablaMn_ctl00_DataZone_DT; nombres_valores=16; columna_ahorro=0
2019-07,31/07/2019,31/07/2019,0,15,1,0.33,DISPONIBLE,dfaa13ac69a6763f967cd58b8cf3cce4ed8cf9c8037226475da7c4e1861a11eb,2026-09-24T13:13:47-05:00,tabla=ctl00_cphContent_rpgActualPrimTablaMn_OT; datazone=ctl00_cphContent_rpgActualPrimTablaMn_ctl00_DataZone_DT; nombres_valores=16; columna_ahorro=0
2019-08,31/08/2019,28/08/2019,3,15,1,0.30,DISPONIBLE,b889d82d9747e2684bf2e4c46ebf5bbb703a942fc4c8937c028edcca9a9172f6,2026-09-24T13:14:27-05:00,tabla=ctl00_cphContent_rpgActualPrimTablaMn_OT; datazone=ctl00_cphContent_rpgActualPrimTablaMn_ctl00_DataZone_DT; nombres_valores=16; columna_ahorro=0
2019-09,30/09/2019,30/09/2019,0,15,1,0.32,DISPONIBLE,26adce974addc156ba7ee92fc75e67e5bce337557735dfbafa98bc5501f05724,2026-09-24T13:14:37-05:00,tabla=ctl00_cphContent_rpgActualPrimTablaMn_OT; datazone=ctl00_cphContent_rpgActualPrimTablaMn_ctl00_DataZone_DT; nombres_valores=16; columna_ahorro=0
2019-10,31/10/2019,30/10/2019,1,15,1,0.30,DISPONIBLE,a4cc9c657500c3e00ececa8ace63a36c7324c4eb0ae6e47ad134e4e83fab21ef,2026-09-24T13:14:56-05:00,tabla=ctl00_cphContent_rpgActualPrimTablaMn_OT; datazone=ctl00_cphContent_rpgActualPrimTablaMn_ctl00_DataZone_DT; nombres_valores=16; columna_ahorro=0
2019-11,30/11/2019,29/11/2019,1,15,1,0.28,DISPONIBLE,6bad868b7679f8c2f130b5b2a6576277389458061c148a0491d7f05519149efc,2026-09-24T13:15:16-05:00,tabla=ctl00_cphContent_rpgActualPrimTablaMn_OT; datazone=ctl00_cphContent_rpgActualPrimTablaMn_ctl00_DataZone_DT; nombres_valores=16; columna_ahorro=0
2019-12,31/12/2019,31/12/2019,0,15,1,0.31,DISPONIBLE,49f62c347698ba13efa43904f01cacf22c9a315a565d58f9b479afba89379c5c,2026-09-24T13:15:26-05:00,tabla=ctl00_cphContent_rpgActualPrimTablaMn_OT; datazone=ctl00_cphContent_rpgActualPrimTablaMn_ctl00_DataZone_DT; nombres_valores=16; columna_ahorro=0
2020-01,31/01/2020,31/01/2020,0,15,1,0.29,DISPONIBLE,e7ebacb21929fd0c7c11064d4b189fe06ae22f51814c7be2ae47b0241c9bcb9c,2026-09-24T13:15:36-05:00,tabla=ctl00_cphContent_rpgActualPrimTablaMn_OT; datazone=ctl00_cphContent_rpgActualPrimTablaMn_ctl00_DataZone_DT; nombres_valores=16; columna_ahorro=0
2020-02,29/02/2020,28/02/2020,1,15,1,0.25,DISPONIBLE,63ede709a693b481a39cbea85d061d1b8c753c3906869dc3860f32f732d32d1b,2026-09-24T13:15:56-05:00,tabla=ctl00_cphContent_rpgActualPrimTablaMn_OT; datazone=ctl00_cphContent_rpgActualPrimTablaMn_ctl00_DataZone_DT; nombres_valores=16; columna_ahorro=0
2020-03,31/03/2020,31/03/2020,0,15,1,0.29,DISPONIBLE,d4f53478aeb8a2b3090e6cebc7f4d3efc14d999406fb812ef7ad662b4a4b08eb,2026-09-24T13:16:06-05:00,tabla=ctl00_cphContent_rpgActualPrimTablaMn_OT; datazone=ctl00_cphContent_rpgActualPrimTablaMn_ctl00_DataZone_DT; nombres_valores=16; columna_ahorro=0
2020-04,30/04/2020,30/04/2020,0,15,1,0.26,DISPONIBLE,c89ec68c35ac325c81ae0d240de6967312190235480ca881d9eecb872b031172,2026-09-24T13:16:16-05:00,tabla=ctl00_cphContent_rpgActualPrimTablaMn_OT; datazone=ctl00_cphContent_rpgActualPrimTablaMn_ctl00_DataZone_DT; nombres_valores=16; columna_ahorro=0
2020-05,31/05/2020,29/05/2020,2,15,1,0.19,DISPONIBLE,8c40170753bd693ef767f37aa4aa7a7eb52e96ba308e149e861c37ae50469bdb,2026-09-24T13:16:46-05:00,tabla=ctl00_cphContent_rpgActualPrimTablaMn_OT; datazone=ctl00_cphContent_rpgActualPrimTablaMn_ctl00_DataZone_DT; nombres_valores=16; columna_ahorro=0
2020-06,30/06/2020,30/06/2020,0,15,1,0.21,DISPONIBLE,ca0dad543d3aa2365ab54cbbf2e8f587c08ff35519c8ed7d672c11e1a78d7cd2,2026-09-24T13:16:56-05:00,tabla=ctl00_cphContent_rpgActualPrimTablaMn_OT; datazone=ctl00_cphContent_rpgActualPrimTablaMn_ctl00_DataZone_DT; nombres_valores=16; columna_ahorro=0
2020-07,31/07/2020,31/07/2020,0,16,2,0.19,DISPONIBLE,c31573be9ffa5a3521ace0ee210443e014cbb58c4b1acc1500e7d89b1a4206c3,2026-09-24T13:17:06-05:00,tabla=ctl00_cphContent_rpgActualPrimTablaMn_OT; datazone=ctl00_cphContent_rpgActualPrimTablaMn_ctl00_DataZone_DT; nombres_valores=17; columna_ahorro=0
2020-08,31/08/2020,31/08/2020,0,16,2,0.17,DISPONIBLE,7c5b9250795fb9d253be510eaf21aa22d12fbb4588a2f130a712a7dd10fadeae,2026-09-24T13:17:16-05:00,tabla=ctl00_cphContent_rpgActualPrimTablaMn_OT; datazone=ctl00_cphContent_rpgActualPrimTablaMn_ctl00_DataZone_DT; nombres_valores=17; columna_ahorro=0
2020-09,30/09/2020,30/09/2020,0,16,2,0.15,DISPONIBLE,898ed9378dd382c4a126aa081f109fa88ee47b210e3f04f8938336da9ddbeccf,2026-09-24T13:17:25-05:00,tabla=ctl00_cphContent_rpgActualPrimTablaMn_OT; datazone=ctl00_cphContent_rpgActualPrimTablaMn_ctl00_DataZone_DT; nombres_valores=17; columna_ahorro=0
2020-10,31/10/2020,30/10/2020,1,16,2,0.15,DISPONIBLE,2fef48fdbca43befa5c5003aa7a87c0676e989faca0cd428a2fa394dd1cb858e,2026-09-24T13:17:44-05:00,tabla=ctl00_cphContent_rpgActualPrimTablaMn_OT; datazone=ctl00_cphContent_rpgActualPrimTablaMn_ctl00_DataZone_DT; nombres_valores=17; columna_ahorro=0
2020-11,30/11/2020,30/11/2020,0,16,2,0.14,DISPONIBLE,08019c867b4b00693b19b46469c32270960f3a6ccf6ac37cbf81c6f717eff0ae,2026-09-24T13:17:54-05:00,tabla=ctl00_cphContent_rpgActualPrimTablaMn_OT; datazone=ctl00_cphContent_rpgActualPrimTablaMn_ctl00_DataZone_DT; nombres_valores=17; columna_ahorro=0
2020-12,31/12/2020,31/12/2020,0,16,2,0.14,DISPONIBLE,91809e2c5cf2b82f8ad2223ed9edbd726ff2b79e50bc1557d650685bffc880a8,2026-09-24T13:18:04-05:00,tabla=ctl00_cphContent_rpgActualPrimTablaMn_OT; datazone=ctl00_cphContent_rpgActualPrimTablaMn_ctl00_DataZone_DT; nombres_valores=17; columna_ahorro=0
2021-01,31/01/2021,29/01/2021,2,16,2,0.13,DISPONIBLE,d9717fd1f7628ba8531baed645cff4efc08883dd1dc933e1cea824b62ec62277,2026-09-24T13:18:30-05:00,tabla=ctl00_cphContent_rpgActualPrimTablaMn_OT; datazone=ctl00_cphContent_rpgActualPrimTablaMn_ctl00_DataZone_DT; nombres_valores=17; columna_ahorro=0
2021-02,28/02/2021,26/02/2021,2,16,4,0.12,DISPONIBLE,68298c92e995a282ce38d861cc81cb6b63a46f5bb94fa4417aa86f9e9f704866,2026-09-24T13:18:57-05:00,tabla=ctl00_cphContent_rpgActualPrimTablaMn_OT; datazone=ctl00_cphContent_rpgActualPrimTablaMn_ctl00_DataZone_DT; nombres_valores=17; columna_ahorro=0
2021-03,31/03/2021,31/03/2021,0,16,3,0.12,DISPONIBLE,e25c4aa7cf8a48a9cdcead51d599bc902c2d59ff9eed55f39093802423eabbe2,2026-09-24T13:19:07-05:00,tabla=ctl00_cphContent_rpgActualPrimTablaMn_OT; datazone=ctl00_cphContent_rpgActualPrimTablaMn_ctl00_DataZone_DT; nombres_valores=17; columna_ahorro=0
2021-04,30/04/2021,30/04/2021,0,16,3,0.13,DISPONIBLE,26b0af65ded6ecd52baa8bca34c49a2e4b78a9f7a1823ada7e333502ab996247,2026-09-24T13:19:17-05:00,tabla=ctl00_cphContent_rpgActualPrimTablaMn_OT; datazone=ctl00_cphContent_rpgActualPrimTablaMn_ctl00_DataZone_DT; nombres_valores=17; columna_ahorro=0
2021-05,31/05/2021,31/05/2021,0,16,3,0.13,DISPONIBLE,22acaf335d7c211e8a6fad0363151aa082d62f2792495148f4fc469977a62f63,2026-09-24T13:19:27-05:00,tabla=ctl00_cphContent_rpgActualPrimTablaMn_OT; datazone=ctl00_cphContent_rpgActualPrimTablaMn_ctl00_DataZone_DT; nombres_valores=17; columna_ahorro=0
2021-06,30/06/2021,30/06/2021,0,16,3,0.13,DISPONIBLE,cf6835ff5e2bf071f52ecaec729027711b51580f521d82dc52e7a158c633ddd9,2026-09-24T13:19:38-05:00,tabla=ctl00_cphContent_rpgActualPrimTablaMn_OT; datazone=ctl00_cphContent_rpgActualPrimTablaMn_ctl00_DataZone_DT; nombres_valores=17; columna_ahorro=0
2021-07,31/07/2021,30/07/2021,1,16,3,0.12,DISPONIBLE,979a638958cd4606a27b43ae1cb5b7dd3b7de4274faea6537025e398722bbfe1,2026-09-24T13:19:56-05:00,tabla=ctl00_cphContent_rpgActualPrimTablaMn_OT; datazone=ctl00_cphContent_rpgActualPrimTablaMn_ctl00_DataZone_DT; nombres_valores=17; columna_ahorro=0
2021-08,31/08/2021,31/08/2021,0,16,2,0.12,DISPONIBLE,4eb36e294cfa12937613bbb2e232e74a36e8388ecb5c2d2f69e6a9444a493af6,2026-09-24T13:20:06-05:00,tabla=ctl00_cphContent_rpgActualPrimTablaMn_OT; datazone=ctl00_cphContent_rpgActualPrimTablaMn_ctl00_DataZone_DT; nombres_valores=17; columna_ahorro=0
2021-09,30/09/2021,30/09/2021,0,16,2,0.12,DISPONIBLE,f4812799738686dfc4856ff0418968122fda88156947f66886c07330c606a80f,2026-09-24T13:20:16-05:00,tabla=ctl00_cphContent_rpgActualPrimTablaMn_OT; datazone=ctl00_cphContent_rpgActualPrimTablaMn_ctl00_DataZone_DT; nombres_valores=17; columna_ahorro=0
2021-10,31/10/2021,29/10/2021,2,16,3,0.11,DISPONIBLE,86a118484dfc6a10ff2856085ee6aa035e1e6bb426760b427c1bc9c2b5c02270,2026-09-24T13:20:43-05:00,tabla=ctl00_cphContent_rpgActualPrimTablaMn_OT; datazone=ctl00_cphContent_rpgActualPrimTablaMn_ctl00_DataZone_DT; nombres_valores=17; columna_ahorro=0
2021-11,30/11/2021,30/11/2021,0,16,4,0.12,DISPONIBLE,522bb28fd18d6dc4c67e82c6e641f2cbc9330b8927849dc5cac8e4f0d4ed4246,2026-09-24T13:20:53-05:00,tabla=ctl00_cphContent_rpgActualPrimTablaMn_OT; datazone=ctl00_cphContent_rpgActualPrimTablaMn_ctl00_DataZone_DT; nombres_valores=17; columna_ahorro=0
2021-12,31/12/2021,31/12/2021,0,16,3,0.13,DISPONIBLE,bb8ed3cdc26208c78d406749f4eae560d6ecd5b0bd175a08a9d3811a3014a561,2026-09-24T13:21:03-05:00,tabla=ctl00_cphContent_rpgActualPrimTablaMn_OT; datazone=ctl00_cphContent_rpgActualPrimTablaMn_ctl00_DataZone_DT; nombres_valores=17; columna_ahorro=0
2022-01,31/01/2022,31/01/2022,0,16,3,0.13,DISPONIBLE,c324dd1e89b445aca9ff911d71e2ee545b6eafbb17ab1104090e662bf43c4fb3,2026-09-24T13:21:14-05:00,tabla=ctl00_cphContent_rpgActualPrimTablaMn_OT; datazone=ctl00_cphContent_rpgActualPrimTablaMn_ctl00_DataZone_DT; nombres_valores=17; columna_ahorro=0
2022-02,28/02/2022,28/02/2022,0,16,3,0.23,DISPONIBLE,b178f86bcacf73314bfd2a0e20a43189b76d8009d26972d788b448fa0b9d0cbe,2026-09-24T13:21:24-05:00,tabla=ctl00_cphContent_rpgActualPrimTablaMn_OT; datazone=ctl00_cphContent_rpgActualPrimTablaMn_ctl00_DataZone_DT; nombres_valores=17; columna_ahorro=0
2022-03,31/03/2022,31/03/2022,0,16,3,0.13,DISPONIBLE,ea46a164812d2f3abd7c73a7927f621f1d2f8d6a2af245638ecbc6d0df58f943,2026-09-24T13:21:34-05:00,tabla=ctl00_cphContent_rpgActualPrimTablaMn_OT; datazone=ctl00_cphContent_rpgActualPrimTablaMn_ctl00_DataZone_DT; nombres_valores=17; columna_ahorro=0
2022-04,30/04/2022,29/04/2022,1,16,3,0.12,DISPONIBLE,0aa0918ff5ce7753e7df9af40f0c66b1b6b37619fc74b55adac48217594d3b15,2026-09-24T13:21:52-05:00,tabla=ctl00_cphContent_rpgActualPrimTablaMn_OT; datazone=ctl00_cphContent_rpgActualPrimTablaMn_ctl00_DataZone_DT; nombres_valores=17; columna_ahorro=0
2022-05,31/05/2022,31/05/2022,0,16,3,0.11,DISPONIBLE,a1c0f038a785e515738ea77c0f1dfd6d2eaff1d686107b2bb752980d179bd253,2026-09-24T13:22:02-05:00,tabla=ctl00_cphContent_rpgActualPrimTablaMn_OT; datazone=ctl00_cphContent_rpgActualPrimTablaMn_ctl00_DataZone_DT; nombres_valores=17; columna_ahorro=0
2022-06,30/06/2022,30/06/2022,0,16,3,0.09,DISPONIBLE,43e24b2b8607dfd5cef0f09ba2c823273336cf8ae20ac37810cffd0189cfd76a,2026-09-24T13:22:12-05:00,tabla=ctl00_cphContent_rpgActualPrimTablaMn_OT; datazone=ctl00_cphContent_rpgActualPrimTablaMn_ctl00_DataZone_DT; nombres_valores=17; columna_ahorro=0
2022-07,31/07/2022,27/07/2022,4,16,3,0.09,DISPONIBLE,7dbc69ff90ae948dcc6f13bce9737449832a5344b4777bb24d3b44173e77e240,2026-09-24T13:22:56-05:00,tabla=ctl00_cphContent_rpgActualPrimTablaMn_OT; datazone=ctl00_cphContent_rpgActualPrimTablaMn_ctl00_DataZone_DT; nombres_valores=17; columna_ahorro=0
2022-08,31/08/2022,31/08/2022,0,17,3,0.29,DISPONIBLE,ac11d6c35443ae9a506d49f5b980d7f4cc41713f135e1db7bd2a0cb922cac36b,2026-09-24T13:23:06-05:00,tabla=ctl00_cphContent_rpgActualPrimTablaMn_OT; datazone=ctl00_cphContent_rpgActualPrimTablaMn_ctl00_DataZone_DT; nombres_valores=18; columna_ahorro=0
2022-09,30/09/2022,30/09/2022,0,17,3,0.11,DISPONIBLE,e963693cc60bb6589fd0f32cbbd18f9ae7b989b4fee02baeef5d7b063764a895,2026-09-24T13:23:16-05:00,tabla=ctl00_cphContent_rpgActualPrimTablaMn_OT; datazone=ctl00_cphContent_rpgActualPrimTablaMn_ctl00_DataZone_DT; nombres_valores=18; columna_ahorro=0
2022-10,31/10/2022,31/10/2022,0,17,3,0.13,DISPONIBLE,58275a52c8383f95f67a7d19d16f1833140ac204b5bf2020c9121c51a7db2918,2026-09-24T13:23:26-05:00,tabla=ctl00_cphContent_rpgActualPrimTablaMn_OT; datazone=ctl00_cphContent_rpgActualPrimTablaMn_ctl00_DataZone_DT; nombres_valores=18; columna_ahorro=0
2022-11,30/11/2022,30/11/2022,0,17,4,0.12,DISPONIBLE,946a7745f2e1505cc4c7760a97326bc257634093642f41e9bf3d9c829d8a4606,2026-09-24T13:23:36-05:00,tabla=ctl00_cphContent_rpgActualPrimTablaMn_OT; datazone=ctl00_cphContent_rpgActualPrimTablaMn_ctl00_DataZone_DT; nombres_valores=18; columna_ahorro=0
2022-12,31/12/2022,30/12/2022,1,17,4,0.11,DISPONIBLE,ace624836f9e840023d187d3ec3ae6310f95409f0e08c3b51f19e287d2d16537,2026-09-24T13:23:54-05:00,tabla=ctl00_cphContent_rpgActualPrimTablaMn_OT; datazone=ctl00_cphContent_rpgActualPrimTablaMn_ctl00_DataZone_DT; nombres_valores=18; columna_ahorro=0
2023-01,31/01/2023,31/01/2023,0,17,4,0.16,DISPONIBLE,9488db7ae1e9571ddba1064fb581de9d8e450580181fc468b985d9405f8bc8b8,2026-09-24T13:24:04-05:00,tabla=ctl00_cphContent_rpgActualPrimTablaMn_OT; datazone=ctl00_cphContent_rpgActualPrimTablaMn_ctl00_DataZone_DT; nombres_valores=18; columna_ahorro=0
2023-02,28/02/2023,28/02/2023,0,17,4,0.14,DISPONIBLE,d7350b730326cf057ee00ed67a5ce7c027a59b97d5d7ba67c658211484a40612,2026-09-24T13:24:13-05:00,tabla=ctl00_cphContent_rpgActualPrimTablaMn_OT; datazone=ctl00_cphContent_rpgActualPrimTablaMn_ctl00_DataZone_DT; nombres_valores=18; columna_ahorro=0
2023-03,31/03/2023,31/03/2023,0,17,4,0.12,DISPONIBLE,57af3e2ab562b457516ccfe6a8ff15405337e3fed133b311c6a6226a22603aa5,2026-09-24T13:24:23-05:00,tabla=ctl00_cphContent_rpgActualPrimTablaMn_OT; datazone=ctl00_cphContent_rpgActualPrimTablaMn_ctl00_DataZone_DT; nombres_valores=18; columna_ahorro=0
2023-04,30/04/2023,28/04/2023,2,17,4,0.25,DISPONIBLE,a81dc1c1ee05f351874bd0014c15c20bb184bb3b9b73c627f441177b1b2fbbaa,2026-09-24T13:24:50-05:00,tabla=ctl00_cphContent_rpgActualPrimTablaMn_OT; datazone=ctl00_cphContent_rpgActualPrimTablaMn_ctl00_DataZone_DT; nombres_valores=18; columna_ahorro=0
2023-05,31/05/2023,31/05/2023,0,17,4,0.33,DISPONIBLE,bd9547161aeb015662a5345c000e0bcb6dae9302b044d3dc1a457b6d6e04e799,2026-09-24T13:25:00-05:00,tabla=ctl00_cphContent_rpgActualPrimTablaMn_OT; datazone=ctl00_cphContent_rpgActualPrimTablaMn_ctl00_DataZone_DT; nombres_valores=18; columna_ahorro=0
2023-06,30/06/2023,30/06/2023,0,17,4,0.14,DISPONIBLE,8473a6dfea59dd6669cc52c9c2a4af2daa065cc2fccc93dd4963afa7544ceb02,2026-09-24T13:25:10-05:00,tabla=ctl00_cphContent_rpgActualPrimTablaMn_OT; datazone=ctl00_cphContent_rpgActualPrimTablaMn_ctl00_DataZone_DT; nombres_valores=18; columna_ahorro=0
2023-07,31/07/2023,31/07/2023,0,17,4,0.16,DISPONIBLE,fa19db4791329d3aada227b81cb7d7d52c760912f12e5ee19547b607883a3dab,2026-09-24T13:25:19-05:00,tabla=ctl00_cphContent_rpgActualPrimTablaMn_OT; datazone=ctl00_cphContent_rpgActualPrimTablaMn_ctl00_DataZone_DT; nombres_valores=18; columna_ahorro=0
2023-08,31/08/2023,31/08/2023,0,17,4,0.58,DISPONIBLE,a850ac7af0219677488f8b841fbebc328a1754b455033abcff5d1593307e14a3,2026-09-24T13:25:29-05:00,tabla=ctl00_cphContent_rpgActualPrimTablaMn_OT; datazone=ctl00_cphContent_rpgActualPrimTablaMn_ctl00_DataZone_DT; nombres_valores=18; columna_ahorro=0
2023-09,30/09/2023,29/09/2023,1,17,4,0.19,DISPONIBLE,984902ac8afe428327128826240477c320aa3e9060bc57e9ef7df468101b461d,2026-09-24T13:25:48-05:00,tabla=ctl00_cphContent_rpgActualPrimTablaMn_OT; datazone=ctl00_cphContent_rpgActualPrimTablaMn_ctl00_DataZone_DT; nombres_valores=18; columna_ahorro=0
2023-10,31/10/2023,31/10/2023,0,17,3,0.16,DISPONIBLE,e5898c49d4caff3b2ff7606c3eb21bfb4763d1bb93fe4cf8f374015e4dcfa5da,2026-09-24T13:25:57-05:00,tabla=ctl00_cphContent_rpgActualPrimTablaMn_OT; datazone=ctl00_cphContent_rpgActualPrimTablaMn_ctl00_DataZone_DT; nombres_valores=18; columna_ahorro=0
2023-11,30/11/2023,30/11/2023,0,17,4,0.14,DISPONIBLE,13425b476433ec155905054627a1d5e5d536a2376bc9d84890c9bf7480b26419,2026-09-24T13:26:07-05:00,tabla=ctl00_cphContent_rpgActualPrimTablaMn_OT; datazone=ctl00_cphContent_rpgActualPrimTablaMn_ctl00_DataZone_DT; nombres_valores=18; columna_ahorro=0
2023-12,31/12/2023,29/12/2023,2,17,4,0.15,DISPONIBLE,ce00ccba7751f3a260361a5d3b0a83288b4ba45e21d71d71edde73d8f19fb946,2026-09-24T13:26:34-05:00,tabla=ctl00_cphContent_rpgActualPrimTablaMn_OT; datazone=ctl00_cphContent_rpgActualPrimTablaMn_ctl00_DataZone_DT; nombres_valores=18; columna_ahorro=0
2024-01,31/01/2024,31/01/2024,0,17,4,0.19,DISPONIBLE,5f392517bb64c5af85535c4ce8609b01ae8e0d998557dd59cf50e86824b89926,2026-09-24T13:26:44-05:00,tabla=ctl00_cphContent_rpgActualPrimTablaMn_OT; datazone=ctl00_cphContent_rpgActualPrimTablaMn_ctl00_DataZone_DT; nombres_valores=18; columna_ahorro=0
2024-02,29/02/2024,29/02/2024,0,17,3,0.51,DISPONIBLE,f58804500095d6aff4a058de5d3e6a8078a043d0f710d0cc89ce871290ddea67,2026-09-24T13:26:54-05:00,tabla=ctl00_cphContent_rpgActualPrimTablaMn_OT; datazone=ctl00_cphContent_rpgActualPrimTablaMn_ctl00_DataZone_DT; nombres_valores=18; columna_ahorro=0
2024-03,31/03/2024,27/03/2024,4,17,3,0.24,DISPONIBLE,46fabdd6431a684820a6d4d0a23961c7f00d413871fb0af85302804f6aa79daa,2026-09-24T13:27:37-05:00,tabla=ctl00_cphContent_rpgActualPrimTablaMn_OT; datazone=ctl00_cphContent_rpgActualPrimTablaMn_ctl00_DataZone_DT; nombres_valores=18; columna_ahorro=0
2024-04,30/04/2024,30/04/2024,0,17,3,0.31,DISPONIBLE,a329f8c98c112ca7a4ef1b2adb449d2edd299d40bb25055c6585da2ee386e1b0,2026-09-24T13:27:47-05:00,tabla=ctl00_cphContent_rpgActualPrimTablaMn_OT; datazone=ctl00_cphContent_rpgActualPrimTablaMn_ctl00_DataZone_DT; nombres_valores=18; columna_ahorro=0
2024-05,31/05/2024,31/05/2024,0,17,3,0.27,DISPONIBLE,e397cd4cd91a54ed1e45dbc59ff1457d79762f9507fb41f2a61b1167caf7af6b,2026-09-24T13:27:57-05:00,tabla=ctl00_cphContent_rpgActualPrimTablaMn_OT; datazone=ctl00_cphContent_rpgActualPrimTablaMn_ctl00_DataZone_DT; nombres_valores=18; columna_ahorro=0
2024-06,30/06/2024,28/06/2024,2,17,3,0.17,DISPONIBLE,835646ac8d68bf057d0c9795bf593477e0f6e11bf351ca380409dafb5ff4a9f0,2026-09-24T13:28:24-05:00,tabla=ctl00_cphContent_rpgActualPrimTablaMn_OT; datazone=ctl00_cphContent_rpgActualPrimTablaMn_ctl00_DataZone_DT; nombres_valores=18; columna_ahorro=0
2024-07,31/07/2024,31/07/2024,0,17,3,0.39,DISPONIBLE,be345ada5021f8d00611b2cf1bed48f9f30062acf6bde86efcb9aa2b4d90c077,2026-09-24T13:28:34-05:00,tabla=ctl00_cphContent_rpgActualPrimTablaMn_OT; datazone=ctl00_cphContent_rpgActualPrimTablaMn_ctl00_DataZone_DT; nombres_valores=18; columna_ahorro=0
2024-08,31/08/2024,31/08/2024,0,17,2,0.51,DISPONIBLE,fb13abc9d2fbfba9813b69e3ee88c62ded6d567496c019810fdfa5fde75d1c16,2026-09-24T13:28:44-05:00,tabla=ctl00_cphContent_rpgActualPrimTablaMn_OT; datazone=ctl00_cphContent_rpgActualPrimTablaMn_ctl00_DataZone_DT; nombres_valores=18; columna_ahorro=0
2024-09,30/09/2024,30/09/2024,0,17,2,0.23,DISPONIBLE,9a80ef1ae0494cca976f70ec0b6bbfbd3a29ddd266b5fc7244eb6e5dc1e1d60d,2026-09-24T13:28:54-05:00,tabla=ctl00_cphContent_rpgActualPrimTablaMn_OT; datazone=ctl00_cphContent_rpgActualPrimTablaMn_ctl00_DataZone_DT; nombres_valores=18; columna_ahorro=0
2024-10,31/10/2024,31/10/2024,0,17,3,0.19,DISPONIBLE,30447002c57cf343ae31534506ca37fd23f065330f6e0d6a95b54a542fa3eae8,2026-09-24T13:29:04-05:00,tabla=ctl00_cphContent_rpgActualPrimTablaMn_OT; datazone=ctl00_cphContent_rpgActualPrimTablaMn_ctl00_DataZone_DT; nombres_valores=18; columna_ahorro=0
2024-11,30/11/2024,29/11/2024,1,17,3,0.18,DISPONIBLE,69eeccaccacd1b8ba149b657d7fb733a1da00667b74c84b148a9380976bdf004,2026-09-24T13:29:22-05:00,tabla=ctl00_cphContent_rpgActualPrimTablaMn_OT; datazone=ctl00_cphContent_rpgActualPrimTablaMn_ctl00_DataZone_DT; nombres_valores=18; columna_ahorro=0
2024-12,31/12/2024,30/12/2024,1,17,3,0.15,DISPONIBLE,256c523f1892cda08c3a152be2d7c0b2bac1436f2463e8899e583c8348be2686,2026-09-24T13:29:41-05:00,tabla=ctl00_cphContent_rpgActualPrimTablaMn_OT; datazone=ctl00_cphContent_rpgActualPrimTablaMn_ctl00_DataZone_DT; nombres_valores=18; columna_ahorro=0
2025-01,31/01/2025,31/01/2025,0,18,3,0.16,DISPONIBLE,bfe48f044cd25419853889529dfb27f536428c63f7dc05df5c3058b7027c3b02,2026-09-24T13:29:51-05:00,tabla=ctl00_cphContent_rpgActualPrimTablaMn_OT; datazone=ctl00_cphContent_rpgActualPrimTablaMn_ctl00_DataZone_DT; nombres_valores=19; columna_ahorro=0
2025-02,28/02/2025,28/02/2025,0,18,3,0.38,DISPONIBLE,1dd9f29885984dd0041e89fb9f8d0f519f05b4eb588d5e13e56b34b10b8ad9c7,2026-09-24T13:30:00-05:00,tabla=ctl00_cphContent_rpgActualPrimTablaMn_OT; datazone=ctl00_cphContent_rpgActualPrimTablaMn_ctl00_DataZone_DT; nombres_valores=19; columna_ahorro=0
2025-03,31/03/2025,31/03/2025,0,18,3,0.15,DISPONIBLE,711d2fe744ad40370b47c77e5f964215838fc19e0ea929c34245ae445bdf67c1,2026-09-24T13:30:10-05:00,tabla=ctl00_cphContent_rpgActualPrimTablaMn_OT; datazone=ctl00_cphContent_rpgActualPrimTablaMn_ctl00_DataZone_DT; nombres_valores=19; columna_ahorro=0
2025-04,30/04/2025,30/04/2025,0,18,3,0.17,DISPONIBLE,7a7269c8a4c37b96654a92a43e37782e31b5daf67c59b495032dd21085852507,2026-09-24T13:30:20-05:00,tabla=ctl00_cphContent_rpgActualPrimTablaMn_OT; datazone=ctl00_cphContent_rpgActualPrimTablaMn_ctl00_DataZone_DT; nombres_valores=19; columna_ahorro=0
2025-05,31/05/2025,30/05/2025,1,18,3,0.19,DISPONIBLE,c899dd0e29da80ef68e02f758c67abec7ac463cdbca228dba551d74deb346055,2026-09-24T13:30:38-05:00,tabla=ctl00_cphContent_rpgActualPrimTablaMn_OT; datazone=ctl00_cphContent_rpgActualPrimTablaMn_ctl00_DataZone_DT; nombres_valores=19; columna_ahorro=0
2025-06,30/06/2025,30/06/2025,0,19,3,0.22,DISPONIBLE,29f6dcba12fc9ec71cfffc0742e6334fa60616fe26843adc9b3facf021dc4556,2026-09-24T13:30:48-05:00,tabla=ctl00_cphContent_rpgActualPrimTablaMn_OT; datazone=ctl00_cphContent_rpgActualPrimTablaMn_ctl00_DataZone_DT; nombres_valores=20; columna_ahorro=0
2025-07,31/07/2025,31/07/2025,0,19,2,0.21,DISPONIBLE,467fdf8ebffb18b318d13f9c84ec272437a99a74c1b385ba1d68029a9ab76063,2026-09-24T13:30:57-05:00,tabla=ctl00_cphContent_rpgActualPrimTablaMn_OT; datazone=ctl00_cphContent_rpgActualPrimTablaMn_ctl00_DataZone_DT; nombres_valores=20; columna_ahorro=0
2025-08,31/08/2025,29/08/2025,2,19,2,0.34,DISPONIBLE,72a86410551c1f4b4522dd8cf1b57dfbbe88e5694d22a8ed41bbeb3953078f4c,2026-09-24T13:31:24-05:00,tabla=ctl00_cphContent_rpgActualPrimTablaMn_OT; datazone=ctl00_cphContent_rpgActualPrimTablaMn_ctl00_DataZone_DT; nombres_valores=20; columna_ahorro=0
2025-09,30/09/2025,30/09/2025,0,19,3,0.17,DISPONIBLE,84754caeff6fdbc224ea69206423f000ed38efe6a0893dd98fa455519a0e0eda,2026-09-24T13:31:33-05:00,tabla=ctl00_cphContent_rpgActualPrimTablaMn_OT; datazone=ctl00_cphContent_rpgActualPrimTablaMn_ctl00_DataZone_DT; nombres_valores=20; columna_ahorro=0
2025-10,31/10/2025,31/10/2025,0,19,3,0.16,DISPONIBLE,e409b40fb92425abc1f0cffface60f0e45c34e5fec286ca4b342aaa68a13fd05,2026-09-24T13:31:43-05:00,tabla=ctl00_cphContent_rpgActualPrimTablaMn_OT; datazone=ctl00_cphContent_rpgActualPrimTablaMn_ctl00_DataZone_DT; nombres_valores=20; columna_ahorro=0
2025-11,30/11/2025,28/11/2025,2,19,3,0.13,DISPONIBLE,f3b347d3caabe8d2469d73ba07dfa591e2d95481f78b35bb5eab78201dda701f,2026-09-24T13:32:09-05:00,tabla=ctl00_cphContent_rpgActualPrimTablaMn_OT; datazone=ctl00_cphContent_rpgActualPrimTablaMn_ctl00_DataZone_DT; nombres_valores=20; columna_ahorro=0
2025-12,31/12/2025,31/12/2025,0,19,3,0.13,DISPONIBLE,295e939d4fe4fdf45e4f4865fd305129bdb0249b66f7680a7abaf713390f65ad,2026-09-24T13:32:19-05:00,tabla=ctl00_cphContent_rpgActualPrimTablaMn_OT; datazone=ctl00_cphContent_rpgActualPrimTablaMn_ctl00_DataZone_DT; nombres_valores=20; columna_ahorro=0
