indice_bloque,banco_original,es_agregado,columna_mn,columna_me,columna_total,columna_mn_excel,columna_me_excel,columna_total_excel,nombre_raw_col_mn,nombre_raw_col_me,nombre_raw_col_total,encabezado_mn_raw,encabezado_me_raw,encabezado_total_raw,mn_valor_raw,mn_valor_raw_repr,mn_ctype,mn_format_str,mn_decimales,me_valor_raw,me_valor_raw_repr,me_ctype,me_format_str,me_decimales,total_valor_raw,total_valor_raw_repr,total_ctype,total_format_str,total_decimales,rangos_combinados_intersectan
0,Banco BBVA Perú,False,1,2,3,B,C,D,Banco BBVA Perú,,,"MN 
(S/ Miles)","ME 
(US$ miles)","Total 
(S/ Miles)",54777564.96,54777564.96,2,"_(* #,##0_);_(* \(#,##0\);_(* ""-""??_);_(@_)",0,4575086.622399612,4575086.622399612,2,"_(* #,##0_);_(* \(#,##0\);_(* ""-""??_);_(@_)",0,73690973.061,73690973.061,2,"_(* #,##0_);_(* \(#,##0\);_(* ""-""??_);_(@_)",0,"filas 4:4, columnas 1:3"
1,Banco de Comercio,False,4,5,6,E,F,G,Banco de Comercio,,,"MN 
(S/ Miles)","ME 
(US$ miles)","Total 
(S/ Miles)",1653622.297,1653622.297,2,"_(* #,##0_);_(* \(#,##0\);_(* ""-""??_);_(@_)",0,33496.829221093365,33496.829221093365,2,"_(* #,##0_);_(* \(#,##0\);_(* ""-""??_);_(@_)",0,1792098.192,1792098.192,2,"_(* #,##0_);_(* \(#,##0\);_(* ""-""??_);_(@_)",0,"filas 4:4, columnas 4:6"
2,Banco de Crédito del Perú,False,7,8,9,H,I,J,Banco de Crédito del Perú ,,,"MN 
(S/ Miles)","ME 
(US$ miles)","Total 
(S/ Miles)",84447662.72299999,84447662.72299999,2,"_(* #,##0_);_(* \(#,##0\);_(* ""-""??_);_(@_)",0,8875118.724238025,8875118.724238025,2,"_(* #,##0_);_(* \(#,##0\);_(* ""-""??_);_(@_)",0,121137403.532,121137403.532,2,"_(* #,##0_);_(* \(#,##0\);_(* ""-""??_);_(@_)",0,"filas 4:4, columnas 7:9"
3,Banco Pichincha,False,10,11,12,K,L,M,Banco Pichincha,,,"MN 
(S/ Miles)","ME 
(US$ miles)","Total 
(S/ Miles)",6643769.742999999,6643769.742999999,2,"_(* #,##0_);_(* \(#,##0\);_(* ""-""??_);_(@_)",0,522724.6407837445,522724.6407837445,2,"_(* #,##0_);_(* \(#,##0\);_(* ""-""??_);_(@_)",0,8804713.411,8804713.411,2,"_(* #,##0_);_(* \(#,##0\);_(* ""-""??_);_(@_)",0,"filas 4:4, columnas 10:12"
4,Banco Interamericano de Finanzas,False,13,14,15,N,O,P,Banco Interamericano de Finanzas,,,"MN 
(S/ Miles)","ME 
(US$ miles)","Total 
(S/ Miles)",8781269.942000002,8781269.942000002,2,"_(* #,##0_);_(* \(#,##0\);_(* ""-""??_);_(@_)",0,1028773.9329946783,1028773.9329946783,2,"_(* #,##0_);_(* \(#,##0\);_(* ""-""??_);_(@_)",0,13034221.385,13034221.385,2,"_(* #,##0_);_(* \(#,##0\);_(* ""-""??_);_(@_)",0,"filas 4:4, columnas 13:15"
5,Scotiabank Perú,False,16,17,18,Q,R,S,Scotiabank Perú,,,"MN 
(S/ Miles)","ME 
(US$ miles)","Total 
(S/ Miles)",42058067.081999995,42058067.081999995,2,"_(* #,##0_);_(* \(#,##0\);_(* ""-""??_);_(@_)",0,3631229.917513304,3631229.917513304,2,"_(* #,##0_);_(* \(#,##0\);_(* ""-""??_);_(@_)",0,57069571.566,57069571.566,2,"_(* #,##0_);_(* \(#,##0\);_(* ""-""??_);_(@_)",0,"filas 4:4, columnas 16:18"
6,Citibank,False,19,20,21,T,U,V,Citibank,,,"MN 
(S/ Miles)","ME 
(US$ miles)","Total 
(S/ Miles)",1120370.444,1120370.444,2,"_(* #,##0_);_(* \(#,##0\);_(* ""-""??_);_(@_)",0,158497.80841799706,158497.80841799706,2,"_(* #,##0_);_(* \(#,##0\);_(* ""-""??_);_(@_)",0,1775600.386,1775600.386,2,"_(* #,##0_);_(* \(#,##0\);_(* ""-""??_);_(@_)",0,"filas 4:4, columnas 19:21"
7,Interbank,False,22,23,24,W,X,Y,Interbank ,,,"MN 
(S/ Miles)","ME 
(US$ miles)","Total 
(S/ Miles)",32171468.169,32171468.169,2,"_(* #,##0_);_(* \(#,##0\);_(* ""-""??_);_(@_)",0,2375286.112239961,2375286.112239961,2,"_(* #,##0_);_(* \(#,##0\);_(* ""-""??_);_(@_)",0,41990900.96,41990900.96,2,"_(* #,##0_);_(* \(#,##0\);_(* ""-""??_);_(@_)",0,"filas 4:4, columnas 22:24"
8,Mibanco,False,25,26,27,Z,AA,AB,Mibanco,,,"MN 
(S/ Miles)","ME 
(US$ miles)","Total 
(S/ Miles)",13192802.708,13192802.708,2,"_(* #,##0_);_(* \(#,##0\);_(* ""-""??_);_(@_)",0,9366.575229801643,9366.575229801643,2,"_(* #,##0_);_(* \(#,##0\);_(* ""-""??_);_(@_)",0,13231524.132,13231524.132,2,"_(* #,##0_);_(* \(#,##0\);_(* ""-""??_);_(@_)",0,"filas 4:4, columnas 25:27"
9,Banco GNB,False,28,29,30,AC,AD,AE,Banco GNB,,,"MN 
(S/ Miles)","ME 
(US$ miles)","Total 
(S/ Miles)",2531475.915,2531475.915,2,"_(* #,##0_);_(* \(#,##0\);_(* ""-""??_);_(@_)",0,155683.6540880503,155683.6540880503,2,"_(* #,##0_);_(* \(#,##0\);_(* ""-""??_);_(@_)",0,3175072.144,3175072.144,2,"_(* #,##0_);_(* \(#,##0\);_(* ""-""??_);_(@_)",0,"filas 4:4, columnas 28:30"
10,Banco Falabella Perú,False,31,32,33,AF,AG,AH,Banco Falabella Perú ,,,"MN 
(S/ Miles)","ME 
(US$ miles)","Total 
(S/ Miles)",2463742.21,2463742.21,2,"_(* #,##0_);_(* \(#,##0\);_(* ""-""??_);_(@_)",0,146.96178035800676,146.96178035800676,2,"_(* #,##0_);_(* \(#,##0\);_(* ""-""??_);_(@_)",0,2464349.75,2464349.75,2,"_(* #,##0_);_(* \(#,##0\);_(* ""-""??_);_(@_)",0,"filas 4:4, columnas 31:33"
11,Santander Perú S.A.,False,34,35,36,AI,AJ,AK,Santander Perú S.A.,,,"MN 
(S/ Miles)","ME 
(US$ miles)","Total 
(S/ Miles)",2381386.769,2381386.769,2,"_(* #,##0_);_(* \(#,##0\);_(* ""-""??_);_(@_)",0,706235.1584421867,706235.1584421867,2,"_(* #,##0_);_(* \(#,##0\);_(* ""-""??_);_(@_)",0,5300962.916,5300962.916,2,"_(* #,##0_);_(* \(#,##0\);_(* ""-""??_);_(@_)",0,"filas 4:4, columnas 34:36"
12,Banco Ripley,False,37,38,39,AL,AM,AN,Banco Ripley,,,"MN 
(S/ Miles)","ME 
(US$ miles)","Total 
(S/ Miles)",1279129.441,1279129.441,2,"_(* #,##0_);_(* \(#,##0\);_(* ""-""??_);_(@_)",0,0.0,0.0,2,"_(* #,##0_);_(* \(#,##0\);_(* ""-""??_);_(@_)",0,1279129.441,1279129.441,2,"_(* #,##0_);_(* \(#,##0\);_(* ""-""??_);_(@_)",0,"filas 4:4, columnas 37:39"
13,Banco Azteca,False,40,41,42,AO,AP,AQ,Banco Azteca,,,"MN 
(S/ Miles)","ME 
(US$ miles)","Total 
(S/ Miles)",325645.26300000004,325645.26300000004,2,"_(* #,##0_);_(* \(#,##0\);_(* ""-""??_);_(@_)",0,0.0,0.0,2,"_(* #,##0_);_(* \(#,##0\);_(* ""-""??_);_(@_)",0,325645.263,325645.263,2,"_(* #,##0_);_(* \(#,##0\);_(* ""-""??_);_(@_)",0,"filas 4:4, columnas 40:42"
14,B. ICBC,False,43,44,45,AR,AS,AT,B. ICBC,,,"MN 
(S/ Miles)","ME 
(US$ miles)","Total 
(S/ Miles)",252459.78199999998,252459.78199999998,2,"_(* #,##0_);_(* \(#,##0\);_(* ""-""??_);_(@_)",0,162754.17223028542,162754.17223028542,2,"_(* #,##0_);_(* \(#,##0\);_(* ""-""??_);_(@_)",0,925285.532,925285.532,2,"_(* #,##0_);_(* \(#,##0\);_(* ""-""??_);_(@_)",0,"filas 4:4, columnas 43:45"
15,Bank of China,False,46,47,48,AU,AV,AW,Bank of China,,,"MN 
(S/ Miles)","ME 
(US$ miles)","Total 
(S/ Miles)",22000.0,22000.0,2,"_(* #,##0_);_(* \(#,##0\);_(* ""-""??_);_(@_)",0,5000.0,5000.0,2,"_(* #,##0_);_(* \(#,##0\);_(* ""-""??_);_(@_)",0,42670.0,42670.0,2,"_(* #,##0_);_(* \(#,##0\);_(* ""-""??_);_(@_)",0,"filas 4:4, columnas 46:48"
16,Total Banca Múltiple,True,49,50,51,AX,AY,AZ,Total Banca Múltiple,,,"MN 
(S/ Miles)","ME 
(US$ miles)","Total 
(S/ Miles)",254102437.485,254102437.485,2,"_(* #,##0_);_(* \(#,##0\);_(* ""-""??_);_(@_)",0,22239401.111030478,22239401.111030478,2,"_(* #,##0_);_(* \(#,##0\);_(* ""-""??_);_(@_)",0,346040121.681,346040121.681,2,"_(* #,##0_);_(* \(#,##0\);_(* ""-""??_);_(@_)",0,"filas 4:4, columnas 49:51"
