mes,variable,cantidad_bancos,suma_sum,suma_fsum,total_sbs,diferencia_sum,diferencia_absoluta_sum,diferencia_relativa_sum,diferencia_fsum,diferencia_absoluta_fsum,diferencia_relativa_fsum,diferencia_sum_vs_fsum,formato_excel_agregado,decimales_mostrados,valor_raw_agregado,valor_raw_agregado_repr,xf_index_agregado,format_key_agregado,round_sum,round_fsum,round_total_sbs,coincide_round_sum,coincide_round_fsum,coincide_precision_mostrada,archivo,sha256
2008-06,MN,15,31089131.565,31089131.565,31089131.565,0.0,0.0,0.0,0.0,0.0,0.0,0.0,"_(* #,##0_);_(* \(#,##0\);_(* ""-""??_);_(@_)",0,31089131.565,31089131.565,39,165,31089132.0,31089132.0,31089132.0,True,True,True,C:\Users\Crystell\Desktop\FINANZAS\datos_crudos\sbs_piloto\creditos_2008_06.xls,82e9da0b8be1f8dff70979b5446dbfdc7c0cadc59d0b304d447d6cc68615a5fd
2008-06,ME,15,15287455.582939986,15287455.582939986,15287455.582939984,1.862645149230957e-09,1.862645149230957e-09,1.2184141037240843e-16,1.862645149230957e-09,1.862645149230957e-09,1.2184141037240843e-16,0.0,"_(* #,##0_);_(* \(#,##0\);_(* ""-""??_);_(@_)",0,15287455.582939984,15287455.582939984,40,165,15287456.0,15287456.0,15287456.0,True,True,True,C:\Users\Crystell\Desktop\FINANZAS\datos_crudos\sbs_piloto\creditos_2008_06.xls,82e9da0b8be1f8dff70979b5446dbfdc7c0cadc59d0b304d447d6cc68615a5fd
2008-06,TOTAL,15,76431724.968,76431724.968,76431724.96800001,-1.4901161193847656e-08,1.4901161193847656e-08,1.9496041990529963e-16,-1.4901161193847656e-08,1.4901161193847656e-08,1.9496041990529963e-16,0.0,"_(* #,##0_);_(* \(#,##0\);_(* ""-""??_);_(@_)",0,76431724.96800001,76431724.96800001,41,165,76431725.0,76431725.0,76431725.0,True,True,True,C:\Users\Crystell\Desktop\FINANZAS\datos_crudos\sbs_piloto\creditos_2008_06.xls,82e9da0b8be1f8dff70979b5446dbfdc7c0cadc59d0b304d447d6cc68615a5fd
2010-12,MN,15,52285817.633,52285817.633,52285817.66399999,-0.030999988317489624,0.030999988317489624,5.928947791675034e-10,-0.030999988317489624,0.030999988317489624,5.928947791675034e-10,0.0,"_(* #,##0_);_(* \(#,##0\);_(* ""-""??_);_(@_)",0,52285817.66399999,52285817.66399999,116,168,52285818.0,52285818.0,52285818.0,True,True,True,C:\Users\Crystell\Desktop\FINANZAS\datos_crudos\sbs_piloto\creditos_2010_12.xls,316e19a4617cef3223027a0f409745e3d07445c3b44033ab69651da7e61ca5d5
2010-12,ME,15,20447046.87967248,20447046.87967248,20447046.88180847,-0.0021359920501708984,0.0021359920501708984,1.0446457439637744e-10,-0.0021359920501708984,0.0021359920501708984,1.0446457439637744e-10,0.0,"_(* #,##0_);_(* \(#,##0\);_(* ""-""??_);_(@_)",0,20447046.88180847,20447046.88180847,117,168,20447047.0,20447047.0,20447047.0,True,True,True,C:\Users\Crystell\Desktop\FINANZAS\datos_crudos\sbs_piloto\creditos_2010_12.xls,316e19a4617cef3223027a0f409745e3d07445c3b44033ab69651da7e61ca5d5
2010-12,TOTAL,15,109721572.352,109721572.352,109721572.352,0.0,0.0,0.0,0.0,0.0,0.0,0.0,"_(* #,##0_);_(* \(#,##0\);_(* ""-""??_);_(@_)",0,109721572.352,109721572.352,118,168,109721572.0,109721572.0,109721572.0,True,True,True,C:\Users\Crystell\Desktop\FINANZAS\datos_crudos\sbs_piloto\creditos_2010_12.xls,316e19a4617cef3223027a0f409745e3d07445c3b44033ab69651da7e61ca5d5
2011-12,MN,15,62896313.835,62896313.835,62896313.869,-0.03400000184774399,0.03400000184774399,5.405722490917187e-10,-0.03400000184774399,0.03400000184774399,5.405722490917187e-10,0.0,"_(* #,##0_);_(* \(#,##0\);_(* ""-""??_);_(@_)",0,62896313.869,62896313.869,116,168,62896314.0,62896314.0,62896314.0,True,True,True,C:\Users\Crystell\Desktop\FINANZAS\datos_crudos\sbs_piloto\creditos_2011_12.xls,8335aa5fc50465930a7b8bbc19a3dc9a2511c26e2d573acd5d41c14501c6ad0c
2011-12,ME,15,24288422.789317507,24288422.789317507,24288422.791172106,-0.0018545985221862793,0.0018545985221862793,7.635730562382805e-11,-0.0018545985221862793,0.0018545985221862793,7.635730562382805e-11,0.0,"_(* #,##0_);_(* \(#,##0\);_(* ""-""??_);_(@_)",0,24288422.791172106,24288422.791172106,117,168,24288423.0,24288423.0,24288423.0,True,True,True,C:\Users\Crystell\Desktop\FINANZAS\datos_crudos\sbs_piloto\creditos_2011_12.xls,8335aa5fc50465930a7b8bbc19a3dc9a2511c26e2d573acd5d41c14501c6ad0c
2011-12,TOTAL,15,128377901.711,128377901.711,128377901.718,-0.006999999284744263,0.006999999284744263,5.452651267132205e-11,-0.006999999284744263,0.006999999284744263,5.452651267132205e-11,0.0,"_(* #,##0_);_(* \(#,##0\);_(* ""-""??_);_(@_)",0,128377901.718,128377901.718,118,168,128377902.0,128377902.0,128377902.0,True,True,True,C:\Users\Crystell\Desktop\FINANZAS\datos_crudos\sbs_piloto\creditos_2011_12.xls,8335aa5fc50465930a7b8bbc19a3dc9a2511c26e2d573acd5d41c14501c6ad0c
2015-06,MN,17,133463000.147,133463000.147,133463000.179,-0.03200000524520874,0.03200000524520874,2.3976686574024614e-10,-0.03200000524520874,0.03200000524520874,2.3976686574024614e-10,0.0,"_(* #,##0_);_(* \(#,##0\);_(* ""-""??_);_(@_)",0,133463000.179,133463000.179,117,175,133463000.0,133463000.0,133463000.0,True,True,True,C:\Users\Crystell\Desktop\FINANZAS\datos_crudos\sbs_piloto\creditos_2015_06.xls,69541c31ee76b6250b27f44e4848b6e6769929daf8b0cfddf56a0cedf84f2fd3
2015-06,ME,17,24426520.839785963,24426520.839785963,24426520.841674536,-0.001888573169708252,0.001888573169708252,7.731650290884334e-11,-0.001888573169708252,0.001888573169708252,7.731650290884334e-11,0.0,"_(* #,##0_);_(* \(#,##0\);_(* ""-""??_);_(@_)",0,24426520.841674536,24426520.841674536,118,175,24426521.0,24426521.0,24426521.0,True,True,True,C:\Users\Crystell\Desktop\FINANZAS\datos_crudos\sbs_piloto\creditos_2015_06.xls,69541c31ee76b6250b27f44e4848b6e6769929daf8b0cfddf56a0cedf84f2fd3
2015-06,TOTAL,17,211066056.891,211066056.891,211066056.896,-0.004999995231628418,0.004999995231628418,2.3689243572177496e-11,-0.004999995231628418,0.004999995231628418,2.3689243572177496e-11,0.0,"_(* #,##0_);_(* \(#,##0\);_(* ""-""??_);_(@_)",0,211066056.896,211066056.896,119,175,211066057.0,211066057.0,211066057.0,True,True,True,C:\Users\Crystell\Desktop\FINANZAS\datos_crudos\sbs_piloto\creditos_2015_06.xls,69541c31ee76b6250b27f44e4848b6e6769929daf8b0cfddf56a0cedf84f2fd3
2020-06,MN,15,232615905.658,232615905.658,232615905.69700003,-0.03900003433227539,0.03900003433227539,1.6765850217945075e-10,-0.03900003433227539,0.03900003433227539,1.6765850217945075e-10,0.0,"_(* #,##0_);_(* \(#,##0\);_(* ""-""??_);_(@_)",0,232615905.69700003,232615905.69700003,96,167,232615906.0,232615906.0,232615906.0,True,True,True,C:\Users\Crystell\Desktop\FINANZAS\datos_crudos\sbs_piloto\creditos_2020_06.xls,2c2a3d020c505e17ba74653983183eeef20dde9c7fa93bb3f22e3a28eb16aa7e
2020-06,ME,15,24907958.024024874,24907958.024024874,24907958.026003394,-0.001978520303964615,0.001978520303964615,7.943325992034676e-11,-0.001978520303964615,0.001978520303964615,7.943325992034676e-11,0.0,"_(* #,##0_);_(* \(#,##0\);_(* ""-""??_);_(@_)",0,24907958.026003394,24907958.026003394,97,167,24907958.0,24907958.0,24907958.0,True,True,True,C:\Users\Crystell\Desktop\FINANZAS\datos_crudos\sbs_piloto\creditos_2020_06.xls,2c2a3d020c505e17ba74653983183eeef20dde9c7fa93bb3f22e3a28eb16aa7e
2020-06,TOTAL,15,320740261.189,320740261.189,320740261.197,-0.008000016212463379,0.008000016212463379,2.4942351118027355e-11,-0.008000016212463379,0.008000016212463379,2.4942351118027355e-11,0.0,"_(* #,##0_);_(* \(#,##0\);_(* ""-""??_);_(@_)",0,320740261.197,320740261.197,98,167,320740261.0,320740261.0,320740261.0,True,True,True,C:\Users\Crystell\Desktop\FINANZAS\datos_crudos\sbs_piloto\creditos_2020_06.xls,2c2a3d020c505e17ba74653983183eeef20dde9c7fa93bb3f22e3a28eb16aa7e
2025-12,MN,19,273831233.418,273831233.418,273831233.425,-0.00700002908706665,0.00700002908706665,2.5563296777772054e-11,-0.00700002908706665,0.00700002908706665,2.5563296777772054e-11,0.0,"_(* #,##0_);_(* \(#,##0\);_(* ""-""??_);_(@_)",0,273831233.425,273831233.425,91,173,273831233.0,273831233.0,273831233.0,True,True,True,C:\Users\Crystell\Desktop\FINANZAS\datos_crudos\sbs_piloto\creditos_2025_12.xls,761baf525277356abebac65fd7e93c71936dc8a2e5da161dc8904b147a4f2fe4
2025-12,ME,19,28726557.30359798,28726557.30359798,28726557.30627416,-0.0026761814951896667,0.0026761814951896667,9.316053666497525e-11,-0.0026761814951896667,0.0026761814951896667,9.316053666497525e-11,0.0,"_(* #,##0_);_(* \(#,##0\);_(* ""-""??_);_(@_)",0,28726557.30627416,28726557.30627416,92,173,28726557.0,28726557.0,28726557.0,True,True,True,C:\Users\Crystell\Desktop\FINANZAS\datos_crudos\sbs_piloto\creditos_2025_12.xls,761baf525277356abebac65fd7e93c71936dc8a2e5da161dc8904b147a4f2fe4
2025-12,TOTAL,19,370438645.639,370438645.639,370438645.646,-0.00700002908706665,0.00700002908706665,1.8896595075439414e-11,-0.00700002908706665,0.00700002908706665,1.8896595075439414e-11,0.0,"_(* #,##0_);_(* \(#,##0\);_(* ""-""??_);_(@_)",0,370438645.646,370438645.646,93,173,370438646.0,370438646.0,370438646.0,True,True,True,C:\Users\Crystell\Desktop\FINANZAS\datos_crudos\sbs_piloto\creditos_2025_12.xls,761baf525277356abebac65fd7e93c71936dc8a2e5da161dc8904b147a4f2fe4
