indice_bloque,banco_original,es_agregado,columna_mn,columna_me,columna_total,encabezado_mn_raw,encabezado_me_raw,encabezado_total_raw,nombre_celda_1_raw,nombre_celda_2_raw,nombre_celda_3_raw,mn_raw,mn_raw_repr,mn_ctype,mn_xf_index,mn_format_key,mn_format_str,mn_decimales,me_raw,me_raw_repr,me_ctype,me_xf_index,me_format_key,me_format_str,me_decimales,total_raw,total_raw_repr,total_ctype,total_xf_index,total_format_key,total_format_str,total_decimales
1,Banco Continental,False,1,2,3,"MN 
(S/. Miles)","ME 
(US$ miles)","Total 
(S/. Miles)",Banco Continental,,,31788848.725,31788848.725,2,124,167,"_(* #,##0_);_(* \(#,##0\);_(* ""-""??_);_(@_)",0,5027730.81610614,5027730.81610614,2,125,167,"_(* #,##0_);_(* \(#,##0\);_(* ""-""??_);_(@_)",0,48083724.304,48083724.304,2,126,167,"_(* #,##0_);_(* \(#,##0\);_(* ""-""??_);_(@_)",0
2,Banco de Comercio,False,4,5,6,"MN 
(S/. Miles)","ME 
(US$ miles)","Total 
(S/. Miles)",Banco de Comercio,,,1258127.396,1258127.396,2,124,167,"_(* #,##0_);_(* \(#,##0\);_(* ""-""??_);_(@_)",0,35632.08022215366,35632.08022215366,2,125,167,"_(* #,##0_);_(* \(#,##0\);_(* ""-""??_);_(@_)",0,1373610.971,1373610.971,2,126,167,"_(* #,##0_);_(* \(#,##0\);_(* ""-""??_);_(@_)",0
3,Banco de Crédito del Perú,False,7,8,9,"MN 
(S/. Miles)","ME 
(US$ miles)","Total 
(S/. Miles)",Banco de Crédito del Perú ,,,47226831.319,47226831.319,2,124,167,"_(* #,##0_);_(* \(#,##0\);_(* ""-""??_);_(@_)",0,9544486.189447701,9544486.189447701,2,125,167,"_(* #,##0_);_(* \(#,##0\);_(* ""-""??_);_(@_)",0,78160511.061,78160511.061,2,126,167,"_(* #,##0_);_(* \(#,##0\);_(* ""-""??_);_(@_)",0
4,Banco Financiero,False,10,11,12,"MN 
(S/. Miles)","ME 
(US$ miles)","Total 
(S/. Miles)",Banco Financiero ,,,4697525.868000001,4697525.868000001,2,124,167,"_(* #,##0_);_(* \(#,##0\);_(* ""-""??_);_(@_)",0,494804.0759024992,494804.0759024992,2,125,167,"_(* #,##0_);_(* \(#,##0\);_(* ""-""??_);_(@_)",0,6301185.883,6301185.883,2,126,167,"_(* #,##0_);_(* \(#,##0\);_(* ""-""??_);_(@_)",0
5,Banco Interamericano de Finanzas,False,13,14,15,"MN 
(S/. Miles)","ME 
(US$ miles)","Total 
(S/. Miles)",Banco Interamericano de Finanzas,,,6101246.886,6101246.886,2,124,167,"_(* #,##0_);_(* \(#,##0\);_(* ""-""??_);_(@_)",0,914868.14501697,914868.14501697,2,125,167,"_(* #,##0_);_(* \(#,##0\);_(* ""-""??_);_(@_)",0,9066334.549,9066334.549,2,126,167,"_(* #,##0_);_(* \(#,##0\);_(* ""-""??_);_(@_)",0
6,Scotiabank Perú,False,16,17,18,"MN 
(S/. Miles)","ME 
(US$ miles)","Total 
(S/. Miles)",Scotiabank Perú,,,26766280.182,26766280.182,2,124,167,"_(* #,##0_);_(* \(#,##0\);_(* ""-""??_);_(@_)",0,4679120.10614008,4679120.10614008,2,125,167,"_(* #,##0_);_(* \(#,##0\);_(* ""-""??_);_(@_)",0,41931308.449,41931308.449,2,126,167,"_(* #,##0_);_(* \(#,##0\);_(* ""-""??_);_(@_)",0
7,Citibank,False,19,20,21,"MN 
(S/. Miles)","ME 
(US$ miles)","Total 
(S/. Miles)",Citibank,,,1389685.234,1389685.234,2,124,167,"_(* #,##0_);_(* \(#,##0\);_(* ""-""??_);_(@_)",0,135927.41468682504,135927.41468682504,2,125,167,"_(* #,##0_);_(* \(#,##0\);_(* ""-""??_);_(@_)",0,1830225.987,1830225.987,2,126,167,"_(* #,##0_);_(* \(#,##0\);_(* ""-""??_);_(@_)",0
8,Interbank,False,22,23,24,"MN 
(S/. Miles)","ME 
(US$ miles)","Total 
(S/. Miles)",Interbank ,,,19877358.734,19877358.734,2,124,167,"_(* #,##0_);_(* \(#,##0\);_(* ""-""??_);_(@_)",0,2132132.6531934584,2132132.6531934584,2,125,167,"_(* #,##0_);_(* \(#,##0\);_(* ""-""??_);_(@_)",0,26787600.667,26787600.667,2,126,167,"_(* #,##0_);_(* \(#,##0\);_(* ""-""??_);_(@_)",0
9,Mibanco,False,25,26,27,"MN 
(S/. Miles)","ME 
(US$ miles)","Total 
(S/. Miles)",Mibanco,,,8752240.725,8752240.725,2,124,167,"_(* #,##0_);_(* \(#,##0\);_(* ""-""??_);_(@_)",0,41835.6207960506,41835.6207960506,2,125,167,"_(* #,##0_);_(* \(#,##0\);_(* ""-""??_);_(@_)",0,8887829.975,8887829.975,2,126,167,"_(* #,##0_);_(* \(#,##0\);_(* ""-""??_);_(@_)",0
10,Banco GNB,False,28,29,30,"MN 
(S/. Miles)","ME 
(US$ miles)","Total 
(S/. Miles)",Banco GNB,,,2898296.872,2898296.872,2,124,167,"_(* #,##0_);_(* \(#,##0\);_(* ""-""??_);_(@_)",0,291685.30546127737,291685.30546127737,2,125,167,"_(* #,##0_);_(* \(#,##0\);_(* ""-""??_);_(@_)",0,3843648.95,3843648.95,2,126,167,"_(* #,##0_);_(* \(#,##0\);_(* ""-""??_);_(@_)",0
11,Banco Falabella Perú,False,31,32,33,"MN 
(S/. Miles)","ME 
(US$ miles)","Total 
(S/. Miles)",Banco Falabella Perú ,,,3633297.9260000004,3633297.9260000004,2,124,167,"_(* #,##0_);_(* \(#,##0\);_(* ""-""??_);_(@_)",0,9393.663684048133,9393.663684048133,2,125,167,"_(* #,##0_);_(* \(#,##0\);_(* ""-""??_);_(@_)",0,3663742.792,3663742.792,2,126,167,"_(* #,##0_);_(* \(#,##0\);_(* ""-""??_);_(@_)",0
12,Santander Perú S.A.,False,34,35,36,"MN 
(S/. Miles)","ME 
(US$ miles)","Total 
(S/. Miles)",Santander Perú S.A.,,,1526384.257,1526384.257,2,124,167,"_(* #,##0_);_(* \(#,##0\);_(* ""-""??_);_(@_)",0,423364.19222462206,423364.19222462206,2,125,167,"_(* #,##0_);_(* \(#,##0\);_(* ""-""??_);_(@_)",0,2898507.608,2898507.608,2,126,167,"_(* #,##0_);_(* \(#,##0\);_(* ""-""??_);_(@_)",0
13,Banco Ripley,False,37,38,39,"MN 
(S/. Miles)","ME 
(US$ miles)","Total 
(S/. Miles)",Banco Ripley,,,1791896.876,1791896.876,2,124,167,"_(* #,##0_);_(* \(#,##0\);_(* ""-""??_);_(@_)",0,0.0,0.0,2,125,167,"_(* #,##0_);_(* \(#,##0\);_(* ""-""??_);_(@_)",0,1791896.876,1791896.876,2,126,167,"_(* #,##0_);_(* \(#,##0\);_(* ""-""??_);_(@_)",0
14,Banco Azteca,False,40,41,42,"MN 
(S/. Miles)","ME 
(US$ miles)","Total 
(S/. Miles)",Banco Azteca,,,376504.787,376504.787,2,124,167,"_(* #,##0_);_(* \(#,##0\);_(* ""-""??_);_(@_)",0,0.0,0.0,2,125,167,"_(* #,##0_);_(* \(#,##0\);_(* ""-""??_);_(@_)",0,376504.787,376504.787,2,126,167,"_(* #,##0_);_(* \(#,##0\);_(* ""-""??_);_(@_)",0
15,B. Cencosud,False,43,44,45,"MN 
(S/. Miles)","ME 
(US$ miles)","Total 
(S/. Miles)",B. Cencosud,,,506899.695,506899.695,2,124,167,"_(* #,##0_);_(* \(#,##0\);_(* ""-""??_);_(@_)",0,0.0,0.0,2,125,167,"_(* #,##0_);_(* \(#,##0\);_(* ""-""??_);_(@_)",0,506899.695,506899.695,2,126,167,"_(* #,##0_);_(* \(#,##0\);_(* ""-""??_);_(@_)",0
16,B. ICBC,False,46,47,48,"MN 
(S/. Miles)","ME 
(US$ miles)","Total 
(S/. Miles)",B. ICBC,,,80446.0,80446.0,2,124,167,"_(* #,##0_);_(* \(#,##0\);_(* ""-""??_);_(@_)",0,44602.058315334776,44602.058315334776,2,125,167,"_(* #,##0_);_(* \(#,##0\);_(* ""-""??_);_(@_)",0,225001.271,225001.271,2,126,167,"_(* #,##0_);_(* \(#,##0\);_(* ""-""??_);_(@_)",0
17,Total Banca Múltiple,True,49,50,51,"MN 
(S/. Miles)","ME 
(US$ miles)","Total 
(S/. Miles)",Total Banca Múltiple,,,158671871.52,158671871.52,2,124,167,"_(* #,##0_);_(* \(#,##0\);_(* ""-""??_);_(@_)",0,23775582.32335699,23775582.32335699,2,125,167,"_(* #,##0_);_(* \(#,##0\);_(* ""-""??_);_(@_)",0,235728533.834,235728533.834,2,126,167,"_(* #,##0_);_(* \(#,##0\);_(* ""-""??_);_(@_)",0
