banco_original,es_agregado,variable,fila_excel_0based,columna_excel_0based,valor_parser,valor_raw,valor_raw_repr,ctype_xlrd,xf_index,format_key,format_str,decimales_formato
Banco Continental,False,MN,65,1,32190088.531999998,32190088.531999998,32190088.531999998,2,123,167,"_(* #,##0_);_(* \(#,##0\);_(* ""-""??_);_(@_)",0
Banco Continental,False,ME,65,2,4986250.852400711,4986250.852400711,4986250.852400711,2,124,167,"_(* #,##0_);_(* \(#,##0\);_(* ""-""??_);_(@_)",0
Banco Continental,False,TOTAL,65,3,49013698.911,49013698.911,49013698.911,2,125,167,"_(* #,##0_);_(* \(#,##0\);_(* ""-""??_);_(@_)",0
Banco de Comercio,False,MN,65,4,1008290.219,1008290.219,1008290.219,2,123,167,"_(* #,##0_);_(* \(#,##0\);_(* ""-""??_);_(@_)",0
Banco de Comercio,False,ME,65,5,43147.85566093657,43147.85566093657,43147.85566093657,2,124,167,"_(* #,##0_);_(* \(#,##0\);_(* ""-""??_);_(@_)",0
Banco de Comercio,False,TOTAL,65,6,1153871.088,1153871.088,1153871.088,2,125,167,"_(* #,##0_);_(* \(#,##0\);_(* ""-""??_);_(@_)",0
Banco de Crédito del Perú,False,MN,65,7,47420409.140999995,47420409.140999995,47420409.140999995,2,123,167,"_(* #,##0_);_(* \(#,##0\);_(* ""-""??_);_(@_)",0
Banco de Crédito del Perú,False,ME,65,8,8539650.53023118,8539650.53023118,8539650.53023118,2,124,167,"_(* #,##0_);_(* \(#,##0\);_(* ""-""??_);_(@_)",0
Banco de Crédito del Perú,False,TOTAL,65,9,76233190.034,76233190.034,76233190.034,2,125,167,"_(* #,##0_);_(* \(#,##0\);_(* ""-""??_);_(@_)",0
Banco Financiero,False,MN,65,10,4115171.9790000003,4115171.9790000003,4115171.9790000003,2,123,167,"_(* #,##0_);_(* \(#,##0\);_(* ""-""??_);_(@_)",0
Banco Financiero,False,ME,65,11,674316.0835803201,674316.0835803201,674316.0835803201,2,124,167,"_(* #,##0_);_(* \(#,##0\);_(* ""-""??_);_(@_)",0
Banco Financiero,False,TOTAL,65,12,6390314.449,6390314.449,6390314.449,2,125,167,"_(* #,##0_);_(* \(#,##0\);_(* ""-""??_);_(@_)",0
Banco Interamericano de Finanzas,False,MN,65,13,5211954.711,5211954.711,5211954.711,2,123,167,"_(* #,##0_);_(* \(#,##0\);_(* ""-""??_);_(@_)",0
Banco Interamericano de Finanzas,False,ME,65,14,860233.3369887375,860233.3369887375,860233.3369887375,2,124,167,"_(* #,##0_);_(* \(#,##0\);_(* ""-""??_);_(@_)",0
Banco Interamericano de Finanzas,False,TOTAL,65,15,8114381.995,8114381.995,8114381.995,2,125,167,"_(* #,##0_);_(* \(#,##0\);_(* ""-""??_);_(@_)",0
Scotiabank Perú,False,MN,65,16,23327800.663,23327800.663,23327800.663,2,123,167,"_(* #,##0_);_(* \(#,##0\);_(* ""-""??_);_(@_)",0
Scotiabank Perú,False,ME,65,17,4083761.029342027,4083761.029342027,4083761.029342027,2,124,167,"_(* #,##0_);_(* \(#,##0\);_(* ""-""??_);_(@_)",0
Scotiabank Perú,False,TOTAL,65,18,37106410.379,37106410.379,37106410.379,2,125,167,"_(* #,##0_);_(* \(#,##0\);_(* ""-""??_);_(@_)",0
Citibank,False,MN,65,19,1626357.6860000002,1626357.6860000002,1626357.6860000002,2,123,167,"_(* #,##0_);_(* \(#,##0\);_(* ""-""??_);_(@_)",0
Citibank,False,ME,65,20,216130.37907528155,216130.37907528155,216130.37907528155,2,124,167,"_(* #,##0_);_(* \(#,##0\);_(* ""-""??_);_(@_)",0
Citibank,False,TOTAL,65,21,2355581.588,2355581.588,2355581.588,2,125,167,"_(* #,##0_);_(* \(#,##0\);_(* ""-""??_);_(@_)",0
Interbank,False,MN,65,22,18046520.116,18046520.116,18046520.116,2,123,167,"_(* #,##0_);_(* \(#,##0\);_(* ""-""??_);_(@_)",0
Interbank,False,ME,65,23,2126111.838767042,2126111.838767042,2126111.838767042,2,124,167,"_(* #,##0_);_(* \(#,##0\);_(* ""-""??_);_(@_)",0
Interbank,False,TOTAL,65,24,25220021.462,25220021.462,25220021.462,2,125,167,"_(* #,##0_);_(* \(#,##0\);_(* ""-""??_);_(@_)",0
Mibanco,False,MN,65,25,7475840.567,7475840.567,7475840.567,2,123,167,"_(* #,##0_);_(* \(#,##0\);_(* ""-""??_);_(@_)",0
Mibanco,False,ME,65,26,89018.35921754595,89018.35921754595,89018.35921754595,2,124,167,"_(* #,##0_);_(* \(#,##0\);_(* ""-""??_);_(@_)",0
Mibanco,False,TOTAL,65,27,7776188.513,7776188.513,7776188.513,2,125,167,"_(* #,##0_);_(* \(#,##0\);_(* ""-""??_);_(@_)",0
Banco GNB,False,MN,65,28,2635118.652,2635118.652,2635118.652,2,123,167,"_(* #,##0_);_(* \(#,##0\);_(* ""-""??_);_(@_)",0
Banco GNB,False,ME,65,29,317682.54534676945,317682.54534676945,317682.54534676945,2,124,167,"_(* #,##0_);_(* \(#,##0\);_(* ""-""??_);_(@_)",0
Banco GNB,False,TOTAL,65,30,3706979.563,3706979.563,3706979.563,2,125,167,"_(* #,##0_);_(* \(#,##0\);_(* ""-""??_);_(@_)",0
Banco Falabella Perú,False,MN,65,31,3603220.0700000003,3603220.0700000003,3603220.0700000003,2,123,167,"_(* #,##0_);_(* \(#,##0\);_(* ""-""??_);_(@_)",0
Banco Falabella Perú,False,ME,65,32,28102.47540011855,28102.47540011855,28102.47540011855,2,124,167,"_(* #,##0_);_(* \(#,##0\);_(* ""-""??_);_(@_)",0
Banco Falabella Perú,False,TOTAL,65,33,3698037.824,3698037.824,3698037.824,2,125,167,"_(* #,##0_);_(* \(#,##0\);_(* ""-""??_);_(@_)",0
Santander Perú S.A.,False,MN,65,34,1421599.186,1421599.186,1421599.186,2,123,167,"_(* #,##0_);_(* \(#,##0\);_(* ""-""??_);_(@_)",0
Santander Perú S.A.,False,ME,65,35,434989.4463544754,434989.4463544754,434989.4463544754,2,124,167,"_(* #,##0_);_(* \(#,##0\);_(* ""-""??_);_(@_)",0
Santander Perú S.A.,False,TOTAL,65,36,2889253.58,2889253.58,2889253.58,2,125,167,"_(* #,##0_);_(* \(#,##0\);_(* ""-""??_);_(@_)",0
Banco Ripley,False,MN,65,37,1444065.796,1444065.796,1444065.796,2,123,167,"_(* #,##0_);_(* \(#,##0\);_(* ""-""??_);_(@_)",0
Banco Ripley,False,ME,65,38,0.0,0.0,0.0,2,124,167,"_(* #,##0_);_(* \(#,##0\);_(* ""-""??_);_(@_)",0
Banco Ripley,False,TOTAL,65,39,1444065.796,1444065.796,1444065.796,2,125,167,"_(* #,##0_);_(* \(#,##0\);_(* ""-""??_);_(@_)",0
Banco Azteca,False,MN,65,40,432858.254,432858.254,432858.254,2,123,167,"_(* #,##0_);_(* \(#,##0\);_(* ""-""??_);_(@_)",0
Banco Azteca,False,ME,65,41,0.0,0.0,0.0,2,124,167,"_(* #,##0_);_(* \(#,##0\);_(* ""-""??_);_(@_)",0
Banco Azteca,False,TOTAL,65,42,432858.254,432858.254,432858.254,2,125,167,"_(* #,##0_);_(* \(#,##0\);_(* ""-""??_);_(@_)",0
Deutsche Bank,False,MN,65,43,0.0,0.0,0.0,2,123,167,"_(* #,##0_);_(* \(#,##0\);_(* ""-""??_);_(@_)",0
Deutsche Bank,False,ME,65,44,0.0,0.0,0.0,2,124,167,"_(* #,##0_);_(* \(#,##0\);_(* ""-""??_);_(@_)",0
Deutsche Bank,False,TOTAL,65,45,0.0,0.0,0.0,2,125,167,"_(* #,##0_);_(* \(#,##0\);_(* ""-""??_);_(@_)",0
B. Cencosud,False,MN,65,46,410106.113,410106.113,410106.113,2,123,167,"_(* #,##0_);_(* \(#,##0\);_(* ""-""??_);_(@_)",0
B. Cencosud,False,ME,65,47,0.0,0.0,0.0,2,124,167,"_(* #,##0_);_(* \(#,##0\);_(* ""-""??_);_(@_)",0
B. Cencosud,False,TOTAL,65,48,410106.113,410106.113,410106.113,2,125,167,"_(* #,##0_);_(* \(#,##0\);_(* ""-""??_);_(@_)",0
B. ICBC,False,MN,65,49,4518.0,4518.0,4518.0,2,123,167,"_(* #,##0_);_(* \(#,##0\);_(* ""-""??_);_(@_)",0
B. ICBC,False,ME,65,50,34399.99970361588,34399.99970361588,34399.99970361588,2,124,167,"_(* #,##0_);_(* \(#,##0\);_(* ""-""??_);_(@_)",0
B. ICBC,False,TOTAL,65,51,120583.599,120583.599,120583.599,2,125,167,"_(* #,##0_);_(* \(#,##0\);_(* ""-""??_);_(@_)",0
Total Banca Múltiple,True,MN,65,52,150373919.72,150373919.72,150373919.72,2,123,167,"_(* #,##0_);_(* \(#,##0\);_(* ""-""??_);_(@_)",0
Total Banca Múltiple,True,ME,65,53,22433794.733847063,22433794.733847063,22433794.733847063,2,124,167,"_(* #,##0_);_(* \(#,##0\);_(* ""-""??_);_(@_)",0
Total Banca Múltiple,True,TOTAL,65,54,226065543.155,226065543.155,226065543.155,2,125,167,"_(* #,##0_);_(* \(#,##0\);_(* ""-""??_);_(@_)",0
