mes,banco_original_mn,banco_original_me,saldo_final_mn,saldo_final_me,doldep_pct,problemas
2015-11,B. Azteca Perú,B. Azteca Perú,715594.864,56874.59,7.362697606422118,
2015-11,B. Cencosud,B. Cencosud,349030.563,7335.673,2.058464652077757,
2015-11,B. Continental,B. Continental,20814588.207,25404435.686,54.96532281774902,
2015-11,B. de Comercio,B. de Comercio,910459.174,406321.193,30.857172781647346,
2015-11,B. de Crédito del Perú (con sucursales en el exterior),B. de Crédito del Perú (con sucursales en el exterior),30652618.615,39649796.188,56.39891076160877,
2015-11,B. Falabella Perú .,B. Falabella Perú .,2638257.304,435095.617,14.15703396856973,
2015-11,B. Financiero,B. Financiero,2743998.917,1831825.316,40.03268532014875,
2015-11,B. GNB,B. GNB,2333006.703,1543658.789,39.81924136053367,
2015-11,B. ICBC,B. ICBC,15085.462,169555.025,91.82981899305757,
2015-11,B. Interamericano de Finanzas,B. Interamericano de Finanzas,3697054.815,3597012.999,49.31422480191381,
2015-11,B. Ripley,B. Ripley,1002080.665,26201.301,2.548065789962517,
2015-11,B. Santander Perú,B. Santander Perú,772503.402,2632949.783,77.3156945629837,
2015-11,Citibank,Citibank,1578634.425,2521080.105,61.49404029358112,
2015-11,Deutsche Bank Perú,Deutsche Bank Perú,156.023,84438.253,99.81556317120085,
2015-11,Interbank,Interbank,12142133.383,13015040.128,51.73490623781388,
2015-11,Mibanco,Mibanco,4489247.983,1111251.389,19.842005421083726,
2015-11,Scotiabank Perú (con sucursales en el exterior),Scotiabank Perú (con sucursales en el exterior),12224276.09,19263516.389,61.177729121046895,
