mes,banco_original,mn_soles_miles,me_usd_miles,total_soles_miles,dolcred_pct,problemas
2015-11,Banco Continental,32190088.531999998,4986250.852400711,49013698.911,34.32430270065647,
2015-11,Banco de Comercio,1008290.219,43147.85566093657,1153871.088,12.61673600404831,
2015-11,Banco de Crédito del Perú,47420409.140999995,8539650.53023118,76233190.034,37.79558599102242,
2015-11,Banco Financiero,4115171.9790000003,674316.0835803201,6390314.449,35.60298148326691,
2015-11,Banco Interamericano de Finanzas,5211954.711,860233.3369887375,8114381.995,35.768925911898734,
2015-11,Scotiabank Perú,23327800.663,4083761.029342027,37106410.379,37.13269371859765,
2015-11,Citibank,1626357.6860000002,216130.37907528155,2355581.588,30.957276356500362,
2015-11,Interbank,18046520.116,2126111.838767042,25220021.462,28.44367661149138,
2015-11,Mibanco,7475840.567,89018.35921754595,7776188.513,3.8624056695370452,
2015-11,Banco GNB,2635118.652,317682.54534676945,3706979.563,28.91467009147901,
2015-11,Banco Falabella Perú,3603220.0700000003,28102.47540011855,3698037.824,2.5640017358567646,
2015-11,Santander Perú S.A.,1421599.186,434989.4463544754,2889253.58,50.79700875545856,
2015-11,Banco Ripley,1444065.796,0.0,1444065.796,0.0,
2015-11,Banco Azteca,432858.254,0.0,432858.254,0.0,
2015-11,Deutsche Bank,0.0,0.0,0.0,,TOTAL_NO_POSITIVO
2015-11,B. Cencosud,410106.113,0.0,410106.113,0.0,
2015-11,B. ICBC,4518.0,34399.99970361588,120583.599,96.25322180008908,
